School name,State,City,Degree of urbanization,Number of applicants,Has Early Decision (ED) Plan?,Has Early Action (EA) Plan?,Acceptance rate,ED admit rate,EA admit rate,RD admit rate,Average GPA,GPA Weighted,Percent of students with GPA (4.0+),Percent of students with GPA (3.75-3.99),Percent of students with GPA (3.00-3.24),Percent of students with GPA (3.25-3.49),Percent of students with GPA (2.00-2.49),Percent of students with GPA (Below 1.00),Percent of students with GPA (2.50-2.99),Percent of students with GPA (3.50-3.74),ACT Composite 25th,ACT Composite 50th,ACT Composite 75th,ACT English 75th,ACT Reading 75th,ACT Reading 50th,ACT English 50th,ACT English 25th,ACT Reading 25th,ACT Math 25th,ACT Science 25th,ACT Science 50th,ACT Math 50th,ACT Math 75th,ACT Science 75th,Percentage of enrolled freshmen submitting ACT scores,SAT Reading 25th,SAT Reading 50th,SAT Reading 75th,SAT Math 75th,SAT Composite 50th,SAT Composite 75th,SAT Math 50th,SAT Math 25th,SAT Composite 25th,Percentage of enrolled freshmen submitting SAT scores,Percent Women,Percent Men,Percent Non-binary,Percent Hispanic/Latino,Percent Black or African American,Percent White or Caucasian,Percent American Indian or Alaska Native,Percent Asian,Percent Native Hawaiian or Pacific Islander,Percent Other,Published in-state tuition and fees,Published out-of-state tuition and fees,Total price for in-state students living on campus,Number of men enrolled,Number of women enrolled,Number of students enrolled,Estimated undergraduate enrollment full time,4 year graduation rate,Retention rate,6 year graduation rate,Average Aid Package: Freshmen without need receiving merit-based scholarships and grants (dollar amt),Average Aid Package: Freshmen without need receiving merit-based scholarships and grants (percentage),Average amount of institutional grant aid received by full-time first-time undergraduates,Average net price-students receiving grant or scholarship aid,Average amount of other federal grant aid received by full-time first-time undergraduates,Average amount of Pell grant aid received by full-time first-time undergraduates,Average amount of state/local grant aid received by full-time first-time undergraduates,Average amount of student loan aid received by full-time first-time undergraduates,Average amount of federal student loan aid received by full-time first-time undergraduates,Average amount of other student loan aid received by full-time first-time undergraduates,Average amount of federal  state  local or institutional grant aid received,Percent of full-time first-time undergraduates receiving any financial aid,Percent of full-time first-time undergraduates receiving federal state local or institutional grant aid,Percent of full-time first-time undergraduates receiving other federal grant aid,Percent of full-time first-time undergraduates receiving state/local grant aid,Percent of full-time first-time undergraduates receiving Pell grants,Percent of full-time first-time undergraduates receiving any loans to students or grant aid  from federal state/local government or the institution,Percent of full-time first-time undergraduates receiving institutional grant aid,Percent of full-time first-time undergraduates receiving federal student loans,Percent of full-time first-time undergraduates receiving student loan aid,Percent of full-time first-time undergraduates receiving other loan aid,Percent of full-time first-time undergraduates  receiving federal grant aid,Average net price (income over 110 000),"Average net price (income 75,001-110,000)","Average net price (income 48,001-75,000)","Average net price (income 30,001-48,000)","Average net price (income 0-30,000)",Student
Academy of Art University,---,San Francisco,---,"1,629",No,No,100%,---,---,100%,---,---,---,---,---,---,---,---,---,---,---,---,---,---,---,---,---,---,---,---,---,---,---,---,---,---,---,---,---,---,---,---,---,---,---,---,62%,38%,---,24%,15%,32%,1%,8%,1%,20%,"$31,384","$31,384","$74,206",44,72,---,"3,644",13%,75%,40%,"$3,891",16%,"$8,470","$36,591","$1,345","$4,193","$6,058","$6,426","$5,509","$33,028","$10,427",78%,64%,20%,9%,38%,75%,46%,55%,55%,2%,38%,"$41,099","$44,633","$40,285","$37,492","$37,962",
Adams State University,CO,Alamosa,Town: Remote,"1,697",No,No,31%,---,---,31%,3.2,No,11.30%,12.90%,10.30%,14.50%,13.90%,---,23.50%,9.70%,18,---,22,21,---,---,---,17,---,15,---,---,---,25,---,2%,440,---,540,530,---,---,---,415,---,13%,47%,53%,---,34%,9%,38%,2%,1%,1%,15%,"$12,751","$22,399","$23,501",163,144,---,"1,749",28%,56%,32%,---,---,"$4,805","$13,800","$1,695","$4,923","$5,408","$6,454","$5,163","$14,387","$9,393",96%,91%,6%,42%,49%,96%,76%,51%,52%,5%,49%,"$21,092","$19,496","$13,658","$10,511","$10,130",
Adelphi University,NY,Garden City,Suburb: Large,"19,705",No,Yes,66%,---,69%,63%,3.7,No,31%,15%,10%,21%,1%,---,7%,16%,24,28,30,33,---,---,29,23,---,22,---,---,26,27,---,2%,550,610,660,660,1210,1310,600,550,1140,19%,70%,30%,---,24%,11%,43%,---,14%,---,7%,"$52,050","$52,050","$78,890",406,930,"1,377","5,325",57%,82%,67%,"$27,770",77%,"$25,658","$28,671","$1,414","$5,354","$3,134","$7,955","$5,322","$20,293","$28,776",95%,94%,14%,41%,34%,95%,92%,66%,67%,9%,34%,"$32,093","$29,583","$28,183","$24,621","$22,149",
Adrian College,MI,Adrian,Town: Distant,"3,050",No,No,68%,---,---,68%,3.2,No,8%,10%,16%,12%,12%,---,19%,20%,18,23,26,23,---,---,20,17,---,16,---,---,23,25,---,6%,455,500,570,550,1000,1120,500,425,880,24%,39%,61%,---,7%,7%,66%,---,1%,---,19%,"$42,782","$42,782","$57,306",294,190,484,"1,678",40%,60%,52%,"$15,800",100%,"$28,675","$22,053",$944,"$5,425","$4,197","$7,600","$5,024","$14,218","$32,923",99%,99%,36%,39%,40%,99%,99%,79%,79%,14%,40%,"$26,926","$24,062","$19,528","$15,581","$15,688",
AdventHealth University,FL,Orlando,City: Large,"1,453",Yes,No,23%,88%,---,6%,3.25,---,---,---,---,---,---,---,---,---,---,---,---,---,---,---,---,---,---,---,---,---,---,---,---,---,---,---,---,---,---,---,---,---,---,---,85%,15%,---,37%,17%,34%,---,4%,---,6%,"$21,780","$21,780","$46,623",14,80,---,"1,407",38%,64%,52%,"$6,666",42%,"$5,432","$30,340",$400,"$3,439","$3,821","$9,385","$8,654","$5,846","$7,707",93%,80%,22%,5%,44%,85%,76%,59%,59%,7%,44%,"$35,708",---,"$31,029","$30,931","$29,906",
Agnes Scott College,GA,Decatur,Suburb: Large,"2,090",Yes,Yes,62%,53%,---,62%,3.71,No,21.10%,30.60%,4.80%,16.70%,---,---,1.40%,25.40%,25,29,31,---,---,---,---,---,---,---,---,---,---,---,---,18%,620,660,700,640,1270,1350,610,540,1180,27%,100%,---,---,14%,33%,41%,---,4%,---,8%,"$52,552","$52,552","$68,622",---,209,241,843,63%,81%,71%,"$37,277",100%,"$29,797","$25,609","$2,008","$5,420","$5,324","$8,254","$5,280","$11,664","$35,158",100%,100%,10%,57%,39%,100%,100%,54%,54%,14%,39%,"$28,583","$25,806","$22,407","$22,896","$20,042",
Alaska Pacific University,AK,Anchorage,City: Large,827,No,No,86%,---,---,86%,---,---,---,---,---,---,---,---,---,---,---,---,---,---,---,---,---,---,---,---,---,---,---,---,---,---,---,---,---,---,---,---,---,---,---,---,76%,24%,---,9%,3%,35%,22%,7%,1%,22%,"$20,860","$20,860","$40,861",6,19,27,437,3%,50%,47%,---,---,"$8,797","$23,667","$2,000","$4,202","$4,663","$5,893","$5,893",---,"$12,875",96%,96%,4%,30%,52%,96%,96%,30%,30%,---,52%,---,"$23,460","$18,313","$15,564","$18,371",
Albany College of Pharmacy and Health Sciences,NY,Albany,City: Small,"2,826",No,No,53%,---,---,53%,3.52,No,---,74%,4%,5%,---,---,---,17%,28,31,33,---,---,---,---,---,---,---,---,---,---,---,---,6%,560,630,680,700,1270,1380,640,560,1120,35%,62%,38%,---,1%,17%,48%,2%,24%,---,7%,"$42,325","$42,325","$55,425",38,61,134,533,44%,86%,60%,"$23,394",300%,"$22,029","$26,804","$2,019","$5,477","$1,968","$14,171","$8,827","$21,513","$25,414",100%,100%,33%,61%,33%,100%,100%,92%,93%,23%,33%,"$30,708","$23,715","$22,173","$23,891","$15,549",
Albion College,MI,Albion,Town: Fringe,"6,421",No,Yes,81%,---,59%,84%,3.43,No,11.20%,24.20%,13.40%,14.80%,3.20%,---,17.70%,14.80%,---,---,---,---,---,---,---,---,---,---,---,---,---,---,---,---,---,---,---,---,---,---,---,---,---,---,49%,51%,---,13%,16%,57%,---,1%,---,12%,"$58,500","$58,500","$73,130",173,167,363,"1,308",48%,71%,62%,"$43,999",97%,"$46,051","$18,470",$962,"$5,597","$2,999","$6,919","$5,396","$13,437","$50,344",100%,100%,28%,45%,47%,100%,100%,70%,70%,8%,47%,"$25,793","$20,176","$14,936","$10,541","$11,241",
Albright College,PA,Reading,City: Small,"5,366",No,No,86%,---,---,86%,3.05,No,---,---,---,---,---,---,---,---,---,---,---,---,---,---,---,---,---,---,---,---,---,---,---,19%,---,---,---,---,---,---,---,---,---,---,52%,44%,4%,21%,22%,46%,---,3%,---,8%,"$32,146","$32,146","$47,322",160,188,348,"1,328",41%,63%,48%,"$26,296",96%,"$17,446","$22,116","$1,125","$5,405","$4,906","$7,489","$5,425","$14,543","$22,201",100%,100%,3%,37%,53%,100%,100%,78%,79%,12%,54%,"$28,680","$24,273","$22,071","$17,524","$16,982",
Alfred University,NY,Alfred,Town: Remote,"4,988",No,Yes,74%,---,---,74%,3.5,No,26.03%,13.97%,12.60%,8.77%,4.38%,---,15.34%,18.63%,24,27,29,31,---,---,26,21,---,23,---,---,26,27,---,4%,555,600,660,650,1190,1280,590,540,1100,26%,53%,47%,---,12%,8%,70%,---,2%,1%,9%,"$43,570","$43,570","$63,800",171,194,432,"1,474",44%,78%,57%,"$23,726",42%,"$24,615","$26,127",$740,"$5,001","$3,433","$7,509","$4,914","$4,323","$28,371",99%,99%,41%,39%,41%,99%,99%,68%,69%,43%,41%,"$27,120","$27,943","$23,315","$18,570","$15,458",
Allegheny College,PA,Meadville,Town: Distant,"5,757",Yes,Yes,55%,31%,---,55%,3.45,No,9.40%,24.10%,14%,14.30%,2.30%,---,16.30%,19.20%,24,29,30,32,---,---,28,25.5,---,22.5,---,---,25,27.25,---,8.60%,610,640,690,665,1250,1350,610,565,1140,29.10%,48%,52%,---,7%,10%,73%,---,3%,---,7%,"$58,160","$58,160","$76,590",170,155,283,"1,171",67%,78%,73%,"$34,775",100%,"$40,241","$27,929","$6,155","$5,026","$4,523","$7,475","$5,029","$14,091","$42,682",100%,100%,18%,22%,31%,100%,97%,79%,80%,14%,31%,"$28,466","$21,833","$15,476","$14,616","$12,227",
Alliant International University-San Diego,---,San Diego,---,1,No,No,---,---,---,---,---,No,---,---,---,---,---,---,---,---,---,---,---,---,---,---,---,---,---,---,---,---,---,---,---,---,---,---,---,---,---,---,---,---,---,---,---,---,---,38%,6%,43%,1%,5%,---,6%,"$19,230","$19,230","$49,368",---,---,---,355,---,---,---,---,---,---,---,---,"$2,500",---,---,---,---,---,---,---,---,---,---,---,---,---,---,---,---,---,---,---,---,---,
Alverno College,WI,Milwaukee,City: Large,634,No,No,84%,---,---,84%,2.98,No,1.14%,12.50%,13.64%,12.50%,22.73%,---,28.41%,7.95%,---,---,---,---,---,---,---,---,---,---,---,---,---,---,---,---,---,---,---,---,---,---,---,---,---,---,95%,---,5%,42%,19%,27%,1%,5%,---,6%,"$35,112","$35,112","$46,262",---,88,150,673,29%,61%,51%,"$8,179",85%,"$20,083","$17,884","$1,275","$4,961","$3,794","$5,334","$4,775","$11,320","$26,617",100%,100%,43%,69%,65%,100%,99%,47%,48%,3%,68%,"$17,577","$17,449","$19,307","$15,885","$15,889",
American Conservatory Theater,CA,San Francisco,City: Large,---,---,---,---,---,---,---,---,---,---,---,---,---,---,---,---,---,---,---,---,---,---,---,---,---,---,---,---,---,---,---,---,---,---,---,---,---,---,---,---,---,---,---,---,---,---,17%,17%,17%,---,17%,---,33%,---,---,---,---,---,---,---,---,---,---,---,---,---,---,---,---,---,---,---,---,---,---,---,---,---,---,---,---,---,---,---,---,---,---,---,---,---,
American International College,MA,Springfield,City: Midsize,"2,257",No,No,97%,---,---,97%,2.91,No,---,---,---,---,---,---,---,---,17,---,22,---,---,---,---,---,---,---,---,---,---,---,---,4%,---,---,---,---,---,---,---,---,---,---,39%,61%,---,26%,28%,37%,---,1%,2%,6%,"$45,530","$45,530","$65,760",167,108,277,"1,331",28%,68%,37%,---,---,"$30,164","$21,454","$2,337","$5,077","$3,536","$7,210","$5,559","$13,018","$34,009",98%,98%,8%,26%,52%,98%,98%,84%,84%,11%,52%,"$37,851","$21,847","$21,234","$19,398","$17,645",
American University,DC,Washington,City: Large,"17,154",Yes,Yes,62%,80%,---,61%,---,---,---,---,---,---,---,---,---,---,29,31,32,35,---,---,33,28,---,25,---,---,27,29,---,8%,660,710,740,710,1380,1450,670,620,1300,22%,60%,40%,---,15%,9%,59%,---,8%,---,10%,"$61,720","$61,720","$85,546",654,"1,001","1,856","7,476",67%,88%,75%,"$13,691",54%,"$30,259","$40,189","$1,957","$5,135",$525,"$9,121","$5,111","$30,157","$31,402",82%,62%,1%,2%,15%,70%,62%,42%,43%,6%,15%,"$53,257","$34,587","$23,477","$18,630","$21,176",
American University of Health Sciences,---,Signal Hill,---,1,No,No,100%,---,---,100%,2.5,No,---,---,---,---,---,---,---,---,---,---,---,---,---,---,---,---,---,---,---,---,---,---,---,---,---,---,---,---,---,---,---,---,---,---,---,100%,---,31%,11%,4%,1%,46%,3%,3%,"$21,420","$21,420","$21,420",1,---,1,364,67%,83%,67%,---,---,---,---,---,"$4,597",---,---,---,---,---,---,---,---,---,---,---,---,---,---,---,---,---,---,---,---,---,
Amherst College,MA,Amherst,Suburb: Large,"13,742",Yes,No,9%,29%,---,8%,---,---,---,---,---,---,---,---,---,---,33,33,35,36,---,---,35,34,---,32,---,---,31,35,---,22%,740,740,780,800,1500,1550,760,750,1360,39%,55%,42%,3%,16%,10%,42%,---,19%,---,13%,"$73,830","$73,830","$95,530",207,269,488,"1,914",75%,97%,94%,---,---,"$63,167","$17,965",$992,"$5,485","$3,524","$9,823","$5,192","$15,657","$65,623",65%,58%,16%,4%,21%,59%,58%,5%,7%,3%,21%,"$50,358","$20,179","$6,112","$1,868","$1,888",
Antioch College,OH,Yellow Springs,Town: Fringe,139,---,---,89%,---,---,89%,---,---,---,---,---,---,---,---,---,---,---,---,---,---,---,---,---,---,---,---,---,---,---,---,---,---,---,---,---,---,---,---,---,---,---,20%,72%,28%,---,17%,12%,48%,2%,5%,---,17%,"$36,993","$36,993","$53,533",5,13,35,124,26%,72%,41%,"$28,885",100%,"$34,367","$10,979",$951,"$5,297","$3,450","$4,064","$4,064",---,"$39,404",100%,100%,33%,30%,77%,100%,100%,73%,73%,---,77%,"$6,602","$6,602","$6,602","$6,602","$6,602",
Antioch University-Los Angeles,CA,Culver City,Suburb: Large,10,No,No,80%,---,---,80%,---,---,---,---,---,---,---,---,---,---,---,---,---,---,---,---,---,---,---,---,---,---,---,---,---,---,---,---,---,---,---,---,---,---,---,---,---,---,---,14%,7%,52%,---,9%,---,19%,"$26,720","$26,720","$69,172",---,---,---,61,---,---,---,---,---,---,---,---,"$4,261",---,---,---,---,---,---,---,---,---,---,---,---,---,---,---,---,---,---,---,---,---,
Antioch University-Santa Barbara,CA,Santa Barbara,City: Small,10,No,No,80%,---,---,80%,---,---,---,---,---,---,---,---,---,---,---,---,---,---,---,---,---,---,---,---,---,---,---,---,---,---,---,---,---,---,---,---,---,---,---,---,---,---,---,37%,4%,43%,2%,2%,---,12%,"$26,080","$26,080","$68,532",---,---,---,52,---,---,---,---,---,---,---,---,"$4,808",---,---,---,---,---,---,---,---,---,---,---,---,---,---,---,---,---,---,---,---,---,
Antioch University-Seattle,WA,Seattle,City: Large,10,No,No,80%,---,---,80%,---,---,---,---,---,---,---,---,---,---,---,---,---,---,---,---,---,---,---,---,---,---,---,---,---,---,---,---,---,---,---,---,---,---,---,---,---,---,---,7%,5%,43%,1%,4%,1%,38%,"$26,260","$26,260","$69,468",---,---,---,81,---,---,---,---,---,---,---,---,"$4,246",---,---,---,---,---,---,---,---,---,---,---,---,---,---,---,---,---,---,---,---,---,
Arcadia University,PA,Glenside,Suburb: Large,"10,163",---,---,80%,---,---,80%,3.33,No,8%,17%,15%,16%,8%,---,15%,21%,26,28,30,35,---,---,30,24,---,19,---,---,23,27,---,1%,550,600,650,615,1195,1310,595,515,1083,9%,64%,36%,---,12%,18%,58%,1%,4%,---,7%,"$50,940","$50,940","$71,450",216,378,420,"2,030",58%,79%,67%,"$17,183",468%,"$30,989","$26,994",$965,"$5,197","$4,539","$10,422","$5,495","$17,970","$34,234",100%,100%,12%,32%,32%,100%,100%,75%,76%,21%,32%,"$31,115","$27,220","$21,027","$20,872","$18,744",
Argosy University-Hawaii,---,Honolulu,---,---,---,---,---,---,---,---,---,---,---,---,---,---,---,---,---,---,---,---,---,---,---,---,---,---,---,---,---,---,---,---,---,---,---,---,---,---,---,---,---,---,---,---,---,---,---,---,---,---,---,---,---,---,---,---,---,---,---,---,---,---,---,---,---,---,---,---,---,---,---,---,---,---,---,---,---,---,---,---,---,---,---,---,---,---,---,---,---,---,---,
Argosy University-Los Angeles,---,Los Angeles,---,---,---,---,---,---,---,---,---,---,---,---,---,---,---,---,---,---,---,---,---,---,---,---,---,---,---,---,---,---,---,---,---,---,---,---,---,---,---,---,---,---,---,---,---,---,---,---,---,---,---,---,---,---,---,---,---,---,---,---,---,---,---,---,---,---,---,---,---,---,---,---,---,---,---,---,---,---,---,---,---,---,---,---,---,---,---,---,---,---,---,
Argosy University-Orange County,---,Orange,---,---,---,---,---,---,---,---,---,---,---,---,---,---,---,---,---,---,---,---,---,---,---,---,---,---,---,---,---,---,---,---,---,---,---,---,---,---,---,---,---,---,---,---,---,---,---,---,---,---,---,---,---,---,---,---,---,---,---,---,---,---,---,---,---,---,---,---,---,---,---,---,---,---,---,---,---,---,---,---,---,---,---,---,---,---,---,---,---,---,---,
Argosy University-Phoenix,---,Phoenix,---,---,---,---,---,---,---,---,---,---,---,---,---,---,---,---,---,---,---,---,---,---,---,---,---,---,---,---,---,---,---,---,---,---,---,---,---,---,---,---,---,---,---,---,---,---,---,---,---,---,---,---,---,---,---,---,---,---,---,---,---,---,---,---,---,---,---,---,---,---,---,---,---,---,---,---,---,---,---,---,---,---,---,---,---,---,---,---,---,---,---,
Argosy University-Seattle,---,Seattle,---,---,---,---,---,---,---,---,---,---,---,---,---,---,---,---,---,---,---,---,---,---,---,---,---,---,---,---,---,---,---,---,---,---,---,---,---,---,---,---,---,---,---,---,---,---,---,---,---,---,---,---,---,---,---,---,---,---,---,---,---,---,---,---,---,---,---,---,---,---,---,---,---,---,---,---,---,---,---,---,---,---,---,---,---,---,---,---,---,---,---,
Arizona College of Nursing-Tempe,---,Glendale,---,86,---,---,100%,---,---,100%,---,---,---,---,---,---,---,---,---,---,---,---,---,---,---,---,---,---,---,---,---,---,---,---,---,---,---,---,---,---,---,---,---,---,---,---,81%,19%,---,47%,19%,21%,4%,2%,1%,6%,"$24,853","$24,853","$24,853",12,52,39,306,60%,64%,60%,---,---,---,"$30,709",$608,"$5,995",---,"$17,284","$7,456","$11,764","$6,685",100%,50%,38%,---,50%,100%,---,94%,100%,88%,50%,"$35,067","$34,344","$35,067","$30,832","$26,114",
Arizona State University,AZ,Tempe,City: Midsize,"70,928",No,No,90%,---,---,90%,3.53,No,9.30%,27.80%,13.40%,16.50%,1.20%,---,9.10%,22.70%,---,---,---,---,---,---,---,---,---,---,---,---,---,---,---,---,---,---,---,---,---,---,---,---,---,---,52%,48%,---,29%,5%,45%,1%,10%,---,10%,"$12,975","$35,167","$36,114","6,777","7,204","14,102","65,450",56%,87%,70%,"$8,687",80%,"$9,787","$16,401","$1,065","$5,434","$4,558","$8,308","$5,213","$25,944","$11,992",93%,89%,14%,14%,29%,92%,85%,29%,30%,4%,29%,"$21,772","$19,651","$15,764","$10,562","$8,909",
Arkansas State University,AR,Jonesboro,City: Small,"11,568",No,No,80%,---,---,80%,3.49,No,17%,19.37%,13.25%,15.83%,2.68%,1.11%,11.94%,18.36%,18,22,24,25,---,---,23,17,---,16,---,---,21,23,---,78.05%,490,550,570,620,1100,1180,550,475,1030,2.53%,60%,40%,---,6%,16%,69%,---,1%,---,8%,"$8,354","$15,002","$27,914",674,998,"1,660","9,985",41%,78%,53%,"$9,413",6%,"$7,720","$13,002",$839,"$5,139","$1,802","$5,705","$5,115","$9,157","$10,720",96%,95%,9%,60%,41%,96%,87%,45%,45%,3%,42%,"$17,431","$15,587","$14,092","$11,300","$9,806",
Art Center College of Design,CA,Pasadena,City: Midsize,"1,461",No,Yes,76%,---,---,76%,3.84,---,---,---,---,---,---,---,---,---,---,---,---,---,---,---,---,---,---,---,---,---,---,---,---,---,---,---,---,---,---,---,---,---,---,---,66%,34%,---,17%,2%,18%,---,53%,---,9%,"$56,308","$56,308","$86,804",116,227,322,"2,040",35%,86%,79%,---,---,"$14,716","$53,306","$1,019","$5,171","$9,131","$8,260","$5,326","$35,868","$18,219",70%,66%,19%,12%,20%,70%,65%,35%,35%,3%,20%,"$60,976","$52,165","$46,301","$40,905","$42,545",
Ashford University,---,Clinton,---,"1,436",No,No,79%,---,---,79%,---,---,---,---,---,---,---,---,---,---,15,---,21,---,---,---,---,---,---,---,---,---,---,---,---,98%,---,---,---,---,---,---,---,---,---,---,59%,41%,---,21%,28%,40%,1%,3%,1%,6%,"$11,960","$11,960","$37,760",245,347,---,"24,949",1%,31%,20%,---,---,"$2,157","$25,771",$663,"$4,038",---,"$6,157","$6,157",---,"$5,234",100%,100%,28%,---,64%,100%,100%,64%,64%,---,66%,"$27,097","$28,812","$26,377","$24,745","$25,193",
Aspen University,---,Denver,---,8,No,No,88%,---,---,88%,---,No,---,---,---,---,---,---,---,---,---,---,---,---,---,---,---,---,---,---,---,---,---,---,---,---,---,---,---,---,---,---,---,---,---,---,---,---,---,13%,21%,52%,1%,5%,1%,8%,"$6,900","$6,900","$10,950",---,---,---,"2,398",---,100%,---,---,---,---,---,---,"$4,190",---,---,---,---,---,---,---,---,---,---,---,---,---,---,---,---,---,---,---,---,---,
Assumption University,MA,Worcester,City: Midsize,"5,898",Yes,Yes,83%,63%,92%,72%,3.56,No,17.70%,19.60%,13%,18.60%,1%,---,10.30%,19.60%,---,---,---,---,---,---,---,---,---,---,---,---,---,---,---,---,---,---,---,---,---,---,---,---,---,---,56%,44%,---,14%,6%,73%,---,2%,---,4%,"$53,420","$53,420","$72,564",219,278,479,"1,713",69%,84%,75%,"$30,162",95%,"$30,809","$29,072","$1,570","$4,957","$3,340","$9,266","$5,390","$18,771","$32,759",100%,100%,12%,21%,21%,100%,100%,92%,92%,19%,21%,"$32,130","$28,551","$25,004","$17,319","$18,025",
Auburn University,AL,Auburn University,City: Small,"55,054",No,Yes,46%,---,---,46%,4.09,Yes,63.98%,19.88%,1.41%,3.83%,0.08%,---,0.29%,10.52%,26,28,31,33,---,---,28,25,---,24,---,---,26,29,---,76%,630,660,690,700,1310,1380,650,620,1240,16%,54%,46%,---,5%,4%,84%,---,3%,---,4%,"$13,318","$36,022","$38,048","2,807","3,274","5,935","27,907",60%,95%,82%,"$8,190",59%,"$10,827","$24,524",$960,"$5,145","$3,089","$9,169","$5,228","$24,373","$11,644",81%,75%,5%,4%,12%,81%,73%,27%,28%,5%,12%,"$29,310","$26,957","$21,834","$17,633","$16,332",
Augustana College,IL,Rock Island,City: Small,"7,857",Yes,Yes,63%,90%,83%,46%,3.44,No,5.70%,23.30%,15.90%,18.60%,1.80%,---,13.80%,20.70%,21,24,29,29,---,---,23,21,---,19,---,---,23,28,---,14%,520,560,630,640,1120,1250,560,510,1010,56%,52%,48%,---,16%,6%,68%,---,3%,---,7%,"$53,346","$53,346","$72,108",319,344,723,"2,522",66%,82%,73%,"$36,438",100%,"$33,822","$24,695",$609,"$4,989","$6,765","$7,905","$5,276","$7,053","$36,474",100%,100%,22%,21%,21%,100%,100%,55%,56%,22%,22%,"$6,658","$20,075","$17,567","$14,949","$15,549",
Austin College,TX,Sherman,City: Small,"5,282",Yes,Yes,48%,---,---,48%,3.59,No,8.17%,29.58%,11.27%,24.51%,---,---,3.09%,23.38%,23,29,29,28,---,---,29,21,---,20.5,---,---,25,26,---,8%,550,620,660,650,1230,1340,610,550,1170,24%,47%,51%,2%,29%,8%,47%,1%,9%,---,6%,"$50,014","$50,014","$67,613",181,166,296,"1,167",63%,79%,67%,"$35,546",100%,"$31,241","$24,777",$984,"$5,233","$3,646","$9,149","$5,337","$15,082","$35,022",100%,100%,29%,47%,33%,100%,100%,55%,57%,15%,33%,"$27,503","$28,185","$22,351","$18,021","$19,701",
Azusa Pacific University,CA,Azusa,Suburb: Large,"3,826",No,Yes,80%,---,---,80%,3.74,No,---,54%,9%,11%,3%,---,9%,14%,18,24,26,25,---,---,23,20,---,16,---,---,23,28,---,4%,512,590,657,657,1145,1314,555,482,994,13%,68%,32%,---,40%,7%,27%,---,15%,1%,10%,"$45,340","$45,340","$65,590",133,281,420,"2,996",49%,83%,64%,"$10,044",37%,"$23,675","$26,117","$1,497","$5,050","$8,682","$6,032","$5,133","$11,727","$28,652",100%,100%,27%,34%,32%,100%,99%,41%,42%,4%,32%,"$23,832","$21,641","$20,848","$19,271","$17,839",
Babson College,MA,Wellesley,Suburb: Large,"9,381",Yes,Yes,17%,28%,---,16%,---,---,---,---,---,---,---,---,---,---,31,31,34,35,---,---,33,32,---,31,---,---,31,34,---,3%,670,690,740,790,1440,1500,750,720,1380,22%,49%,51%,---,24%,7%,38%,---,18%,---,13%,"$58,560","$58,560","$85,416",321,304,626,"2,793",83%,95%,93%,"$27,174",7%,"$45,223","$30,220","$1,786","$5,696","$3,833","$10,824","$4,132","$30,505","$47,028",45%,36%,6%,2%,14%,43%,36%,27%,29%,7%,14%,"$58,685","$35,383","$21,924","$14,369","$21,270",
Bakersfield College,CA,Bakersfield,City: Large,"3,850",No,No,79%,---,---,79%,---,---,---,---,---,---,---,---,---,---,---,---,---,---,---,---,---,---,---,---,---,---,---,---,---,---,---,---,---,---,---,---,---,---,---,---,60%,40%,---,65%,6%,21%,---,4%,---,4%,"$1,430","$11,510","$25,748",235,358,---,"30,410",---,---,---,---,---,$773,"$5,892",$931,"$4,270","$2,910","$5,974","$5,320","$13,822","$7,923",84%,84%,61%,81%,65%,84%,20%,1%,1%,---,73%,"$12,508","$10,237","$7,190","$4,254","$4,126",
Bard College,NY,Annandale-On-Hudson,Town: Fringe,"7,583",Yes,Yes,52%,---,---,52%,---,---,---,---,---,---,---,---,---,---,30,31,32,35,---,---,32,31,---,25,---,---,27,30,---,7%,670,710,740,700,1370,1440,660,620,1290,13%,63%,37%,---,15%,7%,62%,---,4%,---,11%,"$69,672","$69,672","$89,472",183,317,402,"2,037",53%,85%,67%,"$34,750",3%,"$54,213","$25,218","$1,128","$5,371","$3,732","$7,145","$6,150","$17,841","$56,380",84%,77%,16%,13%,20%,84%,77%,47%,47%,3%,36%,"$43,347","$26,909","$19,816","$17,710","$13,609",
Bard College at Simon's Rock,MA,Great Barrington,Town: Distant,191,---,No,97%,---,---,97%,3.54,No,---,---,---,---,---,---,---,---,---,---,---,---,---,---,---,---,---,---,---,---,---,---,---,---,---,---,---,---,---,---,---,---,---,---,62%,38%,---,9%,10%,53%,1%,8%,7%,13%,"$69,320","$69,320","$89,120",39,64,102,313,12%,77%,23%,"$7,546",32%,"$36,518","$45,395",$730,"$5,084","$1,000","$6,413","$4,933","$20,625","$37,292",100%,100%,20%,1%,21%,100%,99%,51%,56%,5%,41%,"$43,758","$37,425","$24,431","$25,473","$34,687",
Barnard College,NY,New York,City: Large,"11,803",Yes,No,8%,26%,---,5%,4.13,Yes,55%,37%,---,2%,---,---,---,6%,32,33,34,35,---,---,35,33,---,29,---,---,31,34,---,15%,730,750,770,790,1510,1550,760,740,1453,35%,100%,---,---,17%,7%,38%,---,26%,---,12%,"$73,033","$73,033","$99,824",---,710,711,"3,269",80%,97%,93%,---,---,"$52,716","$27,738","$2,940","$5,601","$3,098","$7,781","$4,838","$22,861","$56,190",62%,48%,24%,20%,10%,60%,47%,57%,58%,8%,34%,"$58,447","$24,152","$17,279","$9,011","$14,486",
Bastyr University,WA,Kenmore,Suburb: Large,"9,530",Yes,No,76%,---,---,76%,---,---,---,---,---,---,---,---,---,---,---,---,---,---,---,---,---,---,---,---,---,---,---,---,---,---,---,---,---,---,---,---,---,---,---,---,---,---,---,3%,5%,59%,1%,24%,1%,7%,"$31,514","$31,514","$35,414",---,---,---,58,---,---,---,---,---,---,---,---,"$4,054",---,---,---,---,---,---,---,---,---,---,---,---,---,---,---,---,---,---,---,---,---,
Bates College,ME,Lewiston,City: Small,"10,027",Yes,No,13%,27%,---,12%,---,---,---,---,---,---,---,---,---,---,30,32,33,---,---,---,---,---,---,---,---,---,---,---,---,4.71%,690,720,745,770,1450,1510,730,690,1400,14.96%,54%,46%,---,10%,5%,68%,---,7%,---,10%,"$70,146","$70,146","$92,080",216,255,505,"1,760",82%,91%,97%,---,---,"$52,664","$26,658",---,"$5,418","$2,500","$10,278","$4,567","$28,121","$53,782",47%,44%,---,1%,12%,47%,44%,15%,18%,4%,12%,"$49,109","$22,744","$8,602","$6,296","$4,263",
Bay Path University,MA,Longmeadow,Suburb: Large,821,No,Yes,74%,---,---,74%,3.4,No,---,---,---,---,---,---,---,---,---,---,---,---,---,---,---,---,---,---,---,---,---,---,---,---,---,---,---,---,---,---,---,---,---,4%,100%,---,---,25%,12%,47%,---,2%,---,13%,"$39,061","$39,061","$56,214",---,125,111,"1,278",46%,69%,47%,"$18,052",100%,"$25,496","$14,935","$2,456","$4,065","$4,167","$7,206","$5,690","$12,268","$32,227",86%,86%,29%,45%,54%,86%,86%,64%,64%,8%,54%,"$25,198","$25,076","$12,851","$10,976","$10,194",
Baylor University,TX,Waco,City: Midsize,"46,946",Yes,Yes,51%,77%,---,51%,---,---,---,---,---,---,---,---,---,---,25,29,31,34,---,---,30,24,---,24,---,---,27,29,---,23.43%,580,650,680,680,1290,1400,640,570,1210,43.95%,58%,42%,---,18%,6%,61%,---,9%,---,6%,"$63,820","$63,820","$85,934","1,421","2,000","3,317","14,915",68%,91%,80%,"$17,382",93%,"$19,350","$49,727","$1,971","$5,106","$3,670","$16,353","$5,315","$28,566","$20,409",98%,97%,9%,15%,9%,98%,97%,39%,41%,16%,9%,"$47,442","$37,708","$32,236","$30,348","$30,674",
Beacon College,FL,Leesburg,Suburb: Midsize,674,No,No,17%,---,---,17%,3.3,No,5%,18%,11%,13%,14%,---,17%,29%,---,---,---,---,---,---,---,---,---,---,---,---,---,---,---,---,---,---,---,---,---,---,---,---,---,---,36%,64%,---,9%,15%,68%,1%,4%,---,3%,"$54,256","$54,256","$70,788",72,41,126,531,57%,85%,58%,"$8,000",22%,"$17,957","$47,664","$5,796","$5,386","$6,894","$5,476","$5,476",---,"$21,203",97%,97%,7%,35%,14%,97%,95%,30%,30%,---,15%,"$45,193","$33,590","$23,282","$33,856","$28,819",
Bellingham Technical College,WA,Bellingham,City: Small,"6,820",No,No,17%,---,---,17%,---,No,---,---,---,---,---,---,---,---,---,---,---,---,---,---,---,---,---,---,---,---,---,---,---,---,---,---,---,---,---,---,---,---,---,---,41%,59%,---,17%,2%,59%,1%,6%,---,16%,"$3,398","$4,329","$22,028",152,106,---,"1,850",---,---,---,---,---,"$1,566","$7,517","$2,237","$4,301","$4,850","$6,458","$5,817","$10,514","$9,416",71%,48%,43%,40%,28%,55%,20%,8%,9%,1%,44%,"$14,885","$11,503","$7,399","$6,945","$2,121",
Beloit College,WI,Beloit,City: Small,"3,853",No,Yes,63%,---,78%,53%,3.47,No,8.10%,20.80%,19.90%,16.70%,0.90%,---,10.40%,23.10%,25.5,29,31,32.5,---,---,28,26,---,25,---,---,26,30,---,9%,630,680,720,640,1280,1360,600,580,1210,8%,46%,54%,---,20%,9%,61%,---,3%,---,7%,"$62,586","$62,586","$77,748",121,103,216,"1,004",54%,81%,71%,"$44,777",100%,"$41,931","$24,941",$526,"$4,957","$3,933","$6,879","$5,270","$3,987","$43,844",100%,100%,30%,6%,31%,100%,100%,49%,64%,46%,31%,"$28,465","$25,700","$18,491","$17,610","$16,637",
Bennett College,NC,Greensboro,City: Large,723,No,No,34%,---,---,34%,---,---,---,---,---,---,---,---,---,---,---,---,---,---,---,---,---,---,---,---,---,---,---,---,---,8%,453,465,508,438,890,946,425,405,858,12%,100%,---,---,3%,57%,1%,1%,1%,---,39%,"$19,140","$19,140","$28,640",---,49,49,195,19%,90%,32%,"$4,000",20%,"$13,159","$20,928","$1,100","$5,765","$5,940","$6,444","$5,990","$10,000","$18,972",100%,100%,43%,20%,80%,100%,93%,73%,73%,3%,80%,---,"$22,400","$24,156","$26,755","$21,663",
Bennington College,VT,Bennington,Town: Distant,"2,996",Yes,Yes,45%,15%,56%,40%,3.53,No,1.30%,32.90%,9.30%,10.50%,2.60%,---,7.90%,34.20%,30,30,32,33,---,---,35,31,---,23,---,---,29,26,---,3.90%,703,715,750,653,1350,1413,635,588,1290,10.40%,78%,22%,---,10%,5%,73%,---,3%,---,9%,"$68,746","$68,746","$93,922",33,120,216,797,60%,82%,71%,"$45,451",98%,"$46,418","$35,108","$3,053","$5,228","$3,658","$6,503","$5,052","$13,006","$47,860",99%,98%,9%,1%,20%,99%,98%,56%,57%,7%,20%,"$43,365","$30,794","$26,325","$18,334","$18,950",
Bentley University,MA,Waltham,City: Small,"11,012",Yes,No,45%,61%,---,44%,---,---,---,---,---,---,---,---,---,---,28,31,31,34,---,---,31,29,---,25,---,---,29,32,---,2%,630,650,700,730,1330,1410,680,650,1250,19%,41%,59%,---,17%,5%,61%,---,12%,---,5%,"$63,890","$63,890","$87,570",618,436,"1,120","4,526",80%,93%,87%,"$21,176",75%,"$31,341","$43,858","$1,506","$5,376","$3,006","$11,438","$5,369","$25,833","$33,293",88%,86%,17%,16%,18%,87%,85%,45%,47%,12%,18%,"$49,750","$35,581","$25,331","$23,482","$24,239",
Berklee College of Music,MA,Boston,City: Large,"7,050",No,Yes,44%,---,---,44%,---,---,---,---,---,---,---,---,---,---,---,---,---,---,---,---,---,---,---,---,---,---,---,---,---,---,---,---,---,---,---,---,---,---,---,---,47%,53%,---,19%,9%,54%,---,8%,---,9%,"$54,000","$54,000","$78,460",678,610,"1,502","7,549",50%,89%,67%,"$21,810",74%,"$21,593","$48,608","$1,977","$4,582","$1,405","$14,769","$5,362","$35,881","$21,587",78%,69%,6%,1%,11%,78%,66%,32%,33%,9%,11%,"$56,371","$50,150","$46,723","$39,205","$38,537",
Berry College,GA,Mount Berry,Suburb: Small,"6,544",No,Yes,64%,---,78%,54%,3.87,No,44%,21%,6%,11%,---,---,1%,17%,22,26,28,29,---,---,26,21,---,20,---,---,25,26,---,15%,580,620,680,650,1190,1278,570,545,1100,4%,63%,36%,1%,11%,9%,72%,---,3%,---,5%,"$42,886","$42,886","$60,890",224,388,577,"2,254",62%,84%,69%,"$22,271",100%,"$24,635","$25,383","$2,832","$5,196","$5,629","$8,916","$5,278","$12,918","$30,393",100%,100%,9%,74%,26%,100%,100%,42%,44%,13%,26%,"$28,207","$20,748","$20,283","$15,267","$16,036",
Bethesda University,CA,Anaheim,City: Large,"3,850",No,No,79%,---,---,79%,---,---,---,---,---,---,---,---,---,---,---,---,---,---,---,---,---,---,---,---,---,---,---,---,---,---,---,---,---,---,---,---,---,---,---,---,25%,75%,---,33%,32%,15%,2%,5%,2%,12%,"$7,220","$7,220","$28,870",27,9,---,212,---,55%,15%,$500,---,$635,"$13,965",$100,"$2,780",$824,"$1,965","$1,965",---,"$2,647",45%,42%,13%,6%,26%,45%,32%,6%,6%,---,39%,"$11,766",---,---,"$8,387","$7,543",
Binghamton University,NY,Vestal,Suburb: Midsize,"53,007",No,Yes,39%,---,59%,29%,3.88,No,63.36%,18.03%,2.18%,4.70%,---,---,0.46%,11.27%,31,32,34,35,---,---,33,30,---,27,---,---,30,32,---,9.10%,660,700,730,760,1410,1490,710,680,1320,43.80%,51%,49%,---,14%,5%,53%,---,20%,---,8%,"$10,567","$32,467","$32,044","1,582","1,658","3,095","14,669",74%,90%,82%,"$6,472",38%,"$4,652","$18,860",$495,"$5,784","$5,037","$7,637","$5,350","$16,977","$10,832",78%,61%,10%,47%,27%,75%,55%,48%,48%,7%,27%,"$28,008","$23,279","$21,832","$16,168","$12,916",
Biola University,CA,La Mirada,Suburb: Large,"3,753",No,Yes,75%,80%,---,53%,3.63,No,14.75%,32.73%,9.71%,13.31%,0.60%,---,5.88%,23.02%,24,28,30,32,---,---,27,23,---,21,---,---,26,27,---,9%,600,640,700,670,1240,1360,600,560,1130,20%,60%,40%,---,26%,3%,43%,---,13%,---,15%,"$50,904","$50,904","$70,164",298,455,753,"3,481",54%,84%,68%,"$21,873",100%,"$24,726","$30,510","$1,682","$5,490","$8,659","$7,140","$5,217","$16,208","$28,096",100%,100%,8%,22%,25%,100%,100%,43%,43%,5%,25%,"$35,263","$28,830","$25,038","$21,504","$23,001",
Boise State University,ID,Boise,City: Midsize,"16,082",No,No,87%,---,---,87%,3.44,No,4.98%,26.56%,15.24%,17.17%,0.74%,0.77%,12.87%,21.67%,20,---,26,26,---,---,---,19,---,18,---,---,---,26,---,4.97%,490,---,610,505,---,---,---,415,---,48.70%,59%,41%,---,16%,2%,70%,1%,3%,---,8%,"$9,429","$28,543","$27,125","1,336","1,955","3,080","24,030",41%,79%,59%,"$2,771",20%,"$6,629","$19,037",$953,"$4,707","$3,512","$7,766","$5,022","$20,548","$8,167",85%,78%,8%,16%,23%,84%,68%,36%,37%,5%,23%,"$22,767","$22,131","$19,197","$16,200","$15,387",
Boston College,MA,Chestnut Hill,City: Small,"34,779",Yes,No,16%,---,---,16%,---,---,---,---,---,---,---,---,---,---,33,34,35,35,---,---,35,34,---,30,---,---,32,34,---,15%,710,730,760,780,1490,1540,760,730,1430,30%,50%,50%,---,13%,5%,62%,---,12%,---,7%,"$73,568","$73,568","$96,902","1,193","1,201","2,335","9,654",88%,95%,91%,"$24,920",3%,"$49,342","$32,590",$481,"$5,587","$2,808","$3,580","$3,580","$3,500","$51,099",55%,43%,13%,5%,13%,51%,42%,32%,32%,---,14%,"$56,247","$23,325","$12,554","$7,655","$5,851",
Boston University,MA,Boston,City: Large,"78,769",Yes,No,11%,28%,---,9%,3.9,No,41%,37%,---,1%,---,---,---,22%,32,33,34,35,---,---,35,33,---,29,---,---,31,35,---,10%,690,710,750,780,1470,1520,760,730,1400,33%,60%,40%,---,15%,8%,41%,---,26%,---,11%,"$71,372","$71,372","$94,427","1,267","1,886","3,145","18,805",80%,95%,89%,"$47,920",13%,"$52,523","$27,551","$2,545","$5,448","$4,303","$11,732","$4,064","$32,233","$55,080",55%,50%,16%,3%,19%,53%,49%,19%,21%,5%,19%,"$48,018","$25,501","$13,639","$11,167","$11,453",
Bowdoin College,ME,Brunswick,Town: Fringe,"13,265",Yes,No,7%,13%,---,6%,---,---,---,---,---,---,---,---,---,---,33,34,35,36,---,---,35,35,---,30,---,---,32,34,---,16.77%,730,750,770,780,1510,1550,760,740,1480,31.16%,54%,46%,---,16%,6%,57%,---,12%,---,10%,"$71,740","$71,740","$93,800",232,275,504,"1,881",72%,97%,95%,"$1,000",3%,"$54,801","$23,110","$3,000","$5,394","$2,500","$14,218","$5,098","$26,916","$57,280",55%,52%,9%,2%,18%,53%,52%,9%,11%,4%,18%,"$42,867","$20,899","$6,764","$3,464","$3,275",
Brandeis University,MA,Waltham,City: Small,"10,462",---,---,41%,42%,---,40%,3.9,No,33.80%,31.40%,2.40%,7.40%,---,---,2.10%,22.90%,31,33,34,35,---,---,34,31,---,27,---,---,31,34,---,10%,690,720,750,770,1470,1530,750,700,1390,30%,56%,44%,---,11%,7%,51%,---,22%,---,8%,"$70,532","$70,532","$93,686",323,412,865,"3,632",74%,87%,83%,"$15,166",34%,"$35,576","$44,668","$1,733","$5,666","$3,586","$6,394","$3,824","$29,989","$37,489",71%,68%,14%,6%,15%,69%,68%,25%,26%,2%,15%,"$53,720","$26,231","$17,974","$15,077","$12,366",
Brigham Young University,UT,Provo,City: Midsize,"11,698",No,No,68%,---,---,68%,3.9,No,28.75%,59.22%,0.48%,1.94%,---,---,0.20%,9.41%,28,30,32,34,---,---,31,27,---,26,---,---,28,31,---,46%,640,680,730,730,1360,1450,680,630,1290,12%,58%,42%,---,8%,---,83%,---,2%,1%,6%,"$6,888","$6,888","$22,540","2,522","3,478","6,067","32,952",27%,91%,81%,"$2,525",19%,"$4,854","$14,643",---,"$5,618","$1,918","$5,745","$5,435","$8,228","$6,284",64%,46%,---,12%,11%,51%,44%,9%,9%,---,11%,"$20,042","$16,389","$12,374","$10,224","$9,531",
Brigham Young University-Hawaii,HI,Laie,Town: Fringe,"1,270",No,No,38%,---,---,38%,---,---,---,---,---,---,---,---,---,---,21,22,25,25,---,---,22,20,---,18,---,---,22,25,---,27%,500,540,608,583,1055,1191,515,485,985,8%,55%,45%,---,13%,1%,39%,---,16%,11%,19%,"$6,624","$6,624","$28,235",149,184,335,"2,836",35%,67%,50%,"$1,500",---,"$4,705","$17,887",---,"$2,840",---,"$1,502","$1,406","$6,000","$4,733",60%,55%,---,---,12%,60%,48%,14%,14%,---,12%,---,---,---,---,"$13,884",
Brigham Young University-Idaho,ID,Rexburg,Town: Distant,"10,303",No,No,97%,---,---,97%,---,---,---,---,---,---,---,---,---,---,20,23,26,26,---,---,22,19,---,18,---,---,22,26,---,40%,500,550,610,590,1090,1200,540,480,980,32%,60%,40%,---,19%,3%,61%,---,1%,1%,15%,"$4,944","$4,944","$16,932","1,439","2,137","4,334","42,996",13%,70%,44%,---,---,"$3,715","$7,295",---,"$7,152","$3,330","$5,722","$5,664","$5,777","$6,043",59%,47%,---,7%,19%,54%,36%,14%,14%,---,19%,"$12,309","$8,757","$5,457","$4,175","$3,102",
Broadview College,---,West Jordan,---,---,---,---,---,---,---,---,---,No,---,---,---,---,---,---,---,---,---,---,---,---,---,---,---,---,---,---,---,---,---,---,---,---,---,---,---,---,---,---,---,---,---,---,---,---,---,9%,4%,71%,1%,2%,1%,12%,---,---,---,---,---,---,---,---,---,---,---,---,---,---,---,---,---,---,---,---,---,---,---,---,---,---,---,---,---,---,---,---,---,---,---,---,---,
Brookline College-Phoenix,---,Phoenix,---,827,---,---,86%,---,---,86%,---,---,---,---,---,---,---,---,---,---,---,---,---,---,---,---,---,---,---,---,---,---,---,---,---,---,---,---,---,---,---,---,---,---,---,---,95%,5%,---,33%,12%,19%,6%,2%,1%,26%,---,---,---,3,59,---,714,63%,---,63%,---,---,---,---,$503,"$5,396",---,"$6,904","$6,578","$13,500","$4,861",87%,81%,34%,---,81%,87%,---,72%,72%,2%,81%,---,---,---,---,---,
Brown University,RI,Providence,City: Midsize,"48,904",Yes,No,5%,14%,---,4%,---,---,---,---,---,---,---,---,---,---,34,35,35,36,---,---,35,35,---,32,---,---,34,35,---,24%,740,760,780,800,1540,1570,780,770,1500,61%,50%,50%,---,14%,9%,38%,---,26%,---,12%,"$74,550","$74,550","$97,184",855,863,"1,695","7,910",77%,99%,96%,"$21,278",1%,"$56,435","$26,608","$3,567","$5,356","$1,250","$11,780","$4,879","$28,861","$58,378",61%,51%,8%,---,14%,52%,51%,9%,10%,2%,14%,"$45,823","$19,526","$7,757","$2,273",---,
Bryan College of Health Sciences,NE,Lincoln,City: Large,151,---,---,63%,---,---,63%,---,---,---,---,---,---,---,---,---,---,---,---,---,---,---,---,---,---,---,---,---,---,---,---,---,---,---,---,---,---,---,---,---,---,---,---,96%,4%,---,8%,1%,83%,---,2%,---,5%,"$17,436","$17,436","$17,436",2,44,64,610,72%,81%,72%,---,---,"$3,940","$21,834","$1,439","$1,252","$1,439","$14,601","$7,724","$14,397","$6,891",97%,74%,29%,29%,29%,97%,74%,74%,77%,39%,29%,"$26,339","$26,356","$25,252","$22,110","$26,673",
Bryant University,RI,Smithfield,Suburb: Large,"9,825",Yes,Yes,65%,67%,89%,45%,3.53,No,18.79%,16.95%,14.43%,16.27%,0.80%,---,14.89%,17.87%,27,30,28,---,---,---,---,---,---,---,---,---,---,---,---,1.02%,610,620,660,670,1250,1340,630,580,1160,10.65%,37%,63%,---,10%,4%,77%,---,4%,---,4%,"$54,404","$54,404","$75,614",556,327,948,"3,200",76%,87%,80%,$62,98%,"$26,731","$40,612",$701,"$5,001","$3,778","$14,564","$5,263","$26,038","$27,469",99%,98%,12%,2%,12%,99%,98%,58%,61%,22%,12%,"$42,552","$41,023","$38,987","$36,310","$33,555",
Bryn Mawr College,PA,Bryn Mawr,Suburb: Large,"4,094",Yes,No,29%,37%,---,29%,---,---,---,---,---,---,---,---,---,---,29,32,33,35,---,---,34,30,---,25,---,---,29,31,---,20.79%,660,710,750,760,1390,1470,680,620,1300,63.68%,100%,---,---,10%,6%,58%,---,14%,---,12%,"$68,790","$68,790","$91,610",---,361,361,"1,368",73%,92%,82%,"$5,438",37%,"$39,066","$39,383",$800,"$5,666","$3,942","$7,111","$5,278","$15,290","$39,997",79%,73%,11%,3%,11%,78%,73%,56%,62%,10%,11%,"$49,566","$25,044","$12,873","$4,557","$3,323",
Bucknell University,PA,Lewisburg,Town: Distant,"11,377",Yes,No,29%,55%,---,26%,3.62,No,7.47%,30.37%,9.08%,20.38%,---,---,2.02%,30.68%,26,32,32,33,---,---,34,24,---,24,---,---,29,30,---,19%,590,680,690,690,1370,1450,690,570,1300,68%,53%,47%,---,9%,4%,77%,---,5%,---,5%,"$70,576","$70,576","$91,836",470,521,"1,030","3,920",81%,94%,86%,"$19,010",15%,"$39,760","$38,486","$3,425","$5,222","$3,868","$12,134","$5,357","$28,456","$41,211",63%,56%,5%,7%,12%,62%,56%,37%,38%,9%,12%,"$55,354","$36,128","$20,932","$19,554","$21,406",
Bushnell University,OR,Eugene,City: Midsize,871,No,No,67%,---,---,67%,3.54,No,11.82%,25.46%,11.82%,10.91%,4.55%,---,6.36%,29.09%,18,---,20,19,---,---,---,18,---,15,---,---,---,16,---,5%,520,570,635,680,1120,1315,550,490,1010,4%,53%,47%,---,18%,3%,63%,1%,3%,1%,11%,"$36,950","$36,950","$52,350",51,58,83,520,53%,76%,56%,"$17,709",100%,"$20,178","$22,534","$1,186","$5,158","$4,253","$6,755","$5,424","$16,300","$22,933",100%,100%,27%,16%,30%,100%,100%,54%,54%,4%,35%,"$27,182","$24,304","$19,732","$21,119","$18,377",
Butler University,IN,Indianapolis,City: Large,"9,471",No,Yes,85%,---,---,85%,3.86,No,40%,22%,6%,11%,1%,---,2%,18%,26,28,31,33,---,---,28,25,---,24,---,---,27,30,---,19%,590,630,680,670,1260,1360,630,570,1180,35%,63%,37%,---,7%,5%,78%,---,4%,---,5%,"$49,890","$49,890","$73,160",380,656,"1,151","4,489",73%,88%,80%,"$24,274",93%,"$22,909","$40,140","$1,441","$5,340","$7,598","$10,937","$5,607","$23,142","$24,662",98%,97%,5%,13%,16%,98%,96%,45%,46%,11%,16%,"$42,961","$39,491","$36,016","$31,406","$28,607",
Cabarrus College of Health Sciences,NC,Concord,City: Small,63,No,No,49%,---,---,49%,---,---,---,---,---,---,---,---,---,---,16,19,22,21,---,---,19,15,---,16,---,---,17,19,---,63%,500,520,540,520,1020,1060,500,470,970,38%,95%,5%,---,8%,26%,56%,---,3%,---,6%,"$16,940","$16,940","$16,940",1,18,24,661,---,---,---,---,---,"$2,087","$14,344","$1,000","$4,344","$5,784","$8,422","$5,348","$9,222","$9,633",100%,78%,11%,56%,33%,100%,78%,100%,100%,33%,33%,"$24,431","$19,664","$14,264","$13,016","$9,174",
California Aeronautical University,---,Ventura,---,---,---,---,---,---,---,---,---,---,---,---,---,---,---,---,---,---,---,---,---,---,---,---,---,---,---,---,---,---,---,---,---,---,---,---,---,---,---,---,---,---,---,---,---,---,---,37%,6%,42%,---,10%,1%,4%,"$35,465","$35,465","$47,437",---,---,---,330,67%,75%,67%,---,---,"$2,740","$36,328","$2,000","$6,714",---,"$12,230","$9,962","$28,348","$8,311",96%,74%,48%,---,48%,96%,33%,93%,93%,7%,48%,"$43,331","$41,966","$37,028","$34,853","$34,367",
California Baptist University,CA,Riverside,City: Large,"8,839",---,---,85%,---,---,85%,3.44,No,15.48%,16.99%,13.76%,17.63%,5.16%,0.23%,12.04%,17.85%,19,---,27,26,---,---,---,20,---,17,---,---,---,25,---,2%,460,---,610,580,---,---,---,450,---,10%,64%,36%,---,45%,7%,31%,---,6%,1%,11%,"$42,788","$42,788","$65,152",579,"1,011","1,282","8,417",44%,75%,62%,"$17,241",94%,"$17,460","$28,596","$1,844","$5,149","$7,920","$7,627","$5,236","$19,463","$23,828",100%,99%,22%,47%,43%,99%,99%,65%,65%,8%,43%,"$34,648","$28,057","$23,799","$24,409","$23,788",
California College of the Arts,CA,San Francisco,City: Large,"2,371",---,Yes,91%,---,---,91%,3.34,No,9%,16%,11%,22%,1%,---,20%,21%,---,---,---,---,---,---,---,---,---,---,---,---,---,---,---,---,---,---,---,---,---,---,---,---,---,---,69%,31%,---,24%,6%,31%,---,23%,---,16%,"$61,764","$61,764","$89,594",47,106,186,"1,004",47%,87%,61%,"$16,811",120%,"$27,116","$49,945","$3,063","$5,162","$3,897","$9,197","$5,550","$35,807","$29,175",85%,85%,5%,11%,20%,85%,85%,52%,52%,5%,20%,"$52,438","$44,139","$42,404","$28,423","$32,800",
California Institute of Integral Studies,CA,San Francisco,City: Large,---,No,No,---,---,---,---,---,---,---,---,---,---,---,---,---,---,---,---,---,---,---,---,---,---,---,---,---,---,---,---,---,---,---,---,---,---,---,---,---,---,---,---,---,---,---,18%,13%,50%,3%,3%,3%,13%,"$23,860","$23,860","$23,860",---,---,---,38,---,---,---,---,---,---,---,---,"$6,408",---,---,---,---,---,---,---,---,---,---,---,---,---,---,---,---,---,---,---,---,---,
California Institute of Technology,CA,Pasadena,City: Midsize,"13,856",No,Yes,3%,---,---,3%,---,---,---,---,---,---,---,---,---,---,---,---,---,---,---,---,---,---,---,---,---,---,---,---,---,---,---,---,---,---,---,---,---,---,---,---,51%,49%,---,20%,5%,22%,---,42%,---,10%,"$68,208","$68,208","$93,912",107,111,266,987,77%,97%,94%,---,---,"$56,342","$23,397","$3,911","$5,395","$8,073","$10,614","$5,378","$10,601","$60,201",68%,55%,20%,3%,20%,58%,55%,3%,17%,15%,25%,"$56,275","$22,073","$7,003","$1,023","$1,667",
California Institute of the Arts,CA,Valencia,Suburb: Large,"2,023",---,---,26%,---,---,26%,---,---,---,---,---,---,---,---,---,---,---,---,---,---,---,---,---,---,---,---,---,---,---,---,---,---,---,---,---,---,---,---,---,---,---,---,53%,37%,10%,21%,6%,45%,---,12%,---,15%,"$61,354","$61,354","$84,180",72,104,177,918,53%,86%,61%,"$6,250",29%,"$19,304","$57,288","$1,982","$5,495","$7,544","$9,997","$5,236","$46,099","$22,071",89%,88%,46%,9%,19%,88%,87%,30%,30%,3%,46%,"$59,106","$44,448","$35,788","$37,082","$33,802",
California Lutheran University,CA,Thousand Oaks,City: Midsize,"6,005",No,Yes,76%,---,---,76%,3.74,No,14.10%,28.70%,10.90%,16.20%,---,---,3.20%,26.90%,24,26,31,30,---,---,26,24,---,22,---,---,24,26,---,3%,590,620,670,660,1220,1320,600,560,1134,7%,54%,46%,---,43%,5%,37%,---,6%,---,9%,"$54,480","$54,480","$77,062",231,271,575,"2,297",62%,79%,70%,"$30,707",99%,"$31,699","$27,080","$2,500","$5,423","$9,004","$6,781","$5,627","$19,555","$36,687",100%,100%,3%,36%,31%,100%,100%,90%,90%,5%,31%,"$32,409","$23,547","$23,759","$18,518","$17,414",
California Polytechnic Maritime Academy,CA,Vallejo,City: Midsize,943,No,No,99%,---,---,99%,3.39,No,9.94%,14.42%,18.70%,18.66%,3.18%,---,15.91%,19.17%,17.5,---,25,24,---,---,---,16,---,16.5,---,---,---,25,---,1.22%,---,---,---,---,---,---,---,---,---,---,15%,85%,---,22%,3%,48%,1%,10%,1%,15%,"$7,734","$20,334","$26,658",121,21,143,761,23%,76%,56%,"$2,833",3%,"$6,548","$16,081",$670,"$5,565","$3,551","$7,383","$5,402","$16,635","$11,063",66%,47%,16%,37%,29%,61%,33%,39%,41%,6%,29%,"$24,740","$16,533","$16,648","$12,148","$11,357",
California Polytechnic State University-San Luis Obispo,CA,San Luis Obispo,Suburb: Small,"68,604",No,No,31%,---,---,31%,4.12,Yes,63.77%,24.21%,0.66%,2.46%,---,---,0.14%,8.76%,28,---,33,35,---,---,---,27,---,27,---,---,---,32,---,6.90%,610,---,710,730,---,---,---,610,---,27.50%,54%,46%,---,25%,1%,48%,---,14%,---,11%,"$13,098","$26,418","$37,596","2,430","2,829","5,278","21,947",61%,95%,87%,"$3,746",11%,"$7,705","$16,888",$517,"$5,467","$4,360","$6,008","$5,069","$18,998","$12,707",60%,48%,19%,37%,20%,56%,41%,28%,28%,2%,20%,"$26,920","$18,032","$11,372","$6,904","$6,476",
California State Polytechnic University-Humboldt,CA,Arcata,Town: Remote,"16,698",No,No,92%,---,---,92%,3.42,No,16.57%,14.92%,15.69%,16.02%,5.75%,---,14.81%,16.24%,26,---,30,31,---,---,---,24.5,---,23,---,---,---,27.5,---,1.54%,535,---,640,620,---,---,---,450,---,12.21%,51%,49%,---,20%,4%,56%,3%,4%,1%,13%,"$8,396","$20,996","$27,036",425,448,955,"5,474",25%,76%,49%,$619,16%,"$6,241","$13,837","$1,602","$5,287","$2,471","$5,922","$4,736","$12,022","$10,046",73%,65%,7%,57%,38%,72%,46%,36%,37%,4%,38%,"$22,695","$17,692","$13,095","$9,623","$8,090",
California State Polytechnic University-Pomona,CA,Pomona,Suburb: Large,"51,024",No,No,74%,---,---,74%,3.78,No,---,61%,7%,12%,0.15%,---,5%,16%,---,---,---,---,---,---,---,---,---,---,---,---,---,---,---,---,---,---,---,---,---,---,---,---,---,---,43%,57%,---,56%,2%,13%,---,22%,---,6%,"$8,146","$20,746","$29,858","2,585","1,988","4,311","25,255",33%,87%,68%,"$1,255",5%,"$5,664","$11,898",$653,"$5,154","$3,560","$6,074","$4,993","$16,770","$10,441",78%,72%,6%,66%,45%,77%,45%,26%,27%,2%,45%,"$20,829","$15,145","$11,196","$8,192","$7,599",
California State University-Bakersfield,CA,Bakersfield,City: Large,"14,593",No,No,85%,---,---,85%,3.5,No,19.20%,16.80%,14.90%,17%,0.70%,0.20%,13.90%,17.30%,19,---,27,29,---,---,---,18,---,18,---,---,---,27,---,1%,490,---,600,555,---,---,---,405,---,6%,64%,36%,---,70%,4%,12%,---,7%,---,6%,"$8,512","$21,832","$28,866",453,810,"1,204","8,865",29%,79%,50%,"$6,579",16%,"$6,625","$6,567",$792,"$5,125","$3,284","$4,682","$4,479","$15,370","$12,437",91%,88%,16%,82%,65%,90%,67%,19%,19%,---,65%,"$16,810","$10,935","$6,183","$3,977","$3,070",
California State University-Channel Islands,CA,Camarillo,Suburb: Midsize,"10,082",---,---,93%,---,---,93%,3.22,No,---,---,---,---,---,---,---,---,18,---,23,---,---,---,---,---,---,---,---,---,---,---,---,---,---,---,---,---,---,---,---,---,---,---,64%,36%,---,61%,2%,23%,---,7%,---,7%,"$7,144","$19,744","$27,456",201,354,568,"5,290",30%,73%,57%,---,---,"$7,472","$10,931","$1,013","$4,774","$3,064","$5,166","$4,684","$16,369","$12,804",83%,80%,15%,74%,56%,83%,63%,25%,26%,1%,56%,"$20,871","$15,043","$9,293","$7,350","$7,077",
California State University-Chico,CA,Chico,City: Midsize,"23,611",No,No,92%,---,---,92%,3.39,No,12.70%,13.60%,16.10%,18.20%,1%,---,21.30%,17%,23,---,28,25,---,---,---,20,---,23,---,---,---,28,---,0.50%,503,---,665,620,---,---,---,450,---,2%,59%,41%,---,40%,3%,42%,---,5%,---,9%,"$8,896","$21,998","$29,762",885,"1,261","2,171","13,392",35%,81%,63%,"$3,210",12%,"$5,920","$15,187","$1,243","$5,149","$3,438","$5,486","$4,633","$13,442","$10,331",73%,65%,8%,60%,38%,71%,41%,37%,38%,3%,38%,"$23,572","$18,380","$13,937","$10,612","$10,045",
California State University-Dominguez Hills,CA,Carson,City: Small,"31,442",---,---,59%,---,---,59%,3.15,No,---,13%,22%,18%,3%,---,29%,15%,14,---,18,21,---,---,---,11,---,14,---,---,---,16,---,0.30%,400,---,490,460,---,---,---,360,---,9.50%,57%,43%,---,72%,13%,4%,---,7%,---,5%,"$7,845","$21,165","$29,623",691,930,"1,721","12,473",19%,70%,42%,"$2,112",75%,"$5,052","$4,438","$1,104","$5,016","$2,487","$4,505","$4,324","$6,497","$11,074",95%,94%,8%,88%,77%,95%,79%,11%,11%,---,77%,"$12,878","$8,028","$4,942","$2,970","$2,624",
California State University-East Bay,CA,Hayward,Suburb: Large,"13,274",No,No,97%,---,---,97%,3.2,No,---,---,---,---,---,---,---,---,---,---,---,---,---,---,---,---,---,---,---,---,---,---,---,---,---,---,---,---,---,---,---,---,---,---,54%,46%,---,42%,9%,16%,---,23%,1%,9%,"$7,989","$21,309","$32,371",453,522,994,"10,562",13%,79%,46%,---,---,"$5,987","$10,874","$1,193","$4,886","$3,203","$5,906","$4,912","$12,593","$10,886",80%,75%,6%,67%,49%,79%,56%,24%,24%,2%,49%,"$20,930","$15,190","$11,087","$8,500","$8,059",
California State University-Fresno,CA,Fresno,City: Large,"20,201",No,No,96%,---,---,96%,---,---,---,---,---,---,---,---,---,---,---,---,---,---,---,---,---,---,---,---,---,---,---,---,---,---,---,---,---,---,---,---,---,---,---,---,58%,42%,---,64%,3%,15%,---,12%,---,5%,"$8,225","$21,545","$26,605","1,442","1,971","3,661","21,430",21%,78%,56%,"$3,171",22%,"$6,189","$7,303","$1,059","$5,142","$2,654","$5,268","$4,767","$12,720","$11,412",89%,86%,16%,75%,64%,88%,66%,17%,17%,1%,64%,"$16,580","$11,299","$7,220","$4,858","$4,447",
California State University-Fullerton,CA,Fullerton,Suburb: Large,"53,559",No,No,91%,---,---,91%,3.43,No,1.40%,16.60%,20.10%,24.80%,0.60%,---,13.50%,23%,21.5,---,30,33,---,---,---,19,---,19.5,---,---,---,29,---,0.20%,---,---,550,530,---,---,---,410,---,4.30%,56%,44%,---,57%,3%,13%,---,21%,---,6%,"$7,963","$18,619","$34,660","2,909","3,685","7,070","38,597",38%,82%,72%,"$1,028",1%,"$5,871","$6,283",$775,"$5,074","$3,052","$5,426","$4,627","$13,676","$10,445",82%,78%,7%,72%,53%,82%,51%,23%,23%,1%,53%,"$14,831","$9,101","$5,438","$3,466","$2,675",
California State University-Long Beach,CA,Long Beach,City: Large,"83,951",No,No,46%,---,---,46%,3.67,No,21.03%,26.46%,9.30%,15.77%,0.06%,---,4.85%,22.53%,---,---,---,---,---,---,---,---,---,---,---,---,---,---,---,---,---,---,---,---,---,---,---,---,---,---,61%,39%,---,53%,4%,15%,---,20%,---,7%,"$8,312","$19,856","$31,106","2,406","3,842","5,756","35,843",38%,87%,69%,"$1,280",11%,"$5,482","$9,731",$542,"$5,131","$3,509","$5,464","$4,728","$14,103","$10,512",82%,77%,4%,72%,50%,81%,50%,24%,24%,1%,50%,"$18,575","$12,787","$9,063","$6,191","$5,477",
California State University-Los Angeles,CA,Los Angeles,City: Large,"32,723",---,---,91%,---,---,91%,3.25,No,---,20%,20%,19%,2%,---,20%,19%,---,---,---,---,---,---,---,---,---,---,---,---,---,---,---,---,---,---,---,---,---,---,---,---,---,---,52%,48%,---,78%,4%,4%,---,10%,---,3%,"$7,162","$19,762","$35,488","1,319","1,414","3,614","19,354",25%,72%,53%,"$6,655",51%,"$5,146","$4,551",$751,"$5,338","$3,278","$5,177","$4,692","$12,292","$12,478",94%,93%,7%,90%,77%,94%,80%,14%,15%,1%,77%,"$14,599","$8,813","$5,373","$3,231","$2,855",
California State University-Monterey Bay,CA,Seaside,Suburb: Midsize,"14,943",No,No,97%,---,---,97%,3.33,No,10%,12%,17%,18%,5%,---,20%,18%,20,---,26,26,---,---,---,16,---,18,---,---,---,20,---,---,470,---,610,600,---,---,---,430,---,4%,63%,37%,---,47%,3%,30%,1%,7%,1%,11%,"$8,145","$21,465","$30,824",516,873,943,"6,910",39%,80%,59%,"$1,549",5%,"$5,588","$15,222","$1,254","$4,997","$3,462","$5,397","$3,716","$17,346","$10,480",79%,73%,35%,65%,42%,77%,48%,34%,35%,4%,44%,"$23,874","$17,745","$13,868","$11,487","$9,654",
California State University-Northridge,CA,Northridge,City: Large,"29,789",No,No,93%,---,---,93%,3.33,No,---,---,---,---,---,---,---,---,---,---,---,---,---,---,---,---,---,---,---,---,---,---,---,---,---,---,---,---,---,---,---,---,---,---,53%,47%,---,60%,6%,19%,---,9%,---,7%,"$7,850","$21,170","$33,980","2,578","2,875","5,545","32,499",23%,73%,56%,"$2,085",440%,"$6,098","$8,222",$599,"$5,230","$2,831","$5,401","$4,727","$12,385","$12,000",87%,82%,18%,78%,63%,85%,64%,21%,21%,1%,63%,"$18,688","$13,510","$8,897","$6,277","$5,153",
California State University-Sacramento,CA,Sacramento,City: Large,"27,868",No,Yes,93%,---,---,93%,3.41,No,13.90%,15.07%,16.19%,15.91%,3.14%,0.03%,17.55%,18.19%,17,---,22,23,---,---,---,17,---,16,---,---,---,21,---,1%,440,---,580,560,---,---,---,420,---,1%,56%,44%,---,38%,7%,23%,---,22%,1%,9%,"$9,014","$22,334","$35,098","1,708","2,171","3,884","28,226",28%,81%,56%,"$1,127",4%,"$5,904","$11,183",$556,"$5,008","$3,847","$5,012","$4,655","$14,082","$11,503",85%,80%,15%,75%,56%,84%,54%,25%,25%,1%,56%,"$20,649","$14,618","$10,861","$8,214","$7,306",
California State University-San Bernardino,CA,San Bernardino,City: Midsize,"14,630",No,Yes,93%,---,---,93%,3.36,No,7.90%,15.61%,18.01%,16.19%,2.73%,---,20.31%,19.25%,13,---,13,11,---,---,---,11,---,15,---,---,---,15,---,---,420,---,520,500,---,---,---,400,---,11%,62%,38%,---,73%,6%,9%,---,6%,---,6%,"$8,522","$15,392","$28,539",758,"1,258","2,244","14,993",25%,80%,55%,"$7,215",8%,"$5,721","$6,645","$1,018","$5,221","$2,691","$4,840","$4,674","$8,335","$10,421",89%,85%,6%,75%,64%,89%,57%,20%,21%,1%,64%,"$15,250","$10,337","$6,381","$4,311","$3,298",
California State University-San Marcos,CA,San Marcos,Suburb: Large,"19,721",No,No,95%,---,---,95%,3.34,No,10%,12%,19%,18%,4%,---,19%,18%,18,---,23,22,---,---,---,---,---,---,---,---,---,23,---,0.80%,450,---,560,520,---,---,---,410,---,3.50%,59%,41%,---,52%,4%,25%,---,9%,---,9%,"$8,454","$18,534","$28,572","1,003","1,464","2,625","14,977",28%,78%,55%,$880,2%,"$5,344","$10,500","$2,279","$4,989","$3,087","$5,995","$4,896","$13,505","$10,247",79%,72%,3%,68%,47%,78%,48%,29%,30%,3%,47%,"$19,772","$13,773","$9,980","$7,246","$6,812",
California State University-Stanislaus,CA,Turlock,Suburb: Small,"5,419",No,No,98%,---,---,98%,3.46,No,17.14%,17.24%,14.19%,14.58%,3.25%,---,15.57%,18.03%,---,---,---,---,---,---,---,---,---,---,---,---,---,---,---,0.76%,---,---,---,---,---,---,---,---,---,1%,65%,35%,---,63%,3%,17%,---,9%,1%,7%,"$8,690","$22,010","$26,544",333,627,"1,046","8,455",25%,83%,53%,"$1,693",22%,"$5,787","$7,316",$481,"$5,059","$3,174","$4,634","$4,474","$15,572","$11,362",89%,86%,20%,82%,61%,88%,65%,14%,14%,---,61%,"$16,815","$10,199","$6,347","$3,946","$3,218",
California University of Management and Sciences,CA,Anaheim,City: Large,---,---,---,---,---,---,---,---,---,---,---,---,---,---,---,---,---,---,---,---,---,---,---,---,---,---,---,---,---,---,---,---,---,---,---,---,---,---,---,---,---,---,---,---,---,---,---,---,---,---,---,---,---,"$18,690","$18,690","$20,690",---,---,---,---,---,---,---,---,---,---,---,---,---,---,---,---,---,---,---,---,---,---,---,---,---,---,---,---,---,---,---,---,---,---,
Careers Unlimited,---,Orem,---,95,---,---,64%,---,---,64%,---,---,---,---,---,---,---,---,---,---,---,---,---,---,---,---,---,---,---,---,---,---,---,---,---,---,---,---,---,---,---,---,---,---,---,---,---,---,---,2%,1%,94%,1%,2%,---,1%,"$21,805","$21,805","$35,885",---,---,---,118,---,---,---,---,---,---,---,---,"$5,910",---,---,---,---,---,---,---,---,---,---,---,---,---,---,---,---,---,---,---,---,---,
Carleton College,MN,Northfield,Town: Distant,"7,133",Yes,No,20%,37%,---,19%,---,---,---,---,---,---,---,---,---,---,32,33,35,35,---,---,35,34,---,29,---,---,31,34,---,25%,720,740,770,790,1500,1550,760,730,1430,34%,49%,51%,---,11%,7%,57%,---,11%,---,14%,"$72,069","$72,069","$93,352",260,247,538,"2,128",82%,97%,90%,"$15,761",4%,"$49,336","$29,434","$2,778","$5,199","$5,937","$4,654","$3,872","$28,002","$51,916",79%,57%,8%,6%,16%,63%,57%,37%,38%,1%,17%,"$41,028","$17,900","$10,999","$11,350","$12,069",
Carnegie Mellon University,PA,Pittsburgh,City: Large,"33,941",Yes,No,12%,14%,---,11%,3.89,No,---,89%,---,2%,---,---,---,9%,34,35,35,36,---,---,35,33,---,34,---,---,35,36,---,22.40%,730,750,770,800,1540,1570,790,770,1500,52.60%,43%,53%,4%,12%,5%,27%,---,42%,---,14%,"$68,096","$68,096","$89,390",973,780,"1,708","7,824",81%,98%,94%,"$12,949",3%,"$44,936","$32,964","$2,484","$5,575","$3,644","$6,883","$3,698","$34,884","$47,550",58%,49%,16%,3%,17%,52%,48%,35%,36%,3%,17%,"$52,593","$27,827","$17,534","$12,600","$8,460",
Carroll College,MT,Helena,Town: Remote,"1,787",---,---,73%,---,---,73%,3.64,No,---,---,---,---,---,---,---,---,24,25,29,28,---,---,24,22,---,21,---,---,25,26,---,3%,540,570,660,670,1140,1330,570,540,1080,5%,58%,42%,---,8%,1%,78%,---,1%,---,12%,"$43,070","$43,070","$55,130",114,159,273,"1,062",53%,81%,69%,"$20,582",100%,"$26,961","$26,103","$1,272","$4,952",---,"$7,176","$5,082","$15,754","$27,910",100%,100%,14%,---,17%,100%,100%,50%,50%,7%,17%,"$29,023","$24,393","$18,494","$16,302","$18,986",
Casa Loma College-Los Angeles,CA,Van Nuys,City: Large,184,---,---,36%,---,---,36%,---,---,---,---,---,---,---,---,---,---,---,---,---,---,---,---,---,---,---,---,---,---,---,---,---,---,---,---,---,---,---,---,---,---,---,---,54%,46%,---,48%,3%,23%,1%,6%,---,20%,---,---,---,31,36,67,581,---,80%,---,---,---,---,"$26,780","$3,654","$5,161","$2,703","$6,689","$6,689",---,"$6,047",74%,59%,3%,3%,59%,74%,---,60%,60%,---,59%,"$30,616","$31,107","$25,912","$31,107","$25,486",
Cascadia College,WA,Bothell,Suburb: Large,220,No,No,95%,---,---,95%,---,---,---,---,---,---,---,---,---,---,---,---,---,---,---,---,---,---,---,---,---,---,---,---,---,---,---,---,---,---,---,---,---,---,---,---,51%,49%,---,16%,3%,44%,---,15%,1%,20%,"$4,766","$11,384","$27,350",79,82,---,"2,013",---,---,---,---,---,"$1,561","$13,863","$1,519","$4,073","$3,266","$4,463","$4,463",---,"$6,785",37%,30%,11%,24%,21%,33%,9%,3%,3%,---,25%,"$19,000","$15,916","$13,083","$9,740","$11,810",
Case Western Reserve University,OH,Cleveland,City: Large,"37,082",Yes,Yes,38%,37%,---,38%,3.78,No,17.89%,46.82%,1.36%,9.28%,0.13%,---,0.20%,24.32%,32,34,35,35,---,---,34,33,---,31,---,---,33,35,---,23%,700,720,760,790,1490,1540,770,740,1430,46%,49%,51%,---,13%,7%,38%,---,34%,---,8%,"$70,066","$70,066","$92,130",829,788,"1,544","6,528",68%,92%,86%,"$30,499",94%,"$38,578","$41,351","$2,248","$5,302","$3,861","$6,182","$5,230","$11,457","$40,197",88%,86%,17%,5%,17%,88%,86%,63%,66%,7%,17%,"$49,117","$33,489","$19,106","$18,657","$19,510",
CBD College,CA,Los Angeles,City: Large,220,---,---,95%,---,---,95%,---,---,---,---,---,---,---,---,---,---,---,---,---,---,---,---,---,---,---,---,---,---,---,---,---,---,---,---,---,---,---,---,---,---,---,---,78%,22%,---,42%,9%,16%,---,17%,1%,15%,---,---,---,11,40,---,"1,408",---,---,---,---,---,---,"$19,098",$173,"$5,105",---,"$10,229","$7,309","$4,346","$5,184",93%,62%,41%,---,62%,93%,---,85%,85%,57%,62%,---,---,---,"$19,864","$21,594",
Central Washington University,WA,Ellensburg,Town: Distant,"8,918",No,No,91%,---,---,91%,3.2,No,3%,17%,14%,14%,9%,1%,27%,15%,21,---,25,24,---,---,---,18,---,18,---,---,---,26,---,1.50%,470,---,590,570,---,---,---,440,---,4.10%,53%,47%,---,24%,5%,57%,1%,4%,1%,9%,"$9,655","$28,362","$33,500",708,806,"1,568","10,033",30%,70%,52%,"$3,357",8%,"$3,325","$15,558","$1,095","$5,012","$5,945","$5,640","$4,888","$14,724","$8,970",92%,90%,20%,51%,37%,91%,88%,48%,51%,3%,38%,"$22,366","$18,886","$15,182","$11,430","$7,978",
Central Wyoming College,WY,Riverton,Town: Remote,"8,818",No,No,90%,---,---,90%,3.06,No,---,---,---,---,---,---,---,---,---,---,---,---,---,---,---,---,---,---,---,---,---,---,---,---,---,---,---,---,---,---,---,---,---,---,59%,41%,---,15%,---,46%,14%,1%,---,24%,"$4,935","$11,235","$18,639",89,130,---,"2,106",---,90%,---,---,---,"$3,711","$10,108","$3,744","$4,539","$2,340","$5,053","$5,053",---,"$6,869",95%,91%,21%,37%,40%,94%,72%,17%,17%,---,44%,"$17,894","$17,039","$13,958","$12,983","$12,308",
Centralia College,WA,Centralia,Town: Distant,"6,771",No,No,90%,---,---,90%,---,---,---,---,---,---,---,---,---,---,---,---,---,---,---,---,---,---,---,---,---,---,---,---,---,---,---,---,---,---,---,---,---,---,---,---,51%,49%,---,19%,3%,59%,1%,1%,---,15%,"$5,109","$5,643","$5,109",176,182,---,"2,335",---,---,---,---,---,"$1,483","$12,280",$376,"$4,740","$3,911",---,---,---,"$6,048",64%,56%,12%,37%,27%,56%,44%,---,---,---,27%,"$8,039","$9,045","$10,081","$7,525","$7,196",
Centre College,KY,Danville,Town: Distant,"3,226",Yes,No,54%,---,---,57%,3.9,No,26%,29%,8%,12%,---,---,5%,20%,26,29,32,34,---,---,30,25,---,24,---,---,27,30,---,46%,610,645,683,740,1320,1423,675,620,1230,9%,51%,49%,---,8%,6%,77%,---,5%,---,4%,"$55,490","$55,490","$70,340",176,182,361,"1,356",84%,88%,87%,"$32,217",98%,"$35,847","$23,780","$1,000","$5,079","$5,108","$7,607","$5,390","$14,446","$39,597",100%,100%,13%,52%,19%,100%,100%,44%,44%,7%,19%,"$28,164","$22,346","$17,317","$13,431","$10,779",
Chamberlain University-Arizona,---,Phoenix,---,8,No,No,88%,---,---,88%,---,---,---,---,---,---,---,---,---,---,---,---,---,---,---,---,---,---,---,---,---,---,---,---,---,20%,---,---,---,---,---,---,---,---,---,---,100%,---,---,29%,11%,45%,2%,10%,1%,3%,"$20,462","$20,462","$21,062",---,3,5,745,---,56%,---,---,---,"$1,333","$31,755",$500,"$4,390",---,"$8,624","$6,500","$8,498","$4,573",100%,44%,11%,---,22%,100%,33%,89%,89%,22%,22%,"$38,714","$39,034","$37,434",---,"$31,489",
Chaminade University of Honolulu,HI,Honolulu,City: Large,"2,747",No,No,52%,---,---,52%,3.5,No,21.84%,17.82%,10.35%,14.94%,1.72%,---,14.36%,18.97%,---,---,---,---,---,---,---,---,---,---,---,---,---,---,---,---,565,585,665,655,1155,1320,570,520,1085,6%,66%,34%,---,12%,2%,8%,---,23%,8%,46%,"$31,804","$31,804","$54,534",96,186,376,"1,817",1%,40%,51%,"$14,735",38%,"$16,606","$27,695",$674,"$6,095",---,"$7,275","$5,064","$17,794","$15,757",99%,98%,23%,---,49%,98%,74%,31%,32%,4%,49%,"$27,774","$26,305","$24,488","$19,135","$31,894",
Champlain College,VT,Burlington,City: Small,"3,632",Yes,Yes,88%,94%,---,87%,3.51,No,20.69%,15.86%,12.07%,20%,2.07%,---,16.21%,13.10%,26,28,29,29,---,---,30,24,---,24,---,---,26,28,---,3%,620,650,700,680,1250,1340,600,600,1165,15.90%,36%,64%,---,8%,3%,75%,---,4%,---,9%,"$50,000","$50,000","$71,872",193,109,546,"1,691",56%,83%,65%,"$17,162",66%,"$24,809","$36,846",$520,"$5,016","$5,239","$9,231","$5,146","$21,320","$26,441",99%,95%,25%,15%,25%,98%,93%,64%,65%,13%,25%,"$40,631","$35,867","$33,025","$26,755","$26,378",
Chapman University,CA,Orange,City: Midsize,"15,634",Yes,Yes,65%,51%,74%,58%,3.77,No,---,---,---,---,---,---,---,---,28,30,31,35,---,---,32,28,---,25,---,---,27,29,---,4.79%,630,670,720,720,1340,1430,670,630,1250,14.48%,65%,35%,---,20%,2%,48%,---,17%,---,12%,"$67,894","$67,894","$93,996",565,"1,059","1,806","7,713",71%,92%,82%,"$23,936",44%,"$29,786","$48,037","$3,957","$5,152","$9,204","$7,210","$5,669","$29,793","$33,274",91%,87%,13%,16%,20%,91%,87%,76%,76%,4%,20%,"$54,519","$42,194","$39,414","$40,713","$37,985",
Charles R Drew University of Medicine and Science,CA,Los Angeles,Suburb: Large,377,No,No,90%,---,---,90%,3.26,No,---,11.11%,32%,22.22%,7%,---,55.56%,11.11%,---,---,---,---,---,---,---,---,---,---,---,---,---,---,---,---,---,---,---,---,---,---,---,---,---,---,80%,20%,---,18%,34%,3%,---,8%,---,38%,"$18,950","$18,950","$74,733",4,16,7,284,14%,53%,30%,---,---,---,"$27,789",$375,"$9,704","$9,358","$15,842","$6,550","$23,230","$6,184",43%,43%,14%,7%,36%,43%,---,36%,36%,14%,36%,---,---,"$29,238","$25,714","$30,176",
Charter College,---,Anchorage,---,---,---,---,---,---,---,---,---,---,---,---,---,---,---,---,---,---,---,---,---,---,---,---,---,---,---,---,---,---,---,---,---,---,---,---,---,---,---,---,---,---,---,---,---,---,---,18%,5%,31%,9%,2%,4%,31%,"$17,208","$17,208","$17,208",---,---,---,"2,117",40%,---,40%,---,---,"$2,051","$24,795",$342,"$4,577","$1,548","$8,091","$8,091",---,"$6,478",92%,82%,51%,19%,70%,92%,34%,84%,84%,---,70%,"$30,290","$29,653","$25,862","$24,192","$23,949",
Christopher Newport University,VA,Newport News,City: Midsize,"7,062",Yes,Yes,88%,94%,93%,78%,3.8,No,33.60%,19.30%,9.70%,15.60%,0.10%,---,3.20%,18.50%,23,26,29,---,---,---,---,---,---,---,---,---,---,---,---,6%,560,610,670,630,1200,1300,590,540,1100,37%,50%,50%,---,8%,9%,72%,---,4%,---,7%,"$24,035","$38,256","$43,863",576,586,"1,163","4,407",66%,83%,75%,"$3,626",40%,"$4,787","$22,864","$2,260","$5,038","$7,569","$9,452","$5,198","$19,734","$9,141",77%,65%,15%,28%,17%,75%,54%,40%,42%,10%,19%,"$30,024","$24,931","$15,030","$11,509","$9,652",
City University of Seattle,WA,Bellevue,City: Large,"6,771",No,No,90%,---,---,90%,---,---,---,---,---,---,---,---,---,---,---,---,---,---,---,---,---,---,---,---,---,---,---,---,---,---,---,---,---,---,---,---,---,---,---,---,---,---,---,12%,7%,21%,1%,6%,1%,53%,"$21,150","$21,150","$44,091",---,---,---,"1,180",28%,---,29%,"$2,259",2%,---,---,---,"$3,960",---,"$5,699","$5,699",---,---,50%,---,---,---,---,50%,---,50%,50%,---,---,---,---,---,"$35,049",---,
Claremont McKenna College,CA,Claremont,Suburb: Large,"6,529",Yes,No,10%,23%,---,7%,---,---,---,---,---,---,---,---,---,---,33,34,35,35,---,---,35,34,---,31,---,---,32,35,---,13%,720,740,770,790,1510,1560,770,750,1450,26%,47%,51%,2%,17%,5%,42%,---,20%,---,16%,"$72,120","$72,120","$97,010",175,162,321,"1,390",75%,98%,91%,"$23,300",12%,"$48,892","$29,978",$719,"$5,601","$9,358","$7,431","$3,930","$6,351","$52,149",61%,53%,18%,10%,18%,56%,52%,20%,35%,29%,18%,"$49,293","$22,145","$14,929","$13,756","$13,267",
Clark Atlanta University,GA,Atlanta,City: Large,"27,672",Yes,Yes,65%,100%,56%,66%,4,No,2%,9%,26%,22%,2%,---,24%,15%,---,---,---,---,---,---,---,---,---,---,---,---,---,---,---,1%,---,---,---,---,---,---,---,---,---,1%,79%,21%,---,1%,63%,---,---,---,---,35%,"$30,270","$30,270","$48,128",220,845,"1,069","3,495",35%,69%,46%,"$3,504",63%,"$8,416","$29,736","$3,079","$5,890",$858,"$4,225","$3,612","$8,768","$11,188",100%,78%,13%,24%,76%,94%,45%,82%,93%,11%,76%,"$39,940","$38,230","$37,249","$34,611","$33,555",
Clark College,WA,Vancouver,City: Midsize,"6,771",No,No,90%,---,---,90%,---,---,---,---,---,---,---,---,---,---,---,---,---,---,---,---,---,---,---,---,---,---,---,---,---,---,---,---,---,---,---,---,---,---,---,---,54%,46%,---,19%,3%,55%,---,5%,---,16%,"$5,267","$12,732","$28,195",412,483,---,"7,149",---,---,---,"$18,821",91%,"$1,412","$11,547",$463,"$4,146","$3,604","$4,948","$4,904","$11,248","$6,213",58%,54%,7%,39%,32%,56%,36%,14%,14%,---,32%,"$16,036","$14,631","$10,892","$8,468","$8,031",
Clark University,MA,Worcester,City: Midsize,"11,452",Yes,Yes,40%,---,---,40%,3.76,No,38%,21%,6%,11%,1%,---,2%,22%,30,31,33,35,---,---,33,32,---,27,---,---,28,30,---,5%,658,680,740,720,1320,1400,640,630,1240,16%,58%,42%,---,14%,6%,66%,---,7%,---,7%,"$60,120","$60,120","$75,770",203,277,629,"2,266",69%,88%,77%,"$24,784",99%,"$29,810","$32,767","$2,451","$4,942","$4,277","$9,173","$5,428","$21,152","$31,916",98%,97%,17%,11%,22%,98%,97%,55%,56%,10%,22%,"$38,832","$25,104","$20,719","$15,377","$16,629",
Clarkson University,NY,Potsdam,Town: Remote,"6,661",---,---,77%,---,---,77%,3.79,No,---,59%,3%,8%,---,---,2%,28%,26,29,31,30,---,---,28,23,---,26,---,---,28,31,---,8.06%,593,640,690,700,1300,1390,660,605,1198,48.50%,29%,71%,---,14%,3%,77%,---,2%,---,4%,"$61,148","$61,148","$83,966",347,142,608,"2,296",65%,85%,78%,"$38,830",99%,"$41,260","$33,192",$797,"$5,059","$2,774","$9,822","$5,313","$20,934","$43,097",100%,100%,19%,26%,20%,100%,100%,70%,70%,15%,20%,"$36,429","$33,329","$26,800","$19,328","$20,521",
Clemson University,SC,Clemson,Suburb: Large,"61,517",No,Yes,38%,---,---,38%,---,No,---,88%,1%,3%,---,---,1%,7%,28,30,32,34,---,---,30,26,---,26,---,---,28,31,---,20%,620,660,700,710,1320,1390,660,620,1230,35%,60%,40%,---,9%,5%,76%,---,3%,---,6%,"$15,854","$42,378","$37,062","1,945","2,926","4,494","23,401",68%,94%,87%,"$4,905",46%,"$7,127","$24,408","$1,104","$5,160","$6,402","$12,069","$5,351","$24,722","$10,599",84%,74%,4%,52%,14%,81%,53%,33%,36%,10%,14%,"$27,348","$24,020","$19,988","$14,857","$14,212",
Cleveland Institute of Music,OH,Cleveland,City: Large,449,No,No,39%,---,---,39%,---,---,---,---,---,---,---,---,---,---,---,---,---,---,---,---,---,---,---,---,---,---,---,---,---,---,---,---,---,---,---,---,---,---,---,---,43%,57%,---,8%,4%,58%,1%,22%,1%,6%,"$55,510","$55,510","$81,210",25,19,50,194,71%,98%,83%,"$15,462",95%,"$21,581","$36,001","$1,292","$5,545",---,"$6,520","$4,700","$14,559","$22,842",100%,100%,16%,---,19%,100%,100%,43%,43%,5%,19%,"$33,186","$33,843","$33,245","$34,698","$29,523",
Clover Park Technical College,WA,Lakewood,City: Small,"6,771",No,No,90%,---,---,90%,---,---,---,---,---,---,---,---,---,---,---,---,---,---,---,---,---,---,---,---,---,---,---,---,---,---,---,---,---,---,---,---,---,---,---,---,50%,50%,---,16%,14%,39%,1%,6%,1%,24%,"$6,634","$6,634","$7,474",193,194,---,"3,040",---,---,---,---,---,"$2,169","$6,216","$1,200","$5,257","$4,475","$7,809","$7,350","$12,861","$7,803",54%,50%,19%,42%,30%,51%,16%,4%,4%,---,33%,"$13,974","$9,998","$3,365","$3,328","$3,264",
Coastal Carolina University,SC,Conway,City: Small,"21,028",Yes,Yes,75%,77%,84%,63%,3.8,No,36.60%,17.20%,10.40%,12.70%,0.20%,---,4.50%,18.40%,21,23,26,24,---,---,22,19,---,18,---,---,21,25,---,8%,530,570,620,600,1120,1210,550,520,1050,23%,61%,39%,---,7%,12%,75%,---,1%,---,5%,"$11,820","$30,106","$30,832","1,046","1,626","2,775","10,811",37%,77%,48%,"$6,413",74%,"$8,502","$14,453","$1,162","$5,261","$7,206","$11,228","$5,679","$21,415","$9,939",94%,87%,3%,34%,24%,93%,58%,61%,64%,17%,26%,"$18,612","$17,527","$13,209","$9,749","$9,222",
Coe College,IA,Cedar Rapids,City: Midsize,"8,633",No,Yes,64%,---,80%,35%,3.65,No,19%,23%,17%,15%,---,---,4%,22%,22,25,28,27,---,---,24,20,---,20,---,---,25,26,---,32%,510,570,650,700,1170,1280,600,530,1080,19%,44%,56%,---,14%,11%,66%,---,2%,1%,6%,"$56,730","$56,730","$72,568",170,133,359,"1,195",56%,73%,66%,"$41,159",98%,"$39,603","$20,940",$610,"$5,343","$7,757","$8,007","$5,722","$11,361","$43,772",100%,100%,19%,23%,41%,100%,100%,73%,73%,15%,41%,"$27,413","$20,555","$16,889","$13,250","$12,657",
Colby College,ME,Waterville,Town: Remote,"19,187",Yes,No,7%,22%,---,6%,---,---,---,---,---,---,---,---,---,---,32,33,34,35,---,---,35,33,---,29,---,---,31,34,---,16%,720,740,760,790,1510,1550,770,740,1440,36%,48%,52%,---,9%,5%,62%,---,12%,---,12%,"$72,910","$72,910","$94,650",326,302,605,"2,412",75%,93%,88%,"$2,000",1%,"$65,296","$15,163","$2,000","$5,287","$2,286","$14,111","$5,320","$44,749","$66,387",48%,42%,8%,1%,11%,44%,41%,6%,7%,1%,11%,"$52,893","$15,937","$2,247","$1,331","$6,072",
Colgate University,NY,Hamilton,Town: Distant,"20,682",Yes,No,14%,19%,---,13%,3.85,No,26.79%,41.70%,1.45%,6.67%,---,---,0.12%,23.27%,33,33,34,35,---,---,35,34,---,30,---,---,31,34,---,14%,710,730,760,780,1480,1530,750,720,1430,23%,56%,44%,---,10%,5%,70%,---,6%,---,9%,"$73,646","$73,646","$95,560",358,462,807,"3,193",84%,93%,91%,---,---,"$55,010","$26,954","$3,000","$5,436","$2,567","$9,807","$4,674","$24,495","$56,696",50%,43%,3%,6%,12%,46%,43%,13%,15%,4%,12%,"$53,119","$31,027","$17,685","$9,345","$3,341",
College of Charleston,SC,Charleston,City: Midsize,"31,680",Yes,Yes,60%,53%,80%,24%,4,No,48.20%,19.30%,4.60%,9%,0.10%,---,2.80%,15.90%,25,27,30,31,---,---,26,24,---,21,---,---,25,27,---,11%,590,620,670,640,1210,1300,590,550,1130,18%,74%,26%,---,8%,5%,80%,---,2%,---,5%,"$12,978","$38,844","$35,163",581,"1,679","2,637","10,880",56%,82%,66%,"$12,572",90%,"$7,020","$20,806",$979,"$4,981","$5,367","$10,072","$5,228","$24,264","$9,811",87%,81%,4%,44%,20%,86%,65%,48%,49%,10%,20%,"$24,730","$23,178","$18,049","$13,418","$13,017",
College of Coastal Georgia,GA,Brunswick,City: Small,"2,627",---,No,98%,---,---,98%,3.2,No,4.57%,15.05%,18.01%,15.32%,9.41%,---,23.92%,13.31%,14,18,23,22,---,---,17,15.25,---,17,---,---,17,20,---,5%,465,530,570,530,1015,1165,485,410,900,9%,71%,29%,---,10%,21%,59%,1%,2%,---,8%,"$4,598","$13,988","$28,280",196,470,714,"3,468",13%,59%,26%,$697,12%,"$2,880","$12,670","$1,205","$5,445","$2,893","$5,804","$4,627","$6,359","$6,148",88%,85%,16%,52%,51%,88%,24%,39%,40%,8%,53%,"$16,608","$16,374","$14,440","$11,811","$10,793",
College of Saint Mary,NE,Omaha,City: Large,430,---,---,44%,---,---,44%,3.4,No,---,25%,13%,22%,2%,---,15%,23%,18,22,24,26,---,---,22,16,---,16,---,---,21,23,---,75%,---,---,---,---,---,---,---,---,---,---,100%,---,---,12%,7%,60%,---,2%,---,18%,"$27,294","$27,294","$43,332",---,89,89,496,53%,71%,67%,"$9,824",96%,"$15,852","$14,265","$1,576","$5,466","$2,723","$6,003","$4,786","$11,687","$19,829",100%,100%,40%,28%,41%,100%,100%,55%,55%,6%,41%,"$22,739","$19,478","$10,242","$10,749","$9,936",
College of Southern Nevada,NV,Las Vegas,City: Large,506,No,No,48%,---,---,48%,---,No,---,---,---,---,---,---,---,---,---,---,---,---,---,---,---,---,---,---,---,---,---,---,---,---,---,---,---,---,---,---,---,---,---,---,54%,46%,---,41%,11%,25%,---,9%,1%,13%,"$4,422","$13,322","$25,789","1,550","1,796",---,"29,081",---,---,---,---,---,"$2,729","$7,293","$2,128","$4,145","$1,999","$3,523","$3,427","$7,881","$5,598",81%,78%,9%,52%,53%,80%,14%,10%,10%,---,54%,"$12,804","$11,224","$8,451","$5,908","$5,180",
College of the Atlantic,ME,Bar Harbor,Town: Remote,476,Yes,Yes,70%,64%,84%,61%,3.8,No,25%,34%,7%,9%,---,---,2%,23%,28,---,32,---,---,---,---,---,---,---,---,---,---,---,---,4%,660,---,730,700,---,---,---,580,---,21%,72%,28%,---,5%,1%,87%,---,1%,---,5%,"$49,464","$49,464","$61,940",21,55,81,353,58%,85%,69%,"$13,905",100%,"$32,485","$22,692",$750,"$4,947","$2,512","$6,554","$5,100","$14,247","$33,884",98%,98%,7%,4%,24%,98%,98%,52%,52%,5%,24%,"$35,148","$24,880","$14,569","$12,998","$11,886",
College of the Holy Cross,MA,Worcester,City: Midsize,"9,568",Yes,No,18%,60%,---,13%,---,---,---,---,---,---,---,---,---,---,27,30,32,34,---,---,31,25,---,25,---,---,28,29,---,15%,630,680,710,700,1340,1420,660,610,1250,30%,55%,45%,---,13%,5%,70%,---,3%,---,8%,"$68,090","$68,090","$89,748",374,460,823,"3,107",85%,95%,87%,"$24,796",15%,"$39,249","$35,455","$3,918","$5,360","$3,822","$5,241","$4,406","$2,332","$41,140",67%,58%,7%,8%,13%,63%,58%,33%,33%,12%,13%,"$51,228","$29,535","$20,722","$6,282","$14,900",
Colorado College,CO,Colorado Springs,City: Large,"8,511",Yes,Yes,18%,32%,21%,13%,3.95,No,45.20%,27%,2.40%,9.10%,0.20%,---,0.50%,15.60%,29,32,33,35,---,---,34,29,---,25,---,---,30,31,---,16%,640,730,730,730,1450,1520,720,590,1365,29%,50%,48%,3%,11%,2%,71%,---,5%,---,9%,"$73,566","$73,566","$94,500",229,240,517,"2,031",71%,94%,88%,"$12,776",15%,"$46,019","$35,281","$4,000","$5,435","$4,844","$8,053","$5,026","$33,506","$47,947",62%,56%,5%,3%,13%,60%,56%,26%,27%,3%,13%,"$51,525","$25,254","$17,051","$13,987","$9,732",
Colorado Mesa University,CO,Grand Junction,City: Small,"10,380",No,No,98%,---,---,98%,3.34,No,---,32%,13%,11%,9%,---,18%,14%,19,22,26,25,---,---,21,18,---,17,---,---,21,25,---,10%,470,540,600,580,1060,1180,520,460,930,49%,52%,48%,---,21%,1%,64%,1%,2%,---,11%,"$10,614","$27,204","$30,120","1,043","1,141","1,806","9,473",28%,79%,47%,"$4,625",44%,"$4,783","$15,076","$2,762","$5,346","$4,920","$5,920","$4,856","$12,975","$7,698",90%,81%,6%,38%,33%,88%,52%,42%,43%,4%,35%,"$20,288","$18,182","$15,061","$11,755","$11,547",
Colorado School of Mines,CO,Golden,Suburb: Large,"9,794",Yes,No,60%,---,---,60%,3.83,No,---,76%,---,4%,---,---,---,20%,29,31,33,34,---,---,32,28,---,28,---,---,31,33,---,18%,650,690,720,750,1400,1470,710,670,1320,42%,33%,65%,2%,13%,1%,70%,1%,7%,---,8%,"$22,658","$47,288","$45,522",959,491,"1,450","5,852",65%,93%,80%,"$8,652",88%,"$10,081","$29,785","$3,557","$4,756","$3,792","$9,759","$5,164","$25,017","$11,204",97%,94%,---,10%,13%,96%,93%,36%,38%,7%,13%,"$33,931","$30,370","$25,347","$19,616","$19,231",
Colorado State University Pueblo,CO,Pueblo,City: Midsize,"3,577",No,No,98%,---,---,98%,3.19,No,19.10%,11.60%,8.30%,10.70%,13.60%,0.20%,17.60%,10.90%,19,22,25,24,---,---,21,17,---,16,---,---,21,27,---,3%,450,500,565,540,990,1100,490,420,870,45%,54%,46%,---,40%,7%,43%,1%,2%,---,7%,"$10,552","$19,063","$27,298",252,292,678,"5,086",24%,64%,40%,"$7,222",85%,"$6,338","$14,188",$747,"$4,907","$4,439","$6,502","$5,148","$10,639","$10,736",97%,97%,22%,48%,50%,97%,86%,36%,37%,5%,50%,"$19,746","$18,690","$13,322","$11,346","$9,687",
Colorado State University-Fort Collins,CO,Fort Collins,City: Midsize,"38,520",No,Yes,89%,---,89%,77%,3.69,No,30.10%,17.80%,12.60%,14.30%,0.10%,---,8.30%,16.90%,22,---,29,29,---,---,---,21,---,20,---,---,---,27,---,7%,540,---,660,630,---,---,---,520,---,28%,57%,43%,---,16%,3%,71%,1%,3%,---,6%,"$13,373","$34,783","$35,321","2,249","3,028","5,293","26,500",46%,86%,67%,"$5,327",54%,"$8,217","$19,828","$1,872","$5,016","$4,991","$9,180","$5,078","$20,937","$10,554",74%,71%,12%,13%,19%,73%,69%,36%,38%,8%,19%,"$28,684","$23,048","$14,611","$11,654","$11,333",
Colorado Technical University-Colorado Springs,---,Colorado Springs,---,---,No,No,---,---,---,---,---,No,---,---,---,---,---,---,---,---,---,---,---,---,---,---,---,---,---,---,---,---,---,---,---,---,---,---,---,---,---,---,---,---,---,---,76%,24%,---,---,21%,28%,1%,1%,---,49%,"$12,915","$12,915","$26,387",209,680,---,"26,114",14%,44%,17%,---,67%,"$2,972","$14,784","$1,800","$5,227","$1,875","$6,753","$6,753",---,"$6,956",95%,94%,10%,---,89%,95%,19%,87%,87%,---,89%,"$20,223","$17,976","$16,508","$15,345","$14,778",
Columbia Basin College,WA,Pasco,Suburb: Midsize,"6,771",Yes,Yes,90%,---,---,90%,---,No,---,---,---,---,---,---,---,---,---,---,---,---,---,---,---,---,---,---,---,---,---,---,---,---,---,---,---,---,---,---,---,---,---,---,57%,43%,---,52%,1%,34%,---,2%,---,10%,"$5,460","$7,806","$28,044",415,550,---,"6,729",---,58%,---,---,---,"$1,617","$10,348",$732,"$4,393","$3,785","$5,050","$4,325","$11,031","$6,754",62%,60%,4%,48%,38%,61%,29%,3%,4%,---,38%,"$16,108","$10,305","$8,973","$7,965","$7,480",
Columbia College Hollywood,CA,Tarzana,City: Large,306,No,No,51%,---,---,51%,3.2,No,---,---,---,---,---,---,---,---,---,---,---,---,---,---,---,---,---,---,---,---,---,---,---,---,---,---,---,---,---,---,---,---,---,---,50%,50%,---,9%,19%,41%,3%,9%,1%,18%,"$25,490","$25,490","$55,568",2,2,---,149,32%,36%,46%,---,---,"$1,943","$35,614","$2,009","$2,593",---,"$2,750","$2,750",---,"$4,665",82%,82%,82%,---,27%,82%,82%,36%,36%,---,82%,"$30,319",---,"$30,758","$27,458","$30,658",
Columbia University in the City of New York,NY,New York,City: Large,"60,247",Yes,No,4%,13%,---,3%,---,---,---,---,---,---,---,---,---,---,34,35,36,36,---,---,35,35,---,33,---,---,34,36,---,17%,740,760,780,800,1540,1570,780,770,1490,44%,52%,46%,2%,20%,10%,32%,---,26%,---,12%,"$73,450","$73,450","$95,650",688,767,"1,540","9,157",82%,98%,96%,---,---,"$61,951","$20,869","$3,932","$5,511","$4,798","$14,737","$5,103","$35,376","$65,173",56%,52%,12%,6%,22%,53%,51%,6%,7%,2%,22%,"$44,695","$15,368","$5,195","$4,975","$6,342",
Concordia University-Irvine,CA,Irvine,City: Large,"4,413",No,Yes,66%,---,---,66%,3.7,No,34%,17%,13%,13%,---,---,7%,15%,---,---,---,---,---,---,---,---,---,---,---,---,---,---,---,---,---,---,---,---,---,---,---,---,---,---,58%,42%,---,31%,4%,45%,---,10%,1%,9%,"$44,500","$44,500","$59,054",143,194,290,"1,554",49%,75%,58%,"$17,787",63%,"$23,226","$29,413",$909,"$4,948","$7,727","$8,666","$5,126","$18,711","$26,988",100%,100%,11%,28%,30%,100%,100%,54%,54%,10%,30%,"$33,909","$28,615","$25,220","$21,767","$23,532",
Connecticut College,CT,New London,City: Small,"7,950",Yes,No,37%,41%,---,37%,3.81,No,---,59%,5%,12%,---,---,2%,21%,28,32,32,35,---,---,34,32,---,28,---,---,29,31,---,12%,590,710,710,690,1400,1470,690,560,1340,54%,61%,39%,---,12%,5%,72%,---,3%,---,7%,"$70,266","$70,266","$91,660",178,273,555,"1,990",75%,90%,82%,"$28,097",106%,"$38,506","$42,941",$887,"$5,318","$3,413","$10,063","$5,059","$26,735","$39,354",100%,100%,11%,1%,13%,100%,100%,35%,36%,7%,13%,"$44,604","$30,787","$26,760","$20,097","$13,666",
Corban University,OR,Salem,City: Midsize,546,No,No,90%,---,---,90%,3.53,No,---,---,---,---,---,---,---,---,19,---,26,---,---,---,---,---,---,---,---,---,---,---,---,29%,---,---,---,---,---,---,---,---,---,---,58%,42%,---,15%,2%,61%,---,2%,1%,18%,"$38,234","$38,234","$55,294",59,80,140,785,54%,82%,62%,"$4,827",45%,"$22,128","$26,028","$3,182","$4,957","$3,954","$8,852","$5,126","$16,938","$24,358",100%,100%,5%,18%,33%,100%,99%,56%,57%,13%,33%,"$32,241","$24,879","$21,052","$19,113","$18,196",
Cornell University,NY,Ithaca,City: Small,"65,612",Yes,No,8%,12%,---,8%,---,---,---,---,---,---,---,---,---,---,33,34,35,35,---,---,35,34,---,32,---,---,34,35,---,14.60%,730,740,770,800,1520,1560,780,770,1480,44.90%,53%,47%,---,16%,8%,34%,---,29%,---,13%,"$72,270","$72,270","$96,268","1,649","1,876","3,537","16,128",87%,98%,96%,---,---,"$55,091","$26,455","$3,984","$5,493","$3,557","$8,574","$4,122","$8,260","$56,741",60%,51%,9%,14%,19%,57%,49%,27%,29%,16%,19%,"$51,735","$18,531","$8,129","$5,589","$4,079",
Cornish College of the Arts,WA,Seattle,City: Large,"1,097",No,Yes,70%,---,---,70%,---,No,---,---,---,---,---,---,---,---,---,---,---,---,---,---,---,---,---,---,---,---,---,---,---,---,---,---,---,---,---,---,---,---,---,---,67%,26%,7%,1%,5%,68%,1%,5%,---,21%,"$58,966","$58,966","$79,864",45,118,163,502,49%,69%,53%,---,---,"$10,935","$40,164","$1,774","$5,017","$8,969","$9,121","$5,677","$24,941","$15,023",100%,100%,19%,24%,31%,100%,100%,85%,86%,12%,31%,"$44,405","$40,853","$36,693","$30,948","$28,155",
Cottey College,MO,Nevada,Town: Remote,645,No,No,70%,---,---,70%,3.5,No,8%,33%,7%,18%,6%,---,10%,18%,14,24,24,25,---,---,22,15,---,15,---,---,18,19,---,8%,---,---,---,---,---,---,---,---,---,---,100%,---,---,13%,7%,73%,3%,2%,---,1%,"$29,594","$29,594","$49,816",---,82,66,261,44%,67%,52%,"$16,600",---,"$15,530","$18,430",$800,"$4,950","$2,960","$6,032","$5,249","$9,153","$18,402",100%,100%,16%,22%,44%,100%,100%,49%,52%,6%,45%,"$20,118","$18,591","$18,588","$16,718","$17,399",
Curry College,MA,Milton,Suburb: Large,"6,903",No,Yes,92%,---,81%,97%,3.01,No,---,13.67%,16.94%,9.80%,23.27%,---,22.04%,14.29%,---,---,---,---,---,---,---,---,---,---,---,---,---,---,---,---,510,560,630,610,1130,1240,570,510,1020,6%,55%,45%,---,12%,14%,62%,---,2%,---,10%,"$49,420","$49,420","$71,840",234,289,524,"1,818",45%,68%,52%,"$27,458",98%,"$28,550","$30,367",$293,"$5,326","$2,507","$10,760","$5,632","$14,178","$31,376",100%,100%,37%,29%,37%,100%,100%,79%,80%,29%,37%,"$32,878","$32,212","$28,670","$24,290","$23,553",
Curtis Institute of Music,PA,Philadelphia,City: Large,446,No,No,7%,---,---,7%,---,No,---,---,---,---,---,---,---,---,---,---,---,---,---,---,---,---,---,---,---,---,---,---,---,---,---,---,---,---,---,---,---,---,---,---,44%,56%,---,8%,5%,51%,2%,20%,---,14%,"$57,864","$57,864","$81,572",14,11,25,106,67%,97%,92%,---,---,"$8,796","$21,615",---,"$6,895",---,---,---,---,"$8,796",100%,100%,---,---,---,100%,100%,---,---,---,---,---,---,---,---,---,
Cypress College,CA,Cypress,Suburb: Large,306,No,No,51%,---,---,51%,---,No,---,---,---,---,---,---,---,---,---,---,---,---,---,---,---,---,---,---,---,---,---,---,---,---,---,---,---,---,---,---,---,---,---,---,56%,44%,---,55%,4%,12%,---,21%,---,7%,"$1,432","$13,042","$33,507",796,"1,011",---,"13,992",---,---,---,---,---,$233,"$7,730",$564,"$4,354","$4,163","$7,423","$7,423",---,"$7,660",89%,88%,17%,88%,56%,88%,---,---,---,---,56%,"$10,011","$11,710","$7,220","$3,092","$4,205",
Daemen University,NY,Amherst,Suburb: Large,"3,406",No,Yes,74%,---,---,74%,3.56,No,---,42%,4%,10%,3%,---,7%,33%,---,---,---,---,---,---,---,---,---,---,---,---,---,---,---,---,---,---,---,---,---,---,---,---,---,---,75%,25%,---,6%,8%,75%,1%,4%,---,5%,"$36,734","$36,734","$53,648",73,219,375,"1,656",47%,76%,59%,"$18,467",72%,"$21,188","$18,944",$916,"$5,879","$3,432","$8,350","$5,459","$12,793","$25,136",100%,100%,27%,45%,42%,100%,100%,78%,79%,18%,42%,"$25,038","$20,603","$16,325","$11,562","$10,602",
Dartmouth College,NH,Hanover,Town: Remote,"31,656",Yes,No,5%,19%,---,4%,---,---,---,---,---,---,---,---,---,---,33,34,35,36,---,---,35,35,---,31,---,---,34,35,---,23%,740,760,780,790,1540,1570,780,760,1500,43%,47%,52%,2%,12%,7%,52%,1%,15%,---,12%,"$71,265","$71,265","$95,588",612,554,"1,206","4,570",74%,98%,95%,---,---,"$64,165","$17,322","$3,879","$5,330","$3,498","$6,152","$5,122","$5,447","$66,480",59%,46%,11%,---,15%,50%,45%,12%,43%,37%,15%,"$51,575","$13,426","$5,841",---,"$2,978",
Davidson College,NC,Davidson,Suburb: Large,"8,114",Yes,No,13%,32%,---,10%,3.86,No,40.55%,32.82%,0.19%,5.21%,---,---,0.19%,21.04%,31,32,34,---,---,---,---,---,---,---,---,---,---,---,---,23.30%,695,725,750,780,1455,1510,730,705,1360,28.30%,52%,48%,---,12%,8%,68%,---,6%,---,6%,"$69,065","$69,065","$90,274",252,268,519,"1,869",85%,95%,91%,"$41,262",8%,"$47,295","$26,510","$3,871","$5,327","$7,278","$8,446","$5,010","$22,281","$49,355",69%,65%,4%,5%,17%,66%,65%,10%,11%,2%,17%,"$40,503","$25,077","$7,610","$3,339","$6,613",
Delta State University,MS,Cleveland,Town: Remote,"1,231",No,No,100%,---,---,100%,3.41,No,11.52%,16.59%,18.89%,11.52%,5.07%,---,15.21%,20.74%,17,21,23,23,---,---,21,15,---,16,---,---,18,23,---,85%,475,550,590,620,1100,1190,550,450,940,8%,43%,57%,---,3%,42%,51%,---,1%,---,3%,"$8,605","$8,605","$23,289",119,91,218,"1,876",31%,67%,48%,"$4,958",64%,"$6,423","$13,457","$1,017","$5,538","$2,069","$7,448","$5,583","$13,470","$8,658",98%,94%,11%,32%,43%,97%,75%,52%,54%,8%,44%,"$17,117","$17,418","$15,514","$11,200","$11,183",
Denison University,OH,Granville,Suburb: Small,"14,580",Yes,No,17%,22%,---,16%,---,No,---,---,---,---,---,---,---,---,29,31,32,34,---,---,33,29,---,26,---,---,28,30,---,25%,650,680,710,760,1380,1470,700,650,1300,26%,54%,46%,---,9%,7%,73%,---,5%,---,7%,"$71,000","$71,000","$88,400",292,344,636,"2,406",72%,89%,80%,"$18,758",86%,"$33,722","$42,177","$1,500","$5,504","$3,975","$7,227","$5,498","$24,339","$34,723",96%,95%,9%,2%,13%,96%,95%,57%,57%,4%,13%,"$46,510","$29,492","$15,451","$12,775","$15,093",
Denver College of Nursing,---,Denver,---,8,---,---,88%,---,---,88%,---,---,---,---,---,---,---,---,---,---,---,---,---,---,---,---,---,---,---,---,---,---,---,---,---,---,---,---,---,---,---,---,---,---,---,---,---,---,---,20%,14%,50%,1%,7%,1%,8%,"$16,157","$16,157","$17,877",---,---,---,949,---,---,---,---,---,---,---,---,"$5,002",---,---,---,---,---,---,---,---,---,---,---,---,---,---,---,---,---,---,---,---,---,
DePaul University,IL,Chicago,City: Large,"31,266",No,Yes,76%,---,---,76%,3.78,No,36.20%,20.39%,8.21%,11.02%,0.95%,---,8.13%,15.06%,24,28,30,32,---,---,29,23,---,21,---,---,26,27,---,14.15%,550,630,660,650,1230,1340,600,530,1130,41.70%,56%,44%,---,26%,8%,46%,---,13%,---,6%,"$47,676","$47,676","$72,174","1,115","1,440","2,943","14,188",54%,86%,68%,"$20,876",95%,"$24,057","$32,129","$4,320","$4,832","$6,740","$7,047","$5,083","$20,505","$27,782",99%,99%,4%,29%,31%,99%,99%,49%,50%,5%,31%,"$35,894","$30,294","$26,576","$24,181","$23,758",
DePauw University,IN,Greencastle,Town: Distant,"6,683",Yes,Yes,57%,---,---,57%,3.92,No,42%,28%,5%,10%,---,---,1%,14%,25,29,31,33,---,---,28,25,---,24,---,---,28,30,---,18%,560,630,675,695,1280,1430,650,560,1140,58%,49%,51%,---,11%,8%,73%,---,3%,---,5%,"$61,430","$61,430","$80,620",260,245,500,"1,917",69%,90%,76%,"$39,482",97%,"$40,641","$30,507","$1,900","$5,260","$6,487","$6,516","$4,667","$18,238","$42,053",100%,100%,7%,8%,15%,100%,100%,36%,37%,4%,15%,"$33,816","$24,646","$17,459","$16,184","$12,267",
Design Institute of San Diego,---,San Diego,---,8,Yes,No,88%,---,---,88%,---,---,---,---,---,---,---,---,---,---,---,---,---,---,---,---,---,---,---,---,---,---,---,---,---,---,---,---,---,---,---,---,---,---,---,---,100%,---,---,16%,11%,49%,4%,9%,2%,10%,"$29,250","$29,250","$29,250",---,1,2,92,33%,71%,83%,---,---,"$2,268","$27,693",$517,"$6,571","$9,399","$7,670","$7,670",---,"$14,400",100%,75%,75%,38%,75%,100%,63%,63%,63%,---,75%,"$42,093","$25,392",---,---,"$28,154",
Dickinson College,PA,Carlisle,City: Small,"7,258",Yes,No,42%,51%,---,41%,3.62,No,8%,37%,9%,10%,1%,---,5%,29%,30,---,33,30,---,---,---,25,---,30,---,---,---,35,---,13%,670,---,740,720,---,---,---,640,---,23%,59%,41%,---,9%,4%,76%,---,5%,---,6%,"$68,580","$68,580","$89,772",268,378,525,"2,311",67%,92%,80%,"$32,586",89%,"$39,234","$40,242","$1,186","$5,115","$3,797","$7,537","$5,065","$9,713","$40,209",95%,94%,10%,7%,11%,95%,94%,35%,45%,17%,11%,"$43,766","$21,727","$16,348","$15,148","$17,167",
DigiPen Institute of Technology,---,Redmond,---,503,---,---,67%,---,---,67%,---,---,---,---,---,---,---,---,---,---,28,31,32,33,---,---,28,26,---,26,---,---,28,30,---,10%,590,650,700,690,1270,1390,620,580,1170,45%,37%,63%,---,11%,---,13%,3%,---,60%,13%,"$40,070","$40,070","$65,302",97,56,192,"1,016",44%,76%,61%,"$9,628",35%,"$7,734","$40,015","$1,592","$5,375","$8,361","$10,630","$4,933","$28,978","$11,720",78%,58%,7%,17%,23%,75%,51%,54%,55%,11%,23%,"$48,574","$46,250","$36,920","$35,891","$31,681",
Dine College,AZ,Tsaile,Rural: Remote,"47,978",No,No,60%,---,---,60%,---,No,---,---,---,---,---,---,---,---,---,---,---,---,---,---,---,---,---,---,---,---,---,---,---,---,---,---,---,---,---,---,---,---,---,---,62%,38%,---,1%,---,---,99%,---,---,---,"$1,410","$1,410","$12,700",42,68,---,"1,828",---,33%,---,---,---,"$3,017","$10,354","$1,724","$2,801","$3,834",---,---,---,"$6,403",67%,67%,61%,9%,62%,67%,30%,---,---,---,67%,---,"$12,999","$11,225","$9,877","$10,031",
Dominican University of California,CA,San Rafael,City: Small,"1,785",No,No,84%,---,---,84%,3.65,No,26%,24%,9%,12%,2%,---,9%,20%,21,24,26.25,27,---,---,22,20,---,25,---,---,28,26,---,1%,620,605,660,640,1195,1291,590,590,1070,2%,70%,30%,---,33%,6%,21%,---,31%,1%,7%,"$53,700","$53,700","$74,304",63,150,250,"1,127",64%,86%,77%,"$22,592",95%,"$14,927","$51,292","$1,093","$2,617","$4,634","$4,356","$2,689","$12,376","$17,287",100%,99%,15%,30%,31%,100%,99%,58%,59%,8%,31%,"$54,480","$49,460","$46,242","$46,430","$45,630",
Drew University,NJ,Madison,Suburb: Large,"5,024",Yes,Yes,68%,---,---,68%,3.53,No,19%,17%,11%,22%,2%,---,6%,22%,24,27,30,31,---,---,29,21,---,19,---,---,25,27,---,2%,570,620,688,650,1240,1320,620,533,1110,23%,54%,46%,---,8%,12%,62%,1%,4%,---,12%,"$49,100","$49,100","$67,604",168,198,404,"1,611",62%,88%,70%,"$24,014",91%,"$28,129","$28,193","$1,216","$5,404","$11,502","$10,428","$7,833","$17,197","$33,097",99%,98%,17%,26%,30%,99%,98%,66%,67%,10%,30%,"$34,219","$28,090","$19,926","$20,060","$13,177",
Drexel University,PA,Philadelphia,City: Large,"37,314",Yes,Yes,79%,92%,---,79%,3.75,No,31%,22%,10%,13%,---,---,5%,20%,27,30,32,34,---,---,31,26,---,26,---,---,27,31,---,5%,620,660,700,740,1330,1430,670,620,1230,34%,45%,52%,3%,10%,11%,44%,---,27%,---,7%,"$64,212","$64,212","$86,243","1,252","1,067","2,883","13,169",31%,90%,78%,"$23,607",97%,"$31,109","$42,342","$1,198","$5,323","$4,865","$10,831","$5,291","$31,308","$33,654",99%,99%,17%,15%,29%,99%,99%,60%,61%,11%,29%,"$47,490","$39,204","$35,842","$29,749","$27,737",
Duke University,NC,Durham,City: Large,"51,795",Yes,No,6%,17%,---,4%,---,---,---,---,---,---,---,---,---,---,34,34,35,36,---,---,35,35,---,33,---,---,34,35,---,29.79%,740,760,770,800,1550,1570,790,780,1510,47.30%,53%,47%,---,12%,10%,39%,---,24%,---,14%,"$72,795","$72,795","$96,434",824,916,"1,742","6,523",86%,98%,97%,"$85,600",2%,"$56,922","$23,422","$3,968","$5,279","$6,611","$11,551","$4,426","$34,387","$59,327",56%,41%,10%,2%,11%,44%,41%,15%,16%,3%,11%,"$54,375","$16,487","$6,901",$242,"$3,295",
Duquesne University,PA,Pittsburgh,City: Large,"12,893",No,Yes,84%,---,86%,78%,3.79,No,34.22%,21.42%,7.09%,12.06%,0.58%,---,4.02%,20.54%,26,27,32,33,---,---,28,29,---,25,---,---,26,30,---,4%,600,630,670,670,1250,1350,620,580,1160,20%,63%,37%,---,6%,6%,80%,---,4%,---,5%,"$51,068","$51,068","$73,626",532,907,"1,477","5,371",67%,84%,77%,"$22,476",60%,"$25,503","$35,125",$802,"$4,997","$4,594","$13,945","$5,389","$22,354","$27,980",100%,100%,21%,27%,21%,100%,100%,61%,64%,25%,21%,"$38,975","$35,852","$31,920","$27,610","$25,943",
Eagle Gate College-Layton,---,Layton,---,180,---,---,89%,---,---,89%,---,No,---,---,---,---,---,---,---,---,---,---,---,---,---,---,---,---,---,---,---,---,---,---,---,---,---,---,---,---,---,---,---,---,---,---,67%,33%,---,14%,3%,68%,1%,3%,1%,9%,"$16,548","$16,548","$16,548",1,2,---,205,44%,63%,50%,---,---,---,"$28,332",$200,"$5,917",---,"$8,167","$7,310","$12,000","$5,536",82%,41%,18%,---,41%,82%,---,82%,82%,6%,41%,---,---,---,"$34,865","$31,342",
Eagle Gate College-Murray,---,Murray,---,"1,270",---,---,38%,---,---,38%,---,No,---,---,---,---,---,---,---,---,---,---,---,---,---,---,---,---,---,---,---,---,---,---,---,---,---,---,---,---,---,---,---,---,---,---,100%,---,---,20%,6%,48%,2%,5%,3%,16%,"$18,279","$18,279","$18,279",---,20,---,263,31%,67%,31%,---,---,---,"$19,185",$660,"$5,204",---,"$6,567","$6,567",---,"$6,224",100%,80%,50%,---,80%,100%,---,90%,90%,---,80%,---,---,---,"$28,304","$29,106",
Earlham College,IN,Richmond,Town: Distant,"2,075",No,Yes,73%,---,77%,70%,3.43,No,29.19%,10.05%,6.70%,12.92%,8.60%,---,16.27%,15.79%,24,26,33,34,---,---,27,21,---,24,---,---,25,28,---,9%,570,640,660,630,1250,1363,610,540,1178,23%,47%,50%,2%,7%,10%,72%,---,3%,---,7%,"$55,814","$55,814","$72,981",106,100,202,696,64%,77%,69%,"$36,114",100%,"$35,139","$26,517","$3,473","$5,352","$6,943","$6,491","$5,128","$14,825","$38,111",100%,100%,16%,16%,25%,100%,100%,50%,50%,5%,25%,"$29,101","$25,618","$22,527","$20,515","$18,306",
Eastern New Mexico University-Main Campus,NM,Portales,Town: Remote,"1,727",No,No,92%,---,---,92%,3.35,No,8.21%,15.84%,15.54%,17.89%,4.11%,---,16.13%,21.41%,17,18,23,22,---,---,17,15,---,16,---,---,17,23,---,14%,430,480,540,520,960,1070,480,400,850,51%,52%,48%,---,47%,6%,37%,3%,1%,1%,5%,"$7,074","$9,054","$21,252",274,294,490,"4,250",25%,62%,39%,---,---,"$1,784","$6,683",$750,"$4,837","$7,581","$4,831","$4,491","$6,799","$10,663",98%,98%,33%,91%,50%,98%,38%,19%,19%,1%,50%,"$11,849","$8,346","$7,332","$5,663","$4,722",
Eastern Oregon University,OR,La Grande,Town: Remote,"1,599",No,Yes,98%,---,---,98%,3.47,No,13.62%,21.59%,13.95%,13.62%,1.33%,---,16.61%,19.27%,---,---,---,---,---,---,---,---,---,---,---,---,---,---,---,---,---,---,---,---,---,---,---,---,---,---,58%,42%,---,15%,2%,65%,2%,1%,4%,12%,"$11,607","$25,692","$28,117",123,170,267,"2,502",29%,71%,43%,"$2,601",82%,"$3,084","$17,219",$562,"$5,407","$3,991","$6,073","$5,127","$13,008","$7,251",100%,98%,14%,50%,40%,100%,94%,45%,46%,4%,40%,"$21,428","$20,701","$15,217","$12,341","$12,069",
Eastern Washington University,WA,Cheney,Town: Fringe,"6,340",No,No,94%,---,---,94%,3.27,No,3.44%,20%,13.48%,15.38%,9.45%,---,22.13%,15.97%,23,---,27,29,---,---,---,16,---,18,---,---,---,30,---,1.32%,440,---,480,598,---,---,---,513,---,5.50%,59%,41%,---,20%,5%,61%,1%,3%,---,10%,"$8,886","$26,073","$29,810",528,751,"1,340","6,951",27%,67%,43%,"$3,110",60%,"$3,403","$13,786","$1,284","$4,631","$5,263","$6,403","$4,641","$13,639","$8,756",97%,89%,14%,58%,43%,97%,73%,45%,46%,7%,43%,"$20,564","$18,464","$12,004","$8,788","$8,578",
Eastman School of Music (University of Rochester),---,Rochester,---,---,---,---,---,---,---,---,---,---,---,---,---,---,---,---,---,---,---,---,---,---,---,---,---,---,---,---,---,---,---,---,---,---,---,---,---,---,---,---,---,---,---,---,---,---,---,---,---,---,---,---,---,---,---,---,---,---,---,---,---,---,---,---,---,---,---,---,---,---,---,---,---,---,---,---,---,---,---,---,---,---,---,---,---,---,---,---,---,---,---,
Ecclesia College,AR,Springdale,Rural: Fringe,120,No,No,48%,---,---,48%,---,No,---,---,---,---,---,---,---,---,18,---,25,---,---,---,---,---,---,---,---,---,---,---,---,60%,---,---,---,---,---,---,---,---,---,---,39%,61%,---,16%,16%,55%,4%,4%,1%,3%,"$17,300","$17,300","$25,300",20,13,33,138,11%,41%,18%,---,---,"$4,138","$24,610","$5,116","$4,961",$625,"$5,523","$4,700","$7,331","$6,723",100%,100%,8%,11%,51%,100%,100%,54%,57%,8%,51%,"$26,719","$27,570","$24,160","$22,559","$21,791",
Eckerd College,FL,Saint Petersburg,City: Large,"5,071",No,Yes,76%,---,78%,74%,3.64,No,10.57%,34.04%,9.09%,16.07%,0.21%,---,2.11%,27.91%,24,26,29,31,---,---,25,22.75,---,20.75,---,---,25,27,---,16%,600,650,690,640,1260,1336,610,560,1150,26%,73%,27%,---,10%,3%,78%,---,2%,---,6%,"$53,436","$53,436","$73,062",127,346,537,"1,893",58%,76%,66%,"$19,528",84%,"$24,432","$40,122","$1,302","$5,122","$6,881","$10,970","$5,022","$23,756","$26,757",99%,99%,26%,13%,22%,99%,99%,53%,53%,13%,28%,"$37,419","$32,127","$30,034","$28,782","$26,746",
Edmonds College,WA,Lynnwood,Suburb: Large,"6,415",No,No,92%,---,---,92%,---,---,---,---,---,---,---,---,---,---,---,---,---,---,---,---,---,---,---,---,---,---,---,---,---,---,---,---,---,---,---,---,---,---,---,---,52%,48%,---,16%,10%,38%,1%,16%,---,20%,"$4,953","$11,224","$28,515",194,207,---,"6,028",---,64%,---,---,---,$985,"$14,049","$1,685","$4,036","$3,492","$5,829","$5,184","$8,277","$6,234",52%,47%,19%,36%,30%,50%,21%,6%,7%,1%,33%,"$18,878","$18,161","$14,089","$12,004","$12,686",
Elizabethtown College,PA,Elizabethtown,Suburb: Large,"3,624",No,No,78%,---,---,78%,3.69,No,31.90%,26.10%,5%,11.80%,1.90%,---,5%,18.30%,25.5,27,29,31,---,---,27,22.5,---,23,---,---,24,31,---,1%,560,600,660,650,1180,1280,580,545,1090,30%,59%,41%,---,7%,3%,85%,---,2%,---,3%,"$39,370","$39,370","$55,330",205,289,529,"1,903",69%,84%,76%,"$19,635",98%,"$20,084","$27,019",$757,"$5,030","$4,199","$9,639","$5,438","$16,191","$22,312",100%,100%,15%,27%,21%,100%,100%,72%,72%,19%,21%,"$29,855","$25,608","$21,711","$19,414","$17,946",
Elmhurst University,IL,Elmhurst,Suburb: Large,"6,247",No,Yes,74%,---,96%,59%,3.59,No,24.31%,19.10%,10.07%,12.67%,1.91%,---,13.89%,18.06%,23,25,30,28,---,---,25,23,---,19,---,---,24,27,---,5%,510,550,640,620,1090,1210,540,480,960,23.40%,62%,38%,---,35%,6%,46%,---,9%,---,3%,"$44,883","$44,883","$66,947",221,355,607,"3,170",56%,80%,70%,---,---,"$23,492","$22,760",$951,"$5,330","$6,987","$7,227","$5,177","$16,304","$29,445",100%,99%,23%,47%,45%,99%,99%,54%,55%,7%,45%,"$28,795","$24,551","$20,115","$15,866","$14,641",
Elon University,NC,Elon,Suburb: Midsize,"18,105",Yes,Yes,66%,92%,56%,97%,3.85,No,56.46%,9.42%,6.74%,9.67%,0.18%,---,5.80%,11.73%,24,26,30,31,---,---,25,24,---,21,---,---,25,28,---,19%,580,620,670,650,1210,1305,590,540,1143,32%,60%,40%,---,7%,5%,77%,---,2%,---,8%,"$48,723","$48,723","$66,858",642,963,"1,677","6,452",79%,90%,84%,"$12,923",70%,"$16,389","$41,849",$602,"$5,007","$7,300","$11,746","$5,172","$31,244","$17,523",75%,69%,9%,5%,9%,72%,69%,28%,30%,7%,9%,"$48,382","$37,712","$32,133","$23,103","$27,108",
Embry-Riddle Aeronautical University-Prescott,AZ,Prescott,Rural: Fringe,"4,141",No,No,77%,---,---,77%,3.84,No,---,52%,9%,12%,1%,---,6%,20%,24,26,29,29,---,---,25,22,---,22,---,---,26,30,---,24.30%,580,630,680,690,1260,1360,630,563,1160,29.70%,30%,70%,---,17%,3%,59%,1%,7%,1%,13%,"$45,766","$45,766","$66,630",521,221,833,"3,229",46%,84%,68%,"$15,415",92%,"$18,082","$41,209","$2,917","$5,092",---,"$18,601","$5,222","$33,651","$18,949",98%,94%,5%,---,16%,95%,93%,44%,49%,20%,16%,"$42,052","$40,511","$37,944","$34,781","$37,016",
Emerson College,MA,Boston,City: Large,"11,091",Yes,Yes,47%,---,---,47%,3.73,No,---,---,---,---,---,---,---,---,30,31,33,35,---,---,34,32,---,26,---,---,28,30,---,7%,650,690,720,690,1340,1410,650,600,1250,20%,69%,31%,---,13%,6%,66%,---,7%,---,8%,"$59,044","$59,044","$87,516",310,687,997,"4,171",73%,88%,77%,"$14,378",58%,"$25,212","$50,703",$849,"$5,642","$4,148","$11,351","$5,501","$27,962","$26,447",81%,78%,7%,3%,15%,81%,78%,49%,50%,11%,15%,"$55,833","$43,628","$39,297","$34,742","$31,412",
Emmanuel College,GA,Franklin Springs,Town: Distant,461,No,No,53%,---,---,53%,3.4,No,11.30%,13%,10%,17%,14.40%,0.30%,15%,11%,---,---,---,---,---,---,---,---,---,---,---,---,---,---,---,---,---,---,---,---,---,---,---,---,---,---,46%,54%,---,8%,15%,69%,---,1%,1%,6%,"$25,500","$25,500","$34,530",109,94,204,861,36%,57%,32%,"$3,703",64%,"$11,792","$19,006","$2,112","$5,048","$3,903","$6,517","$5,545","$8,750","$15,985",97%,97%,4%,61%,40%,97%,93%,49%,49%,5%,40%,"$21,250","$23,245","$17,824","$15,569","$18,134",
Emory University,GA,Atlanta,City: Large,"34,614",Yes,No,10%,23%,---,9%,3.84,No,17.41%,58.38%,0.44%,2.53%,---,---,---,21.24%,32,33,35,---,---,---,---,---,---,---,---,---,---,---,---,20%,720,740,760,790,1520,1550,780,750,1460,43%,56%,44%,---,14%,12%,36%,---,30%,---,8%,"$68,056","$68,056","$93,264",630,807,"1,426","7,407",80%,96%,91%,"$38,751",9%,"$48,648","$27,986","$2,000","$5,785","$6,646","$10,420","$5,180","$28,084","$50,828",52%,46%,8%,11%,16%,49%,44%,11%,12%,2%,16%,"$54,582","$21,124","$11,687","$8,640","$6,895",
Empire College,---,Santa Rosa,---,"2,011",---,---,96%,---,---,96%,---,---,---,---,---,---,---,---,---,---,---,---,---,---,---,---,---,---,---,---,---,---,---,---,---,---,---,---,---,---,---,---,---,---,---,---,---,---,---,45%,2%,37%,2%,2%,3%,8%,"$15,000","$15,000","$55,380",---,---,---,---,---,---,---,---,---,---,---,---,---,---,---,---,---,---,---,---,---,---,---,---,---,---,---,---,---,---,---,---,---,---,
Endicott College,MA,Beverly,Suburb: Large,"5,562",Yes,Yes,72%,90%,87%,56%,3.64,No,26.09%,18.28%,11.03%,15.86%,0.69%,---,10.69%,17.36%,26,27,29,28,---,---,27,23,---,23,---,---,25,29,---,2%,590,640,680,660,1260,1340,620,570,1160,15%,68%,32%,---,6%,1%,86%,---,2%,---,5%,"$42,650","$42,650","$64,172",288,607,901,"3,176",75%,88%,78%,"$13,968",96%,"$16,501","$39,988",$955,"$4,942","$1,923","$16,520","$9,508","$23,615","$17,557",99%,98%,9%,12%,13%,99%,97%,71%,72%,22%,13%,"$42,234","$37,557","$33,068","$28,318","$29,799",
Ensign College,UT,Salt Lake City,City: Midsize,"1,270",No,No,38%,---,---,38%,---,No,---,---,---,---,---,---,---,---,---,---,---,---,---,---,---,---,---,---,---,---,---,---,---,---,---,---,---,---,---,---,---,---,---,---,39%,61%,---,2%,---,13%,---,---,---,84%,"$4,128","$4,128","$19,849",272,177,---,"5,973",---,61%,---,---,---,"$1,391","$11,329",---,"$4,364",$621,"$4,766","$4,766",---,"$2,558",57%,55%,---,---,17%,57%,43%,9%,9%,---,17%,"$13,892","$12,257","$11,426","$9,601","$8,570",
Fairfield University,CT,Fairfield,Suburb: Large,"18,509",Yes,Yes,33%,80%,42%,9%,3.76,No,32.60%,20.90%,6.50%,13.40%,1%,---,4.80%,21.50%,29,30,32,---,---,---,---,---,---,---,---,---,---,---,---,5%,630,650,700,690,1310,1380,660,630,1240,14%,58%,42%,---,9%,1%,81%,---,2%,---,7%,"$60,410","$60,410","$82,610",611,849,"1,436","5,391",81%,91%,84%,"$23,408",96%,"$25,486","$47,630","$1,528","$5,432","$4,074","$9,784","$5,435","$28,191","$25,877",98%,95%,3%,1%,6%,98%,95%,53%,54%,8%,6%,"$49,644","$39,355","$35,003","$28,062","$32,161",
Fairleigh Dickinson University-Florham Campus,NJ,Madison,Suburb: Large,"4,455",No,No,95%,---,---,95%,3.39,---,---,---,---,---,---,---,---,---,---,---,---,---,---,---,---,---,---,---,---,---,---,---,---,1%,---,---,---,---,---,---,---,---,---,1%,57%,43%,---,27%,11%,50%,---,5%,---,7%,"$38,564","$38,564","$60,422",220,286,512,"1,997",38%,77%,55%,---,---,"$19,825","$26,472","$1,029","$5,470","$11,509","$10,445","$5,243","$24,118","$25,882",99%,98%,23%,30%,39%,99%,98%,58%,61%,14%,39%,"$33,996","$29,164","$24,146","$17,253","$13,308",
Fairleigh Dickinson University-Metropolitan Campus,NJ,Teaneck,Suburb: Large,"4,259",Yes,---,96%,---,---,96%,3.31,No,---,29%,15%,15%,9%,---,17%,15%,---,---,---,---,---,---,---,---,---,---,---,---,---,---,---,---,---,---,---,---,---,---,---,---,---,1%,57%,43%,---,33%,13%,34%,---,6%,---,15%,"$38,544","$38,544","$62,417",496,652,606,"7,703",51%,76%,62%,"$14,796",43%,"$21,227","$17,121","$1,006","$5,497","$11,931","$7,405","$5,214","$21,075","$31,504",89%,88%,34%,45%,56%,88%,88%,44%,45%,5%,56%,"$27,494","$23,511","$14,926","$12,213","$12,150",
Faith International University,WA,Tacoma,City: Midsize,47,---,---,89%,---,---,89%,---,No,---,---,---,---,---,---,---,---,---,---,---,---,---,---,---,---,---,---,---,---,---,---,---,---,---,---,---,---,---,---,---,---,---,---,33%,67%,---,16%,20%,46%,1%,9%,1%,8%,"$8,100","$8,100","$30,153",2,1,---,196,17%,67%,17%,---,---,$900,"$18,361",---,"$1,902",---,"$2,145","$2,145",---,"$2,432",75%,75%,---,---,50%,75%,75%,50%,50%,---,50%,---,"$19,893",---,---,"$17,595",
FIDM/Fashion Institute of Design & Merchandising-San Francisco,---,San Francisco,---,---,---,---,---,---,---,---,---,---,---,---,---,---,---,---,---,---,---,---,---,---,---,---,---,---,---,---,---,---,---,---,---,---,---,---,---,---,---,---,---,---,---,---,---,---,---,26%,8%,30%,1%,25%,5%,6%,---,---,---,---,---,---,98,---,91%,---,---,---,---,---,---,---,---,---,---,---,---,---,---,---,---,---,---,---,---,---,---,---,---,---,---,---,---,
Fisk University,TN,Nashville,City: Large,"7,982",No,Yes,58%,---,---,58%,3.1,No,---,---,---,---,---,---,---,---,20,22,25,26,---,---,22,21,---,17,---,---,20,23,---,25%,590,635,700,780,1330,1480,695,570,1160,52%,70%,30%,---,1%,89%,---,---,1%,---,9%,"$26,582","$26,582","$38,490",94,220,320,950,51%,73%,56%,---,---,"$18,651","$19,836",---,"$5,350","$6,350","$7,252","$5,867","$18,113","$20,400",100%,96%,---,17%,52%,100%,85%,50%,56%,6%,52%,"$30,281","$35,437","$27,075","$24,865","$21,410",
Flagler College,FL,Saint Augustine,Suburb: Small,"5,004",---,---,81%,67%,---,82%,3.64,No,0.57%,22%,16.64%,22.12%,1.05%,---,19.47%,18.15%,19,22,25,25,---,---,22,18,---,16,---,---,19,22,---,21%,510,560,620,580,1090,1200,530,470,990,35%,71%,29%,---,15%,3%,72%,---,1%,---,9%,"$33,390","$33,390","$55,360",190,463,655,"2,409",45%,69%,56%,"$7,791",58%,"$7,074","$31,085",$784,"$5,116","$4,693","$8,989","$5,335","$18,450","$11,204",100%,100%,100%,48%,29%,100%,95%,61%,62%,12%,100%,"$35,920","$31,814","$25,428","$24,521","$22,668",
Florida Agricultural and Mechanical University,FL,Tallahassee,City: Midsize,"22,756",No,Yes,21%,---,---,21%,3.75,No,31.40%,19.40%,10.30%,15.30%,0.50%,---,2.60%,20.40%,19.5,22,24.25,24,---,---,21,19,---,17,---,---,20,23,---,44.90%,520,560,610,570,1090,1150,530,510,1030,82.80%,66%,34%,---,6%,89%,3%,---,---,---,2%,"$5,785","$17,725","$25,869",475,909,"1,391","7,890",28%,89%,53%,---,---,"$3,681","$15,491","$1,482","$5,700","$4,578","$6,274","$5,629","$10,908","$8,704",93%,79%,13%,37%,56%,89%,48%,55%,56%,4%,56%,"$21,999","$19,721","$17,489","$13,574","$13,203",
Florida Southern College,FL,Lakeland,City: Midsize,"10,862",Yes,Yes,59%,86%,79%,52%,3.73,No,35.60%,23.70%,5.70%,11.10%,---,---,3.20%,20.70%,25,27,30,30,---,---,27,24,---,23,---,---,25,28,---,21%,590,630,660,650,1240,1310,610,580,1170,25%,66%,34%,---,16%,7%,69%,---,3%,---,4%,"$42,360","$42,360","$60,800",216,424,640,"2,626",63%,78%,68%,"$24,864",100%,"$22,887","$30,462",$642,"$5,164","$4,772","$8,379","$5,309","$20,127","$26,704",100%,100%,14%,51%,28%,100%,99%,58%,59%,9%,28%,"$34,331","$30,479","$27,634","$25,913","$23,266",
Florida State University,FL,Tallahassee,City: Midsize,"78,272",No,Yes,24%,---,---,24%,3.71,No,87.60%,7.10%,0.70%,0.80%,0.10%,---,0.30%,3.40%,29,29,32,34,---,---,30,28,---,25,---,---,27,29,---,36.10%,640,660,710,700,1310,1390,650,630,1240,63.90%,57%,43%,---,24%,7%,59%,---,4%,---,6%,"$6,517","$21,683","$26,229","2,460","3,298","5,890","32,711",74%,96%,86%,"$4,447",27%,"$3,498","$14,903","$1,204","$5,824","$6,117","$6,850","$5,180","$14,943","$8,731",95%,86%,11%,79%,21%,89%,36%,20%,21%,3%,21%,"$17,910","$16,057","$11,131","$7,427","$5,777",
Foothill College,CA,Los Altos Hills,Suburb: Large,412,No,No,42%,---,---,42%,---,---,---,---,---,---,---,---,---,---,---,---,---,---,---,---,---,---,---,---,---,---,---,---,---,---,---,---,---,---,---,---,---,---,---,---,50%,50%,---,34%,3%,29%,---,25%,1%,8%,"$1,557","$12,762","$31,227",367,372,---,"12,931",---,---,---,---,---,$858,"$9,665",$594,"$4,025","$2,212","$5,561","$5,561",---,"$4,298",62%,62%,15%,58%,25%,62%,7%,3%,3%,---,27%,"$14,191","$11,391","$9,954","$7,045","$6,428",
Fordham University,NY,Bronx,City: Large,"43,364",Yes,Yes,59%,52%,58%,61%,3.63,No,13%,30%,8%,15%,---,---,4%,30%,30,32,33,35,---,---,34,32,---,27,---,---,28,32,---,6%,660,700,730,750,1400,1490,700,660,1330,18%,61%,39%,---,23%,7%,48%,---,15%,---,7%,"$67,452","$67,452","$97,384",959,"1,526","2,426","10,582",75%,89%,82%,"$22,690",59%,"$30,590","$45,368","$1,712","$5,656","$4,912","$9,585","$5,266","$32,657","$33,278",94%,94%,15%,19%,23%,94%,94%,51%,52%,7%,23%,"$50,121","$41,753","$38,039","$33,504","$31,239",
Fort Lewis College,CO,Durango,Town: Distant,"4,241",---,Yes,93%,---,---,93%,3.36,No,14.82%,15.44%,15.19%,12.83%,5.23%,---,20.05%,16.31%,16,20,24,23,---,---,19,15,---,16,---,---,18,23,---,11%,530,560,640,620,1100,1220,540,530,980,19%,52%,48%,---,14%,1%,43%,29%,---,---,12%,"$9,958","$21,526","$28,982",382,415,815,"3,320",30%,63%,43%,"$5,559",49%,"$6,095","$16,074","$1,265","$5,078","$12,971","$5,681","$4,866","$13,372","$13,989",98%,97%,7%,56%,42%,98%,68%,36%,38%,3%,42%,"$16,310","$16,703","$19,105","$17,612","$17,272",
Franklin and Marshall College,PA,Lancaster,City: Small,"9,881",Yes,No,28%,28%,---,28%,---,---,---,---,---,---,---,---,---,---,30,31,33,35,---,---,33,29,---,27,---,---,28,31,---,9%,660,700,730,733,1390,1460,690,650,1298,25%,52%,48%,---,11%,6%,71%,---,7%,---,5%,"$73,210","$73,210","$92,696",228,249,553,"1,808",76%,90%,84%,"$19,876",65%,"$44,593","$37,475",$854,"$5,318","$3,842","$8,225","$5,132","$12,161","$45,764",71%,68%,10%,6%,10%,69%,68%,40%,50%,17%,10%,"$48,713","$28,353","$26,954","$18,539","$13,331",
Franklin University Switzerland,---,Sorengo (Lugano),---,---,---,---,---,---,---,---,---,---,---,---,---,---,---,---,---,---,---,---,---,---,---,---,---,---,---,---,---,---,---,---,---,---,---,---,---,---,---,---,---,---,---,---,---,---,---,---,---,---,---,---,---,---,---,---,---,---,---,---,---,---,---,---,---,---,---,---,---,---,---,---,---,---,---,---,---,---,---,---,---,---,---,---,---,---,---,---,---,---,---,
Franklin W. Olin College of Engineering,MA,Needham,Suburb: Large,928,---,---,24%,---,---,24%,3.9,No,---,79%,---,1%,---,---,---,20%,34,35,35,35,---,---,35,34,---,32,---,---,35,36,---,22%,720,750,770,790,1530,1560,780,760,1480,46%,50%,50%,---,11%,4%,48%,---,22%,---,16%,"$63,742","$63,742","$86,989",49,49,98,402,73%,99%,92%,"$30,069",100%,"$39,833","$40,370","$1,200","$5,619",---,"$10,155","$4,300","$29,277","$41,116",100%,100%,11%,---,21%,100%,100%,26%,26%,5%,21%,"$46,317","$21,098","$13,333","$4,690","$7,058",
Fremont University,---,Cerritos,---,152,---,---,100%,---,---,100%,---,---,---,---,---,---,---,---,---,---,---,---,---,---,---,---,---,---,---,---,---,---,---,---,---,---,---,---,---,---,---,---,---,---,---,---,83%,17%,---,55%,18%,9%,---,5%,1%,13%,---,---,---,8,39,---,153,---,---,---,---,---,"$7,327","$32,304",$238,"$5,200","$2,007","$8,813","$8,813",---,"$5,650",81%,76%,60%,1%,72%,81%,8%,68%,68%,---,72%,---,"$34,353","$32,835","$29,806","$32,717",
Fresno Pacific University,CA,Fresno,City: Large,"1,516",No,No,58%,---,---,58%,3.54,No,---,---,---,---,---,---,---,---,18,---,24,---,---,---,---,---,---,---,---,---,---,---,---,47%,---,---,---,---,---,---,---,---,---,---,66%,34%,---,64%,6%,21%,1%,5%,1%,3%,"$36,660","$36,660","$52,378",70,137,207,"1,616",40%,81%,50%,"$13,121",100%,"$20,787","$15,668",$958,"$5,017","$8,088","$6,023","$4,600","$21,829","$27,472",99%,99%,4%,53%,45%,99%,99%,41%,43%,3%,45%,"$20,235","$15,205","$11,116","$11,874","$13,059",
Furman University,SC,Greenville,Suburb: Large,"10,813",Yes,Yes,43%,25%,56%,26%,3.67,No,19.70%,30.10%,9.40%,16.90%,---,---,2.80%,21.10%,28,30,32,35,---,---,32,29,---,26,---,---,28,31,---,21.88%,650,690,720,710,1350,1425,660,620,1260,27.30%,59%,41%,---,8%,6%,77%,---,4%,---,5%,"$61,444","$61,444","$82,258",251,354,620,"2,383",72%,91%,79%,"$31,388",81%,"$37,307","$32,901","$1,628","$5,210","$7,891","$9,717","$5,339","$21,034","$40,954",100%,100%,12%,36%,12%,100%,100%,30%,32%,7%,12%,"$37,271","$29,927","$24,978","$16,294","$16,190",
Gannon University,PA,Erie,City: Small,"6,547",No,No,74%,---,---,74%,3.6,No,---,58%,7%,8%,2%,---,9%,15%,21,---,27,28,---,---,---,21,---,19,---,---,---,28,---,6%,540,---,640,650,---,---,---,510,---,23%,58%,42%,---,7%,7%,74%,---,3%,---,8%,"$41,426","$41,426","$62,079",231,316,619,"2,768",53%,76%,67%,"$24,346",42%,"$24,458","$23,942","$3,600","$5,548","$4,174","$9,328","$5,508","$16,644","$27,483",83%,82%,2%,29%,24%,83%,82%,66%,68%,16%,25%,"$25,859","$25,316","$21,199","$17,863","$16,808",
George Fox University,OR,Newberg,Town: Fringe,"4,207",---,---,94%,---,---,94%,3.7,No,26.20%,31.02%,8.36%,12.61%,0.28%,---,5.38%,16.15%,20.1,23,29,28,---,---,23,19,---,19,---,---,20,27,---,4%,560,600,680,660,1180,1330,580,510,1070,8%,57%,43%,---,16%,2%,67%,1%,5%,1%,9%,"$44,490","$44,490","$64,948",305,403,603,"3,401",65%,83%,72%,"$22,216",96%,"$22,671","$30,649","$1,054","$5,129","$4,919","$8,758","$5,466","$18,652","$24,881",98%,97%,17%,19%,24%,98%,96%,63%,65%,12%,24%,"$34,826","$29,546","$25,491","$23,048","$19,909",
George Mason University,VA,Fairfax,Suburb: Large,"25,233",---,Yes,87%,---,---,87%,3.69,No,28%,23%,8%,19%,---,---,1%,22%,25,28,30,31,---,---,27,23,---,22,---,---,26,27,---,2%,580,630,680,680,1240,1340,610,580,1140,19%,47%,53%,---,19%,13%,33%,---,25%,---,9%,"$14,316","$39,312","$35,462","2,253","2,017","4,451","28,331",46%,86%,68%,"$8,892",52%,"$7,603","$18,900",$536,"$5,155","$5,508","$7,907","$5,084","$18,591","$11,311",80%,72%,15%,38%,28%,80%,59%,40%,41%,7%,28%,"$25,247","$20,394","$16,296","$13,383","$12,197",
George Washington University,DC,Washington,City: Large,"27,006",Yes,No,47%,66%,---,46%,---,---,---,---,---,---,---,---,---,---,30,32,33,35,---,---,34,32,---,27,---,---,30,32,---,12%,680,720,750,750,1430,1500,710,670,1350,27%,66%,34%,---,15%,9%,51%,---,17%,---,8%,"$70,170","$70,170","$95,425",833,"1,607","2,539","11,677",75%,92%,84%,"$25,357",52%,"$33,965","$45,466","$2,014","$5,274","$2,536","$10,130","$5,166","$30,614","$35,367",79%,77%,15%,1%,15%,79%,77%,37%,38%,6%,16%,"$53,974","$33,540","$21,863","$18,171","$21,396",
Georgetown University,DC,Washington,City: Large,"26,131",No,Yes,13%,---,---,13%,---,---,---,---,---,---,---,---,---,---,31,33,35,36,---,---,35,34,---,29,---,---,32,34,---,30%,700,740,770,780,1500,1550,760,690,1390,78%,58%,42%,---,7%,6%,54%,---,18%,---,16%,"$71,338","$71,338","$97,224",660,898,"1,599","7,833",87%,97%,95%,---,---,"$45,594","$37,967","$8,008","$5,557","$1,733","$10,480","$3,383","$39,527","$46,729",48%,36%,5%,1%,9%,40%,35%,19%,20%,4%,9%,"$57,166","$26,491","$13,464","$8,750","$5,340",
Georgia Institute of Technology-Main Campus,GA,Atlanta,City: Large,"59,789",No,Yes,14%,---,15%,13%,4.14,Yes,92.54%,5.26%,0.25%,0.33%,0.06%,---,0.43%,1.13%,30,32,34,35,---,---,33,31,---,29,---,---,31,35,---,35%,680,700,750,790,1450,1530,750,690,1330,77%,44%,56%,---,9%,9%,38%,---,38%,---,6%,"$12,008","$35,092","$30,154","2,162","1,676","3,763","20,592",63%,98%,94%,"$5,329",13%,"$13,139","$15,901","$2,837","$4,988","$10,114","$7,726","$4,977","$16,554","$13,423",73%,71%,2%,56%,12%,73%,24%,21%,22%,4%,12%,"$17,250","$16,601","$13,349","$9,083","$7,491",
Gettysburg College,PA,Gettysburg,City: Small,"8,366",Yes,Yes,39%,---,64%,24%,---,---,---,---,---,---,---,---,---,---,27,29,32,34,---,---,32,27,---,23,---,---,27,31,---,7%,630,680,720,740,1350,1460,670,610,1240,32%,46%,54%,---,13%,6%,71%,---,3%,---,6%,"$68,970","$68,970","$89,340",272,236,604,"2,104",78%,91%,83%,"$38,359",63%,"$42,868","$35,729","$1,500","$5,218","$4,799","$7,551","$5,292","$5,974","$44,671",98%,95%,11%,9%,20%,96%,95%,44%,56%,32%,21%,"$42,579","$27,423","$22,407","$15,191","$14,666",
Gnomon,---,Hollywood,---,60,---,---,38%,---,---,38%,---,No,---,---,---,---,---,---,---,---,---,---,---,---,---,---,---,---,---,---,---,---,---,---,---,---,---,---,---,---,---,---,---,---,---,---,55%,45%,---,16%,2%,34%,---,24%,2%,23%,"$29,481","$29,481","$59,559",9,11,20,555,---,88%,---,---,---,"$2,500","$44,606",$600,"$6,811",---,"$5,214","$5,214",---,"$4,165",44%,24%,8%,---,8%,44%,16%,28%,28%,---,8%,"$47,510","$48,010","$40,515",---,"$40,515",
Golden Gate University,CA,San Francisco,City: Large,"1,516",No,No,58%,---,---,58%,---,---,---,---,---,---,---,---,---,---,---,---,---,---,---,---,---,---,---,---,---,---,---,---,---,---,---,---,---,---,---,---,---,---,---,---,---,---,---,17%,17%,29%,2%,9%,3%,23%,"$11,343","$11,343","$30,863",---,---,---,575,---,50%,---,---,---,---,---,---,"$5,228",---,---,---,---,---,---,---,---,---,---,---,---,---,---,---,---,---,---,---,---,---,
Gonzaga University,WA,Spokane,City: Midsize,"8,759",No,Yes,82%,---,---,82%,3.66,No,9.42%,38.33%,7.97%,16.83%,---,---,2.49%,24.96%,27,28,31,33,---,---,28,25,---,24,---,---,27,30,---,7%,600,660,700,680,1315,1410,655,590,1220,22%,53%,46%,1%,15%,1%,65%,1%,7%,---,10%,"$57,250","$57,250","$79,798",576,670,"1,254","5,281",74%,93%,86%,"$22,532",99%,"$27,250","$40,295","$1,234","$4,869","$8,052","$8,751","$5,274","$14,147","$29,150",100%,100%,10%,13%,14%,100%,100%,41%,43%,11%,14%,"$43,615","$35,623","$25,096","$22,330","$23,364",
Goucher College,MD,Baltimore,City: Small,"3,682",No,Yes,78%,---,---,78%,3.27,No,6.16%,15.58%,16.30%,15.95%,5.07%,---,25%,15.58%,26.5,27,30,33.5,---,---,27,26,---,23.5,---,---,26,27,---,5%,555,625,685,647.5,1205,1366,580,530,1080,19%,62%,38%,---,7%,33%,48%,1%,5%,---,7%,"$53,350","$53,350","$75,740",103,170,261,981,57%,79%,69%,"$39,240",95%,"$36,489","$28,749","$1,216","$5,318","$8,257","$8,225","$5,235","$16,412","$40,484",100%,99%,20%,23%,34%,100%,99%,48%,48%,9%,34%,"$35,948","$27,178","$22,034","$14,176","$13,998",
Grand Canyon University,---,Phoenix,---,"47,978",---,---,60%,---,---,60%,---,---,---,---,---,---,---,---,---,---,19,21,24,24,---,---,21,19,---,18,---,---,20,22,---,---,540,570,620,555,1105,1175,535,518,1058,---,61%,39%,---,24%,16%,48%,1%,3%,1%,7%,"$17,900","$17,900","$33,300","2,718","4,232","8,420","70,929",37%,68%,45%,---,---,"$7,656","$22,239",$907,"$5,113",$829,"$7,503","$5,273","$13,870","$9,308",99%,98%,15%,---,30%,99%,97%,55%,56%,9%,30%,"$24,177","$23,907","$22,037","$19,082","$18,474",
Grays Harbor College,WA,Aberdeen,Rural: Fringe,"9,530",No,No,76%,---,---,76%,---,No,---,---,---,---,---,---,---,---,---,---,---,---,---,---,---,---,---,---,---,---,---,---,---,---,---,---,---,---,---,---,---,---,---,---,43%,57%,---,21%,4%,54%,3%,2%,---,16%,"$4,882","$10,948","$23,314",112,85,---,"1,663",---,57%,---,---,---,"$2,497","$6,475","$1,969","$4,332","$4,075","$4,419","$4,419",---,"$8,353",81%,78%,70%,51%,40%,81%,52%,6%,6%,---,73%,"$9,110","$5,259","$4,969","$3,536","$1,557",
Great Basin College,NV,Elko,Town: Remote,"10,142",No,No,85%,---,---,85%,---,No,---,---,---,---,---,---,---,---,---,---,---,---,---,---,---,---,---,---,---,---,---,---,---,---,---,---,---,---,---,---,---,---,---,---,48%,52%,---,25%,4%,58%,3%,2%,1%,6%,"$3,938","$8,025","$12,870",74,68,---,"2,936",5%,57%,5%,$673,94%,"$1,945","$7,472","$1,400","$4,050","$2,477","$6,831","$6,106","$11,906","$5,096",65%,65%,2%,53%,40%,65%,8%,6%,7%,1%,40%,"$12,010","$9,665","$8,529","$5,828","$7,125",
Green River College,WA,Auburn,City: Small,"9,530",No,No,76%,---,---,76%,---,No,---,---,---,---,---,---,---,---,---,---,---,---,---,---,---,---,---,---,---,---,---,---,---,---,---,---,---,---,---,---,---,---,---,---,45%,55%,---,19%,11%,32%,1%,16%,1%,21%,"$5,099","$5,754","$5,861",359,293,---,"7,361",---,---,---,---,---,"$1,741","$13,621",$822,"$4,225","$3,510","$5,047","$4,980","$3,820","$6,444",52%,46%,12%,42%,28%,48%,12%,9%,9%,---,29%,"$19,968","$15,074","$13,329","$11,801","$10,534",
Grinnell College,IA,Grinnell,Town: Remote,"9,758",Yes,No,15%,34%,---,13%,---,---,---,---,---,---,---,---,---,---,31,33,34,35,---,---,34,31,---,28,---,---,30,34,---,21%,700,730,750,790,1490,1550,760,710,1418,29%,49%,47%,4%,11%,6%,61%,---,12%,---,9%,"$72,346","$72,346","$92,444",214,224,457,"1,788",74%,93%,88%,"$26,154",73%,"$44,274","$33,446","$4,000","$5,284","$7,500","$7,432","$4,949","$7,583","$45,782",92%,92%,4%,2%,19%,92%,92%,12%,12%,4%,19%,"$36,265","$16,891","$6,220","$6,235","$6,739",
Grove City College,PA,Grove City,Town: Distant,"2,095",Yes,No,72%,96%,---,68%,3.78,No,19%,45%,4%,7%,1%,---,3%,21%,23,27,31,32,---,---,27,22,---,21,---,---,25,29,---,18%,580,630,680,670,1251,1374,621,570,1128,51%,45%,55%,---,1%,1%,91%,---,2%,---,6%,"$22,570","$22,570","$37,190",312,253,557,"2,341",77%,88%,83%,"$7,434",35%,"$7,432","$24,184",---,---,"$3,934","$15,288",---,"$15,288","$8,222",74%,60%,---,13%,---,61%,59%,---,34%,34%,---,---,---,---,---,---,
Guilford College,NC,Greensboro,City: Large,"3,775",Yes,Yes,84%,100%,43%,84%,3.14,No,5%,9%,13%,15%,12%,---,28%,18%,18,22,26,25,---,---,21,15,---,16,---,---,21,25,---,19%,510,580,630,620,1120,1250,540,500,1010,10%,55%,45%,---,16%,28%,47%,---,2%,---,6%,"$41,270","$41,270","$54,670",166,199,366,"1,160",45%,66%,55%,"$21,716",100%,"$27,166","$22,620",$585,"$5,377","$6,335","$7,153","$5,581","$12,554","$33,106",100%,100%,32%,47%,54%,100%,100%,68%,68%,9%,54%,"$25,245","$30,620","$25,205","$24,870","$20,785",
Gurnick Academy of Medical Arts,---,San Mateo,---,5,---,---,40%,---,---,40%,---,---,---,---,---,---,---,---,---,---,---,---,---,---,---,---,---,---,---,---,---,---,---,---,---,---,---,---,---,---,---,---,---,---,---,---,69%,31%,---,34%,8%,16%,1%,29%,2%,10%,"$17,707","$17,707","$39,646",40,88,---,"2,844",---,50%,---,---,---,---,"$29,367",$455,"$4,672","$2,105","$13,166","$8,314","$15,848","$5,294",78%,60%,24%,2%,59%,76%,---,76%,76%,23%,59%,"$34,940","$34,265","$31,019","$30,076","$29,443",
Gustavus Adolphus College,MN,Saint Peter,Town: Fringe,"4,450",No,Yes,62%,---,---,62%,3.65,No,10%,39.70%,8.10%,15.80%,0.90%,---,5.10%,20.50%,25,28,31,32,---,---,28,23,---,24,---,---,27,29,---,39%,---,---,---,---,---,---,---,---,---,---,53%,47%,---,6%,2%,83%,---,3%,---,6%,"$56,066","$56,066","$68,470",233,266,499,"1,952",63%,84%,76%,"$30,765",100%,"$34,539","$28,805",$697,"$4,661","$5,974","$9,297","$5,141","$15,883","$37,193",98%,97%,19%,30%,20%,98%,96%,54%,56%,15%,20%,"$34,227","$26,149","$17,611","$14,251","$15,799",
Hamilton College,NY,Clinton,Suburb: Midsize,"8,531",Yes,No,14%,29%,---,12%,---,---,---,---,---,---,---,---,---,---,33,33,35,---,---,---,---,---,---,---,---,---,---,---,---,16%,720,740,770,780,1490,1550,750,730,1410,34%,51%,46%,2%,11%,3%,68%,---,10%,---,8%,"$72,690","$72,690","$93,450",215,238,462,"2,037",79%,95%,91%,---,---,"$51,621","$26,021","$4,000","$5,564","$4,454","$5,781","$4,058","$17,817","$54,359",57%,51%,4%,9%,17%,55%,51%,31%,33%,4%,17%,"$50,232","$21,312","$18,336","$8,614","$4,906",
Hamline University,MN,Saint Paul,City: Large,"3,185",---,Yes,90%,---,---,90%,3.5,No,10%,23%,14%,19%,---,---,14%,20%,20,24,28,28,---,---,23,20,---,19,---,---,24,26,---,32%,593,650,695,698,1270,1393,620,553,1146,4%,63%,37%,---,13%,12%,57%,1%,9%,---,8%,"$50,004","$50,004","$64,804",148,247,395,"1,716",54%,74%,65%,"$22,364",85%,"$28,117","$22,759","$2,821","$5,092","$5,905","$9,335","$5,309","$15,016","$33,981",100%,100%,12%,56%,43%,100%,100%,61%,63%,17%,43%,"$27,061","$24,313","$19,628","$15,893","$18,011",
Hampden-Sydney College,VA,Hampden-Sydney,Rural: Distant,"3,177",Yes,Yes,41%,44%,---,41%,3.42,No,17.71%,17.71%,13.89%,16.32%,1.74%,---,15.63%,17%,23,27,28,27,---,---,22,23,---,21,---,---,25,28,---,5%,520,580,640,610,1140,1230,560,510,1060,8%,---,100%,---,7%,7%,79%,---,1%,---,6%,"$57,040","$57,040","$79,242",295,---,240,946,54%,83%,62%,"$27,310",99%,"$33,647","$29,578","$1,422","$5,031","$4,452","$7,922","$5,131","$21,373","$37,555",100%,100%,17%,62%,23%,100%,99%,49%,50%,7%,23%,"$33,760","$22,295","$23,831","$12,732","$12,552",
Hampshire College,MA,Amherst,Suburb: Large,"2,132",Yes,Yes,75%,70%,---,75%,3.42,No,8%,25%,12%,15%,6%,---,13%,20%,---,---,---,---,---,---,---,---,---,---,---,---,---,---,---,---,---,---,---,---,---,---,---,---,---,---,41%,30%,29%,14%,8%,66%,---,2%,---,11%,"$61,484","$61,484","$80,752",67,90,259,844,2%,78%,54%,"$30,599",98%,"$40,793","$27,556","$2,148","$5,229","$3,642","$7,289","$5,171","$23,606","$43,944",100%,100%,31%,13%,37%,100%,100%,61%,61%,6%,39%,"$35,849","$26,760","$22,586","$15,008","$14,636",
Hartwick College,NY,Oneonta,Town: Remote,"4,863",Yes,No,69%,78%,---,69%,3.51,No,1.30%,21.20%,17.20%,25.20%,---,---,2.60%,32.50%,10,---,27,---,---,---,---,---,---,---,---,---,---,---,---,3%,540,590,670,620,1170,1280,580,530,1090,5%,60%,40%,---,9%,12%,2%,10%,3%,53%,11%,"$23,200","$23,200","$41,420",127,187,360,"1,097",41%,74%,53%,"$34,277",99%,"$36,421","$26,818","$1,114","$4,994","$2,330","$8,849","$5,685","$17,669","$39,578",100%,100%,22%,39%,40%,100%,100%,87%,87%,16%,40%,"$30,012","$31,596","$30,440","$29,759","$26,633",
Harvard University,MA,Cambridge,City: Midsize,"54,008",No,Yes,4%,---,9%,3%,4.21,Yes,72.41%,22.20%,0.17%,0.60%,0.17%,---,0.34%,4.11%,34,35,36,36,---,---,35,35,---,32,---,---,35,36,---,19%,740,760,780,800,1550,1580,790,770,1500,54%,53%,47%,---,14%,11%,35%,---,28%,---,12%,"$64,796","$64,796","$90,426",764,877,"1,645","7,038",55%,98%,98%,"$6,000",---,"$62,073","$17,900","$4,055","$5,416","$2,708","$8,729","$5,101","$8,539","$64,942",72%,57%,12%,4%,21%,59%,57%,4%,9%,7%,21%,"$53,571","$13,937","$2,167","$2,496","$2,895",
Harvey Mudd College,CA,Claremont,Suburb: Large,"5,094",Yes,No,13%,16%,---,12%,---,---,---,---,---,---,---,---,---,---,34,35,36,36,---,---,35,35,---,33,---,---,35,35,---,16%,730,750,770,800,1530,1560,780,770,1480,52%,50%,50%,---,25%,6%,27%,---,23%,---,19%,"$73,100","$73,100","$98,734",115,116,224,921,80%,96%,92%,"$10,457",33%,"$38,600","$42,720","$1,838","$5,546","$9,212","$6,112","$4,950","$13,286","$42,070",75%,68%,16%,14%,17%,75%,68%,34%,34%,3%,17%,"$52,642","$18,551","$18,937","$6,818","$17,340",
Haverford College,PA,Haverford,Suburb: Large,"7,341",Yes,No,12%,29%,---,10%,---,---,---,---,---,---,---,---,---,---,33,34,35,36,---,---,35,34,---,31,---,---,32,35,---,17%,720,730,770,780,1490,1540,760,740,1430,39%,52%,48%,---,13%,5%,55%,---,15%,---,12%,"$73,568","$73,568","$97,148",184,203,373,"1,431",76%,94%,90%,---,---,"$59,502","$22,828","$2,000","$5,704","$4,221","$9,559","$4,206","$38,809","$61,802",45%,42%,7%,2%,13%,43%,42%,8%,8%,1%,13%,"$44,137","$19,041","$15,500","$3,619","$3,600",
Hawaii Pacific University,HI,Honolulu,City: Large,"14,206",No,Yes,86%,---,---,86%,3.58,No,---,42%,11%,15%,2%,---,13%,18%,19,25,27,25,---,---,24,18,---,17,---,---,24,26,---,9%,510,590,610,590,1155,1280,565,488,1068,15%,77%,23%,---,26%,7%,29%,---,16%,3%,18%,"$36,734","$36,734","$61,910",106,354,543,"3,533",25%,56%,35%,"$13,285",95%,"$15,750","$32,204",$925,"$5,216",---,"$9,781","$5,472","$23,323","$17,882",100%,100%,13%,---,38%,100%,99%,56%,58%,11%,38%,"$34,920","$32,793","$28,932","$28,770","$26,082",
Heritage University,WA,Toppenish,Rural: Fringe,"9,530",---,---,76%,---,---,76%,3.02,No,1%,12%,9%,9%,13%,---,32%,17%,---,---,---,---,---,---,---,---,---,---,---,---,---,---,---,---,---,---,---,---,---,---,---,---,---,---,72%,28%,---,73%,1%,8%,14%,1%,---,3%,"$19,920","$19,920","$20,862",36,92,---,783,23%,58%,42%,---,---,"$4,491","$11,934","$1,541","$4,977","$9,149","$5,360","$5,360",---,"$17,486",98%,98%,41%,94%,76%,98%,92%,21%,21%,---,81%,"$18,198","$13,275","$12,511","$12,202","$10,713",
High Point University,NC,High Point,City: Midsize,"15,625",Yes,Yes,77%,84%,87%,66%,3.4,No,6%,19%,16%,21%,3%,---,14%,21%,23,27,31,29,---,---,25,22,---,21,---,---,25,27,---,16%,560,610,650,650,1210,1300,600,550,1110,23%,54%,46%,---,8%,7%,76%,---,2%,---,6%,"$44,208","$44,208","$66,420",678,790,"1,468","5,006",65%,84%,70%,"$10,305",74%,"$16,942","$43,578","$1,436","$5,201","$6,933","$13,127","$5,966","$28,786","$18,149",94%,89%,5%,7%,10%,94%,89%,39%,40%,10%,11%,"$44,082","$38,651","$37,597","$33,524","$31,504",
Highline College,WA,Des Moines,Suburb: Large,"9,530",No,No,76%,---,---,76%,---,No,---,---,---,---,---,---,---,---,---,---,---,---,---,---,---,---,---,---,---,---,---,---,---,---,---,---,---,---,---,---,---,---,---,---,56%,44%,---,21%,21%,20%,1%,18%,1%,19%,"$5,195","$11,261","$27,779",182,229,---,"5,126",---,57%,---,---,---,"$1,490","$13,467",$742,"$4,303","$3,371","$4,980","$4,980",---,"$5,944",51%,47%,12%,37%,26%,47%,15%,3%,3%,---,28%,"$19,642","$11,413","$14,012","$10,004","$9,875",
Hilbert College,NY,Hamburg,Suburb: Large,"1,301",No,No,98%,---,---,98%,3.2,No,---,---,---,---,---,---,---,---,---,---,---,---,---,---,---,---,---,---,---,---,---,---,---,---,410,470,550,630,1060,1180,590,570,980,2%,50%,50%,---,4%,6%,38%,---,1%,---,51%,"$32,860","$32,860","$47,780",124,125,250,939,51%,63%,56%,"$7,729",86%,"$14,141","$22,224","$1,564","$4,791","$3,544","$10,058","$7,305","$13,511","$17,839",100%,100%,6%,52%,49%,100%,96%,74%,74%,15%,49%,"$23,655","$23,610","$23,756","$23,593","$18,835",
Hillsdale College,MI,Hillsdale,Town: Distant,"3,181",Yes,No,21%,---,---,21%,3.93,No,68%,23%,---,2%,---,---,1%,6%,30,32,33,35,---,---,34,31,---,26,---,---,29,31,---,34%,680,725,750,740,1425,1510,700,640,1340,32%,51%,49%,---,---,---,---,---,---,---,100%,"$32,092","$32,092","$48,472",176,183,353,"1,649",76%,97%,90%,"$21,835",84%,"$20,505","$26,030",---,---,---,"$11,258",---,"$11,258","$20,505",97%,97%,---,---,---,97%,97%,---,33%,33%,---,---,---,---,---,---,
Hiram College,OH,Hiram,Town: Fringe,"1,733",No,No,92%,---,---,92%,3.29,No,15.50%,10%,10%,18%,12.50%,---,21.50%,11.50%,16,---,23,22,---,---,---,14.75,---,16,---,---,---,22,---,21%,450,---,500,540,---,---,---,402.5,---,6.64%,43%,57%,---,9%,11%,51%,1%,1%,---,28%,"$28,700","$28,700","$44,340",117,87,231,"1,026",48%,72%,55%,"$11,584",76%,"$13,241","$21,362",$869,"$5,019","$4,218","$7,561","$5,333","$12,085","$17,546",100%,100%,50%,32%,50%,100%,100%,75%,75%,14%,50%,"$25,313","$23,700","$19,558","$15,280","$17,197",
Hobart and William Smith Colleges,NY,Geneva,Town: Distant,"5,904",Yes,Yes,64%,51%,---,65%,3.62,No,25.70%,15%,9.90%,15.20%,1.30%,---,7.20%,25.70%,28.2,28,32,33,---,---,28,28,---,25.2,---,---,27,29.8,---,6.90%,610,650,700,685,1290,1360,640,580,1220,12.80%,52%,45%,3%,12%,8%,70%,---,3%,---,8%,"$66,562","$66,562","$88,922",254,297,462,"1,794",69%,86%,77%,"$33,592",98%,"$45,145","$33,172","$2,393","$5,383","$5,567","$5,511","$3,694","$20,591","$47,463",99%,99%,9%,15%,23%,99%,99%,78%,78%,7%,23%,"$41,860","$24,792","$19,579","$14,672","$10,969",
Hofstra University,NY,Hempstead,Suburb: Large,"25,021",No,Yes,68%,---,---,68%,3.78,No,36%,19%,8%,13%,---,---,5%,19%,27,28,32,33,---,---,29,26,---,25,---,---,26,29,---,4%,620,650,700,700,1290,1380,640,610,1210,26%,61%,39%,---,19%,10%,45%,---,16%,---,9%,"$59,960","$59,960","$82,328",685,"1,065","1,593","6,581",58%,84%,69%,"$27,293",89%,"$30,361","$35,687","$1,955","$5,270","$3,596","$9,717","$5,217","$26,046","$33,007",99%,99%,17%,22%,29%,99%,99%,51%,53%,10%,29%,"$37,740","$38,553","$35,162","$31,575","$29,667",
Hollins University,VA,Roanoke,Suburb: Midsize,"2,827",Yes,Yes,68%,92%,---,68%,3.66,No,30%,20%,11%,11%,1%,---,9%,18%,28,27,28,24,---,---,26,24,---,25,---,---,24,25,---,12%,610,650,730,640,1240,1330,590,530,1100,12%,100%,---,---,12%,17%,64%,1%,2%,---,4%,"$44,710","$44,710","$64,570",---,184,192,665,56%,74%,57%,"$34,772",100%,"$29,951","$23,444","$1,763","$5,309","$4,333","$6,461","$5,402","$12,320","$34,404",100%,100%,15%,53%,36%,100%,100%,61%,61%,5%,37%,"$26,329","$23,733","$24,291","$18,974","$16,579",
Holy Names University,CA,Oakland,City: Large,---,---,---,---,---,---,---,3.35,No,---,23%,18%,21%,1%,---,17%,20%,---,---,---,---,---,---,---,---,---,---,---,---,---,---,---,---,---,---,---,---,---,---,---,---,---,---,---,---,---,37%,19%,16%,---,10%,1%,17%,---,---,---,---,---,---,474,46%,65%,54%,---,---,---,---,---,---,---,---,---,---,---,---,---,---,---,---,---,---,---,---,---,---,---,---,---,---,---,
Hood College,MD,Frederick,City: Small,"3,352",No,No,78%,---,---,78%,3.35,No,9.79%,23.78%,10.14%,11.54%,7.69%,---,15.73%,19.93%,---,---,---,---,---,---,---,---,---,---,---,---,---,---,---,---,---,---,---,---,---,---,---,---,---,---,67%,33%,---,17%,18%,50%,---,3%,---,11%,"$49,380","$49,380","$71,316",102,210,303,"1,198",43%,73%,57%,"$36,017",61%,"$31,939","$23,462",$931,"$5,246","$7,273","$7,725","$5,386","$15,869","$35,535",100%,100%,14%,24%,31%,100%,100%,62%,66%,11%,31%,"$27,254","$26,388","$25,892","$21,666","$15,019",
Hope International University,CA,Fullerton,Suburb: Large,940,No,No,33%,---,---,33%,3.37,No,15%,12%,16%,14%,5%,---,22%,16%,21,---,29,---,---,---,---,---,---,---,---,---,---,---,---,3%,420,---,570,650,---,---,---,420,---,11%,58%,42%,---,29%,7%,30%,1%,4%,2%,25%,"$38,050","$38,050","$58,225",48,65,88,564,34%,63%,45%,"$10,500",57%,"$17,178","$30,514",$786,"$4,431","$7,156","$6,545","$5,234","$16,772","$21,986",100%,100%,24%,40%,35%,100%,100%,73%,73%,6%,35%,"$34,403","$35,778","$33,153","$34,153","$26,641",
Howard University,DC,Washington,City: Large,"34,211",Yes,Yes,41%,49%,55%,37%,3.75,No,10.48%,47.48%,1.61%,6.46%,0.11%,0.04%,0.66%,33.16%,22,25,28,29,---,---,25,21,---,18,---,---,24,26,---,16%,560,620,670,650,1200,1298,580,530,1100,47%,75%,25%,---,7%,80%,---,---,2%,---,11%,"$38,936","$38,936","$62,786",672,"2,063","2,268","11,519",46%,91%,53%,"$15,018",74%,"$18,977","$30,028","$2,581","$5,268","$1,046","$7,796","$5,268","$20,816","$21,422",100%,100%,2%,2%,44%,100%,99%,62%,64%,8%,44%,"$51,384","$50,842","$49,005","$45,504","$44,234",
Humphreys University-Stockton and Modesto Campuses,CA,Stockton,City: Large,---,No,No,---,---,---,---,---,No,---,---,---,---,---,---,---,---,---,---,---,---,---,---,---,---,---,---,---,---,---,---,---,---,---,---,---,---,---,---,---,---,---,---,100%,---,---,47%,8%,28%,1%,9%,2%,4%,"$13,500","$13,500","$21,492",---,2,---,183,100%,100%,100%,---,---,"$8,604","$7,108","$1,500","$5,502","$9,357","$5,500","$5,500",---,"$13,178",100%,67%,33%,33%,33%,100%,33%,33%,33%,---,33%,"$20,286",---,"$2,534",---,---,
Icahn School of Medicine at Mount Sinai,NY,New York,City: Large,---,---,---,---,---,---,---,---,---,---,---,---,---,---,---,---,---,---,---,---,---,---,---,---,---,---,---,---,---,---,---,---,---,---,---,---,---,---,---,---,---,---,---,---,---,---,---,---,---,---,---,---,---,---,---,---,---,---,---,---,---,---,---,---,---,---,---,---,---,---,---,---,---,---,---,---,---,---,---,---,---,---,---,---,---,---,---,---,---,---,
Idaho State University,ID,Pocatello,City: Small,"15,949",No,No,84%,---,---,84%,3.38,No,7%,27%,12.30%,13.10%,7%,---,15.30%,17.30%,---,---,---,---,---,---,---,---,---,---,---,---,---,---,---,---,---,---,---,---,---,---,---,---,---,---,58%,42%,---,16%,1%,73%,2%,1%,---,7%,"$8,914","$28,240","$23,099",693,941,---,"10,406",19%,74%,36%,"$4,247",63%,"$5,700","$12,353",$628,"$4,652","$3,439","$5,388","$4,819","$12,394","$8,550",94%,90%,18%,26%,41%,93%,81%,31%,31%,1%,41%,"$21,084","$20,328","$17,797","$15,971","$14,678",
Ilisagvik College,AK,Barrow,Rural: Fringe,40,---,---,83%,---,---,83%,---,---,---,---,---,---,---,---,---,---,---,---,---,---,---,---,---,---,---,---,---,---,---,---,---,---,---,---,---,---,---,---,---,---,---,---,71%,29%,---,1%,1%,8%,70%,9%,10%,2%,"$5,260","$5,260","$19,060",5,12,---,311,---,---,---,---,---,"$4,100","$10,365",$750,"$3,895",$375,---,---,---,"$5,525",100%,100%,25%,100%,25%,100%,100%,---,---,---,25%,---,---,---,---,"$5,542",
Illinois Institute of Technology,IL,Chicago,City: Large,"12,216",Yes,Yes,55%,36%,---,55%,3.84,No,---,73%,2%,9%,1%,---,1%,14%,26,28,32,32,---,---,30,25,---,26,---,---,27,31,---,8.48%,590,640,680,720,1290,1410,650,590,1180,30.44%,35%,65%,---,32%,7%,36%,---,18%,---,6%,"$53,398","$53,398","$77,568",335,178,534,"3,135",34%,86%,75%,"$30,379",100%,"$38,325","$25,001","$1,990","$5,576","$6,812","$7,324","$5,168","$23,901","$43,437",100%,100%,23%,35%,38%,100%,100%,39%,40%,4%,38%,"$31,456","$22,765","$16,566","$15,488","$13,222",
Illinois Wesleyan University,IL,Bloomington,City: Small,"9,558",No,Yes,39%,---,70%,24%,3.82,No,---,---,---,---,---,---,---,---,25,27,30,30,---,---,27,24,---,25,---,---,26,29,---,10%,550,620,670,670,1220,1330,600,570,1140,21%,54%,46%,---,12%,9%,67%,---,6%,---,5%,"$59,430","$59,430","$75,748",209,248,441,"1,582",65%,80%,75%,"$32,651",95%,"$34,619","$31,310",$604,"$5,307","$7,068","$8,522","$5,508","$7,049","$36,999",100%,100%,24%,24%,24%,100%,98%,63%,68%,34%,25%,"$35,699","$28,757","$24,284","$24,494","$21,011",
Indiana University-Bloomington,IN,Bloomington,City: Small,"67,647",No,Yes,78%,---,---,78%,3.76,No,40.38%,24.11%,6.05%,10.98%,0.03%,---,1.83%,16.63%,27,30,33,34,---,---,30,26,---,26,---,---,28,32,---,14.10%,590,640,690,710,1280,1400,640,580,1170,42.20%,51%,49%,---,9%,5%,68%,---,11%,---,7%,"$12,142","$42,294","$30,920","4,708","4,882","9,550","38,093",69%,91%,80%,"$6,253",63%,"$7,058","$16,282",$849,"$5,137","$7,529","$9,445","$5,022","$21,181","$9,857",83%,74%,7%,17%,17%,81%,70%,31%,32%,7%,17%,"$24,018","$20,828","$12,311","$7,383","$6,125",
Institute of American Indian and Alaska Native Culture and Arts Development,NM,Santa Fe,Rural: Fringe,83,No,No,100%,---,---,100%,---,No,---,---,---,---,---,---,---,---,---,---,---,---,---,---,---,---,---,---,---,---,---,---,---,---,---,---,---,---,---,---,---,---,---,---,72%,28%,---,12%,2%,7%,64%,2%,---,14%,"$5,801","$5,801","$25,089",13,33,58,755,10%,58%,30%,"$2,500",750%,"$2,850","$14,334",$833,"$5,369","$5,275",---,---,---,"$9,024",98%,98%,6%,56%,60%,98%,94%,---,---,---,60%,---,---,"$12,720","$10,335","$13,316",
Interior Designers Institute,---,Newport Beach,---,"14,019",---,---,99%,---,---,99%,---,No,---,---,---,---,---,---,---,---,---,---,---,---,---,---,---,---,---,---,---,---,---,---,---,---,---,---,---,---,---,---,---,---,---,---,100%,---,---,19%,5%,59%,1%,11%,---,6%,"$19,950","$19,950","$19,950",---,1,---,107,100%,---,100%,---,---,---,---,---,"$3,155",---,---,---,---,---,---,---,---,---,---,---,---,---,---,---,---,---,---,---,---,---,
Iona University,NY,New Rochelle,Suburb: Large,"8,479",Yes,Yes,87%,99%,---,87%,3.4,No,26.26%,11.87%,12.29%,8.61%,7.46%,---,17.86%,15.65%,24,23,29,---,---,---,---,---,---,---,---,---,---,---,---,1.68%,570,590,650,650,1170,1265,580,540,1055,7.25%,56%,44%,---,33%,9%,49%,---,2%,---,6%,"$48,680","$48,680","$70,920",419,529,803,"3,382",49%,77%,56%,"$27,158",77%,"$26,358","$28,557","$2,110","$5,179","$3,510","$9,031","$5,338","$21,048","$29,258",100%,100%,8%,32%,33%,100%,99%,50%,53%,10%,33%,"$30,466","$28,595","$26,714","$27,463","$25,063",
Ithaca College,NY,Ithaca,Suburb: Small,"12,400",Yes,Yes,69%,81%,90%,53%,---,---,---,---,---,---,---,---,---,---,27,29,30,33,---,---,30,25,---,23,---,---,27,27,---,4.90%,630,650,710,680,1270,1370,620,600,1190,19.80%,52%,48%,---,12%,5%,74%,---,3%,---,7%,"$56,094","$56,094","$74,948",478,513,"1,197","4,268",66%,85%,76%,"$29,280",100%,"$29,932","$34,297","$5,376","$5,404","$3,116","$5,352","$5,352",---,"$31,876",100%,100%,9%,15%,18%,100%,100%,67%,67%,---,19%,"$37,581","$31,953","$29,170","$23,940","$22,208",
James Madison University,VA,Harrisonburg,City: Small,"38,426",No,Yes,72%,---,---,72%,---,No,---,---,---,---,---,---,---,---,24,27,29,---,---,---,---,---,---,---,---,---,---,---,---,3%,600,630,680,660,1240,1320,610,570,1170,14%,58%,42%,---,9%,5%,73%,---,5%,---,8%,"$14,300","$31,906","$34,746","2,094","2,890","4,922","21,112",65%,92%,80%,"$7,701",8%,"$2,629","$26,317","$2,592","$4,107","$5,913","$9,972","$5,193","$22,593","$4,456",89%,81%,7%,11%,14%,89%,80%,32%,34%,8%,14%,"$28,869","$23,171","$17,150","$12,172","$10,582",
John A Logan College,IL,Carterville,Suburb: Small,"20,884",No,No,89%,---,---,89%,---,---,---,---,---,---,---,---,---,---,---,---,---,---,---,---,---,---,---,---,---,---,---,---,---,---,---,---,---,---,---,---,---,---,---,---,53%,47%,---,5%,12%,71%,1%,1%,---,10%,"$6,580","$7,540","$22,266",221,248,---,"3,120",---,65%,---,---,---,"$4,107","$6,079",$481,"$4,203","$1,896","$7,390",---,"$7,390","$6,482",78%,68%,48%,44%,49%,70%,24%,---,3%,3%,50%,"$10,837","$11,230","$9,138","$7,723","$6,824",
John F Kennedy University,CA,Pleasant Hill,Suburb: Large,---,---,---,---,---,---,---,---,---,---,---,---,---,---,---,---,---,---,---,---,---,---,---,---,---,---,---,---,---,---,---,---,---,---,---,---,---,---,---,---,---,---,---,---,---,---,---,---,---,---,---,---,---,---,---,---,---,---,---,---,---,---,---,---,---,---,---,---,---,---,---,---,---,---,---,---,---,---,---,---,---,---,---,---,---,---,---,---,---,---,
Johns Hopkins University,MD,Baltimore,City: Large,"45,895",Yes,No,6%,12%,---,5%,3.93,No,64.97%,27.38%,0.85%,1.62%,---,---,0.39%,4.80%,34,35,36,36,---,---,35,35,---,34,---,---,35,36,---,18%,740,760,770,800,1550,1580,790,780,1530,50%,55%,45%,---,22%,10%,23%,---,35%,---,10%,"$66,670","$66,670","$92,758",625,759,"1,418","6,356",87%,98%,94%,"$22,347",8%,"$55,466","$22,844","$3,152","$5,303","$5,896","$10,600","$4,891","$26,339","$58,456",67%,60%,15%,4%,22%,61%,59%,11%,12%,3%,23%,"$38,745","$12,085","$4,431","$2,708","$1,473",
Johnson & Wales University-Denver,CO,Denver,City: Large,---,---,---,---,---,---,---,---,---,---,---,---,---,---,---,---,---,---,---,---,---,---,---,---,---,---,---,---,---,---,---,---,---,---,---,---,---,---,---,---,---,---,---,---,---,---,---,---,---,---,---,---,---,---,---,---,---,---,---,---,---,---,---,---,---,---,---,---,---,---,---,---,---,---,---,---,---,---,---,---,---,---,---,---,---,---,---,---,---,---,
Joyce University of Nursing and Health Sciences,---,Draper,---,180,---,---,89%,---,---,89%,---,---,---,---,---,---,---,---,---,---,---,---,---,---,---,---,---,---,---,---,---,---,---,---,---,---,---,---,---,---,---,---,---,---,---,---,90%,10%,---,14%,2%,68%,1%,4%,1%,9%,"$18,900","$18,900","$18,900",13,116,160,"1,892",100%,81%,100%,---,---,---,"$29,243",---,"$1,963",---,"$7,602","$1,263","$12,254","$4,438",94%,47%,---,---,47%,83%,---,80%,83%,43%,47%,"$33,321","$33,321","$29,302","$28,935","$29,731",
Juniata College,PA,Huntingdon,Town: Distant,"2,779",Yes,Yes,79%,84%,---,79%,3.6,No,39%,11%,11%,12%,2%,---,8%,16%,21,25,29,31,---,---,24,22,---,18,---,---,24,27,---,4%,550,600,660,645,1180,1280,580,525,1070,41%,51%,49%,---,10%,5%,75%,---,2%,---,8%,"$60,600","$60,600","$77,450",179,188,390,"1,242",70%,83%,74%,"$40,048",100%,"$37,093","$28,925","$1,155","$5,007","$4,494","$8,250","$4,817","$14,743","$40,076",100%,100%,21%,27%,29%,100%,100%,74%,75%,18%,50%,"$34,036","$25,355","$24,309","$22,163","$18,472",
Kalamazoo College,MI,Kalamazoo,City: Small,"3,551",Yes,Yes,75%,13%,84%,67%,3.82,No,34%,33%,4%,9%,1%,---,1%,19%,26,---,32,35,---,---,---,26,---,24,---,---,---,28,---,5%,610,650,700,670,1270,1373,620,590,1188,38%,56%,44%,---,18%,6%,64%,1%,3%,---,8%,"$63,276","$63,276","$79,473",139,175,370,"1,166",68%,85%,76%,"$48,583",101%,"$42,259","$26,050","$2,676","$5,034","$2,926","$6,421","$5,054","$16,063","$45,123",100%,98%,24%,25%,29%,98%,98%,47%,48%,4%,30%,"$29,188","$22,143","$17,500","$12,833","$14,732",
Kenyon College,OH,Gambier,Town: Distant,"7,726",Yes,No,31%,28%,---,31%,3.9,No,---,77%,2%,8%,---,---,1%,12%,31,32,33,35,---,---,35,34,---,27,---,---,28,33,---,10%,680,720,743,760,1440,1500,720,678,1360,11%,54%,46%,---,9%,3%,75%,---,5%,---,8%,"$72,220","$72,220","$93,890",192,229,455,"2,228",66%,92%,82%,"$24,471",65%,"$38,528","$44,470","$3,857","$5,071","$2,850","$8,646","$4,853","$14,521","$39,330",84%,83%,1%,2%,11%,83%,83%,20%,26%,9%,11%,"$45,073","$22,995","$13,777","$11,666","$8,865",
King's College,PA,Wilkes Barre,City: Small,"3,237",No,Yes,93%,---,---,93%,3.27,No,6.70%,20.80%,9.90%,12.60%,12.20%,---,19.90%,16.70%,23,23,29,---,---,---,---,---,---,---,---,---,---,---,---,1%,540,570,650,620,1150,1240,580,530,1060,24%,45%,55%,---,15%,6%,72%,---,3%,---,3%,"$42,600","$42,600","$61,874",234,193,396,"1,568",51%,76%,60%,"$28,955",97%,"$27,682","$25,608","$3,156","$5,367","$4,836","$10,460","$5,595","$17,142","$31,686",100%,100%,11%,38%,34%,100%,100%,67%,70%,21%,35%,"$28,775","$22,753","$20,676","$21,273","$17,178",
Knox College,IL,Galesburg,Town: Distant,"4,899",No,Yes,71%,---,76%,67%,3.5,No,30.83%,20.05%,9.52%,9.03%,2.50%,---,10.02%,17.55%,21,26,32,35,---,---,25,23,---,21,---,---,25,29,---,6.50%,600,630,680,760,1250,1385,620,580,1120,27.30%,47%,53%,---,18%,8%,58%,---,5%,---,11%,"$60,051","$60,051","$74,326",209,186,249,"1,136",49%,83%,68%,"$47,083",100%,"$37,593","$25,524",$805,"$5,094","$6,708","$5,773","$5,266","$13,607","$40,548",100%,100%,30%,16%,30%,100%,100%,76%,76%,3%,30%,"$30,717","$30,078","$20,692","$24,006","$15,705",
Kutztown University of Pennsylvania,PA,Kutztown,Town: Fringe,"7,536",No,No,91%,---,---,91%,3.39,No,13.60%,15.90%,12.90%,18.20%,4.80%,---,18%,16.60%,---,---,---,---,---,---,---,---,---,---,---,---,---,---,---,---,570,600,670,640,1170,1270,570,550,1070,8.35%,58%,42%,---,14%,7%,73%,---,2%,---,4%,"$11,711","$16,307","$25,461",528,741,"1,601","6,306",40%,78%,54%,"$2,682",79%,"$3,366","$21,856",$735,"$4,787","$4,330","$6,665","$5,423","$13,225","$6,716",98%,94%,13%,34%,35%,98%,90%,67%,68%,7%,35%,"$26,196","$23,642","$19,303","$16,284","$15,925",
La Salle University,PA,Philadelphia,City: Large,"4,938",No,Yes,96%,---,98%,94%,3.21,No,11.13%,13.24%,14.71%,11.76%,13.66%,---,19.33%,14.71%,---,---,---,---,---,---,---,---,---,---,---,---,---,---,---,---,---,---,---,---,---,---,---,---,---,---,65%,35%,---,21%,27%,42%,---,5%,---,5%,"$39,700","$39,700","$63,930",148,272,465,"2,675",50%,73%,67%,---,---,"$21,967","$20,119","$1,073","$5,183","$5,385","$10,370","$8,974","$18,460","$25,808",99%,99%,23%,41%,49%,99%,92%,56%,66%,10%,49%,"$26,278","$26,009","$21,016","$17,978","$18,702",
La Sierra University,CA,Riverside,City: Large,"2,238",No,No,93%,---,---,93%,3.54,No,19%,18%,14%,18%,---,---,14%,17%,16,---,23,23,---,---,---,15,---,16,---,---,---,25,---,27.20%,---,---,---,---,---,---,---,---,---,---,61%,39%,---,56%,8%,10%,---,18%,1%,7%,"$38,862","$38,862","$56,988",99,156,258,"1,244",34%,82%,58%,"$12,223",100%,"$15,601","$28,076","$1,435","$5,165","$7,221","$6,128","$5,177","$21,673","$21,762",99%,99%,20%,45%,50%,99%,99%,66%,66%,3%,50%,"$33,048","$29,627","$25,297","$22,930","$21,620",
Lafayette College,PA,Easton,Suburb: Large,"10,195",Yes,No,31%,42%,---,30%,3.55,No,10.46%,22.06%,12.46%,20.20%,0.14%,---,5.87%,28.80%,31,32,33,35,---,---,34,31,---,27,---,---,30,33,---,10%,670,700,740,760,1410,1490,710,680,1340,23%,52%,48%,---,11%,6%,71%,---,4%,---,8%,"$66,856","$66,856","$89,568",338,360,697,"2,775",80%,90%,88%,"$19,371",33%,"$42,616","$34,728","$4,000","$5,458","$3,908","$11,146","$4,619","$28,981","$44,126",59%,52%,4%,3%,11%,55%,52%,18%,21%,5%,11%,"$49,830","$23,829","$11,291","$5,125","$11,903",
Laguna College of Art and Design,CA,Laguna Beach,Rural: Fringe,559,No,No,96%,---,---,96%,3.47,No,8.60%,25.70%,11.10%,19.70%,1.70%,---,15.30%,17.90%,---,---,---,---,---,---,---,---,---,---,---,---,---,---,---,---,---,---,---,---,---,---,---,---,---,---,82%,18%,---,25%,2%,42%,1%,20%,1%,10%,"$39,376","$39,376","$66,579",17,78,135,746,35%,84%,52%,---,---,"$9,696","$44,285",$889,"$5,048","$8,716","$8,521","$5,416","$24,049","$11,863",100%,100%,16%,10%,22%,100%,100%,44%,48%,7%,22%,"$45,712","$44,804","$39,513","$39,821","$36,856",
Lake Forest College,IL,Lake Forest,Suburb: Large,"5,358",Yes,Yes,57%,44%,66%,44%,3.78,No,35.02%,18.12%,10.87%,15.22%,0.24%,---,2.90%,17.63%,28,29,32,34,---,---,30,28,---,23,---,---,27,30,---,10%,600,640,713,680,1280,1365,640,590,1170,16%,58%,42%,---,22%,3%,58%,---,8%,---,8%,"$58,902","$58,902","$76,500",173,242,425,"1,814",69%,90%,78%,"$33,950",108%,"$34,264","$29,894","$1,239","$6,223","$7,066","$6,710","$5,544","$20,533","$38,424",100%,100%,33%,29%,33%,100%,100%,74%,74%,4%,33%,"$34,614","$28,799","$23,694","$19,086","$19,067",
Lake Washington Institute of Technology,WA,Kirkland,Suburb: Large,"9,530",No,No,76%,---,---,76%,---,No,---,---,---,---,---,---,---,---,---,---,---,---,---,---,---,---,---,---,---,---,---,---,---,---,---,---,---,---,---,---,---,---,---,---,48%,52%,---,19%,6%,44%,---,12%,---,18%,"$4,205","$10,271","$4,205",161,148,---,"3,357",---,---,---,---,---,"$1,592","$8,545","$2,298","$4,863","$3,978","$6,573","$6,573",---,"$6,813",41%,37%,21%,27%,16%,38%,11%,3%,3%,---,24%,"$15,351","$10,820","$8,977","$3,827","$4,219",
Lakeview College of Nursing,IL,Danville,City: Small,"4,811",Yes,No,59%,---,---,59%,---,No,---,---,---,---,---,---,---,---,---,---,---,---,---,---,---,---,---,---,---,---,---,---,---,---,---,---,---,---,---,---,---,---,---,---,---,---,---,6%,17%,62%,1%,2%,---,11%,"$15,600","$15,600","$39,720",---,---,---,81,---,88%,---,---,---,---,---,---,"$4,650",---,---,---,---,---,---,---,---,---,---,---,---,---,---,---,---,---,---,---,---,---,
Landmark College,VT,Putney,Rural: Distant,447,No,No,49%,---,---,49%,---,---,---,---,---,---,---,---,---,---,---,---,---,---,---,---,---,---,---,---,---,---,---,---,---,---,---,---,---,---,---,---,---,---,---,---,27%,73%,---,10%,8%,62%,1%,5%,---,15%,"$68,204","$68,204","$89,880",53,20,102,604,---,63%,---,"$9,569",97%,"$22,699","$57,640","$2,000","$4,996","$6,954","$16,757","$5,126","$27,045","$24,376",100%,100%,6%,9%,20%,100%,100%,35%,41%,19%,20%,"$59,171","$50,697","$48,067","$43,160","$35,580",
Lawrence University,WI,Appleton,City: Small,"3,270",Yes,Yes,64%,73%,91%,48%,3.47,No,13.01%,17.92%,13.29%,20.23%,1.16%,---,11.85%,21.68%,24,30,31,33,---,---,31,23,---,23,---,---,27,28,---,32.76%,610,650,710,710,1310,1430,660,590,1200,21.08%,47%,53%,---,14%,5%,67%,---,4%,---,10%,"$58,794","$58,794","$74,166",185,164,336,"1,417",56%,87%,77%,"$47,083",100%,"$38,867","$27,393",$900,"$5,210","$3,762","$5,930","$4,879","$14,298","$40,431",100%,100%,17%,11%,18%,100%,100%,58%,59%,4%,18%,"$32,492","$22,712","$17,215","$14,498","$12,025",
Lehigh University,PA,Bethlehem,City: Small,"20,396",Yes,No,26%,45%,---,24%,---,---,---,---,---,---,---,---,---,---,31,32,34,35,---,---,34,31,---,28,---,---,30,33,---,9.13%,680,710,730,770,1430,1490,720,690,1350,29.65%,47%,53%,---,12%,5%,64%,---,12%,---,7%,"$67,920","$67,920","$88,600",795,706,"1,531","5,911",79%,94%,88%,"$22,231",13%,"$43,478","$33,289","$3,947","$5,558","$3,947","$9,786","$4,973","$14,148","$43,644",71%,59%,3%,7%,18%,71%,56%,40%,41%,14%,18%,"$50,046","$30,179","$19,495","$19,398","$15,440",
Lesley University,MA,Cambridge,City: Midsize,"2,509",No,Yes,94%,---,---,94%,3.31,No,---,---,---,---,---,---,---,---,20,---,26,---,---,---,---,---,---,---,---,---,---,---,---,7%,---,---,---,---,---,---,---,---,---,---,67%,33%,---,19%,9%,55%,---,6%,---,11%,"$35,822","$35,822","$56,224",60,124,189,"1,342",49%,77%,61%,"$10,731",97%,"$13,836","$33,111","$2,352","$4,822","$3,113","$10,984","$5,285","$22,777","$16,476",100%,100%,15%,22%,31%,100%,100%,68%,68%,17%,31%,"$34,726","$34,465","$31,594","$27,225","$26,173",
Lewis & Clark College,OR,Portland,City: Large,"6,328",Yes,Yes,78%,71%,88%,70%,3.63,No,12.55%,33.62%,10.85%,14.89%,---,---,5.32%,22.77%,28,29,31,35,---,---,32,31,---,25,---,---,27,28,---,4%,620,680,720,670,1310,1390,630,590,1210,5%,53%,34%,13%,14%,3%,67%,---,5%,---,11%,"$68,048","$68,048","$87,958",188,291,553,"2,139",62%,86%,75%,"$31,582",99%,"$37,078","$38,247","$1,211","$5,324","$4,226","$6,764","$5,484","$22,419","$38,507",100%,100%,18%,5%,19%,100%,100%,80%,80%,5%,19%,"$43,993","$31,183","$25,542","$20,137","$17,251",
Lewis-Clark State College,ID,Lewiston,City: Small,"3,779",No,No,94%,---,---,94%,3.22,No,---,21%,20%,10%,10%,---,18%,17%,17,---,24,23,---,---,---,15,---,16,---,---,---,23,---,6%,460,---,560,550,---,---,---,430,---,54%,62%,38%,---,10%,1%,73%,2%,1%,---,13%,"$7,876","$22,798","$26,576",186,300,438,"3,793",21%,61%,32%,"$6,201",75%,"$4,918","$12,508",$679,"$4,648","$3,634","$5,235","$4,562","$12,502","$6,981",93%,87%,5%,21%,35%,91%,73%,38%,39%,2%,37%,"$16,387","$14,039","$13,343","$10,191","$11,234",
Life Pacific University,CA,San Dimas,Suburb: Large,281,No,No,94%,---,---,94%,2.91,No,---,---,---,---,---,---,---,---,17,---,24,---,---,---,---,---,---,---,---,---,---,---,---,17%,---,---,---,---,---,---,---,---,---,---,63%,37%,---,43%,7%,36%,1%,4%,---,8%,"$23,224","$23,224","$36,174",26,45,74,396,30%,56%,46%,---,---,"$4,841","$23,311",$434,"$5,043","$6,588","$6,615","$5,778","$12,512","$9,815",100%,99%,35%,24%,58%,100%,96%,62%,65%,6%,58%,"$27,526","$28,573","$21,317","$22,991","$18,754",
Limestone University,SC,Gaffney,Town: Fringe,"3,075",---,---,98%,---,---,98%,3.42,No,---,31%,16%,15%,7%,---,18%,12%,---,---,---,---,---,---,---,---,---,---,---,---,---,---,---,---,---,---,---,---,---,---,---,---,---,---,40%,60%,---,3%,37%,38%,---,---,---,20%,"$27,500","$27,500","$41,759",192,129,321,"1,314",21%,65%,27%,---,---,"$14,016","$21,177",$906,"$5,199","$6,814","$7,099","$5,941","$13,664","$19,792",98%,98%,22%,49%,47%,98%,95%,69%,69%,6%,47%,"$24,483","$20,986","$21,930","$18,035","$17,648",
Lincoln University,CA,Oakland,City: Large,44,No,No,68%,---,---,68%,2.6,No,---,---,---,---,---,---,---,---,---,---,---,---,---,---,---,---,---,---,---,---,---,---,---,---,---,---,---,---,---,---,---,---,---,---,15%,85%,---,8%,77%,13%,---,2%,---,1%,"$14,110","$14,110","$23,150",89,16,---,223,69%,100%,81%,---,---,"$4,456","$30,324",---,---,---,"$10,700",---,"$10,700","$4,456",62%,59%,---,---,---,62%,59%,---,6%,6%,---,---,---,---,---,---,
Linfield University,OR,McMinnville,Town: Distant,"2,629",No,Yes,85%,---,85%,86%,3.64,No,22%,24.86%,12.43%,15.87%,0.78%,---,5.29%,18.77%,---,---,---,---,---,---,---,---,---,---,---,---,---,---,---,---,---,---,---,---,---,---,---,---,---,---,61%,39%,---,23%,2%,58%,1%,6%,1%,9%,"$52,580","$52,580","$71,460",148,231,345,"1,641",55%,80%,70%,"$29,375",90%,"$30,549","$31,462","$1,052","$4,876","$3,879","$7,963","$5,383","$18,276","$32,598",100%,100%,34%,28%,35%,100%,96%,65%,65%,9%,35%,"$32,957","$28,268","$21,378","$23,985","$24,625",
Loma Linda University,CA,Loma Linda,Suburb: Large,"2,238",No,No,93%,---,---,93%,---,No,---,---,---,---,---,---,---,---,---,---,---,---,---,---,---,---,---,---,---,---,---,---,---,---,---,---,---,---,---,---,---,---,---,---,---,---,---,47%,3%,21%,1%,24%,---,4%,"$24,000","$24,000","$24,000",---,---,---,979,---,---,---,---,---,---,---,---,"$5,248",---,---,---,---,---,---,---,---,---,---,---,---,---,---,---,---,---,---,---,---,---,
Long Island University,NY,Brookville,Suburb: Large,"12,398",No,Yes,90%,---,---,90%,3.41,No,22.72%,16.13%,12.98%,13.18%,7.30%,0.10%,14.50%,11.97%,25,28,30,31,---,---,27,24,---,23,---,---,26,28,---,5%,580,630,670,680,1250,1350,620,560,1140,35%,60%,38%,3%,17%,16%,40%,---,12%,---,13%,"$43,126","$43,126","$66,010",431,681,"1,120","11,753",36%,77%,47%,"$27,219",78%,"$25,513","$22,620","$3,471","$5,278","$3,278","$8,164","$5,484","$23,058","$29,747",98%,97%,33%,39%,41%,97%,95%,39%,39%,5%,41%,"$29,036","$28,590","$22,734","$22,355","$20,478",
Loras College,IA,Dubuque,City: Small,"1,408",No,No,19%,---,---,19%,3.54,No,26.70%,16.73%,11.95%,16.73%,2.79%,---,10.36%,14.74%,---,---,---,---,---,---,---,---,---,---,---,---,---,---,---,---,---,---,---,---,---,---,---,---,---,---,40%,60%,---,9%,4%,79%,---,1%,---,7%,"$41,418","$41,418","$56,328",157,104,257,"1,169",43%,82%,65%,"$23,374",62%,"$23,641","$22,338",$794,"$4,672","$7,535","$8,820","$5,177","$7,518","$26,030",100%,100%,22%,15%,21%,100%,100%,59%,64%,35%,22%,"$23,295","$22,489","$16,930","$14,851","$18,571",
Los Angeles Film School,---,Hollywood,---,40,No,---,83%,---,---,83%,---,---,---,---,---,---,---,---,---,---,---,---,---,---,---,---,---,---,---,---,---,---,---,---,---,---,---,---,---,---,---,---,---,---,---,---,36%,64%,---,11%,30%,25%,1%,3%,---,29%,---,---,---,813,451,---,"5,833",43%,50%,43%,---,---,"$1,840","$32,944",$305,"$2,805",---,"$8,815","$8,279","$15,773","$6,220",86%,78%,56%,---,76%,83%,17%,77%,77%,3%,78%,"$32,745","$31,961","$32,681","$33,268","$33,303",
Louisiana State University-Alexandria,LA,Alexandria,Rural: Fringe,706,No,No,93%,---,---,93%,3.16,No,---,---,---,---,---,---,---,---,17,20,22,23,---,---,20,16,---,16,---,---,17,21,---,95%,450,500,580,560,1010,1140,510,430,880,5%,68%,32%,---,1%,21%,58%,3%,3%,---,14%,"$7,050","$14,650","$21,180",143,305,482,"5,330",21%,68%,33%,---,---,"$1,485","$8,081","$1,529","$5,076","$4,326","$6,333","$6,323","$6,501","$6,874",93%,89%,9%,54%,51%,93%,59%,43%,46%,3%,60%,"$12,093","$11,661","$9,509","$8,090","$6,038",
Lower Columbia College,WA,Longview,City: Small,---,---,---,---,---,---,---,---,---,---,---,---,---,---,---,---,---,---,---,---,---,---,---,---,---,---,---,---,---,---,---,---,---,---,---,---,---,---,---,---,---,---,---,63%,38%,---,15%,1%,2%,2%,---,61%,18%,"$4,346","$5,633","$26,864",117,195,---,"2,724",---,---,---,---,---,"$2,128","$10,613",$910,"$4,288","$3,677","$5,114","$4,836","$6,963","$4,803",93%,92%,75%,41%,35%,92%,24%,14%,14%,1%,87%,"$15,683","$14,179","$9,265","$8,037","$6,427",
Loyola Marymount University,CA,Los Angeles,City: Large,"23,089",Yes,Yes,45%,44%,55%,35%,3.97,No,49.80%,28.40%,2.30%,5.30%,---,---,0.20%,14.10%,28,---,32,34,---,---,---,28.5,---,25,---,---,---,30,---,8%,640,---,720,710,---,---,---,620,---,18%,52%,48%,---,28%,9%,42%,---,12%,---,10%,"$65,367","$65,367","$92,890",736,801,"1,535","7,273",67%,89%,79%,"$10,762",98%,"$19,680","$54,471","$1,946","$5,469","$9,281","$10,440","$5,233","$10,158","$21,575",100%,100%,11%,11%,12%,100%,100%,37%,38%,20%,12%,"$53,926","$39,673","$32,869","$25,766","$30,208",
Loyola University Maryland,MD,Baltimore,City: Large,"10,797",Yes,Yes,75%,42%,86%,56%,3.65,No,29.20%,20.20%,8.50%,13.50%,1.10%,---,6%,21.50%,28,30,32,34,---,---,31,27,---,25,---,---,26,29,---,3.10%,620,650,690,680,1270,1350,620,580,1180,13.80%,55%,44%,1%,15%,12%,62%,---,4%,---,6%,"$59,150","$59,150","$79,890",416,514,"1,112","3,881",73%,87%,79%,"$29,547",96%,"$37,313","$31,857","$1,472","$5,209","$10,034","$8,853","$5,275","$18,927","$39,773",99%,99%,16%,13%,20%,99%,99%,59%,60%,12%,20%,"$34,010","$28,097","$27,472","$24,194","$19,154",
Lycoming College,PA,Williamsport,City: Small,"2,896",Yes,Yes,74%,---,---,74%,3.44,No,11%,22%,14%,15%,3%,---,13%,22%,23,25,30,29,---,---,28,22,---,20,---,---,21,27,---,1%,540,595,650,650,1165,1273,570,540,1070,19%,45%,55%,---,14%,12%,65%,---,2%,---,8%,"$51,724","$51,724","$69,736",147,122,293,807,51%,76%,60%,"$31,171",100%,"$36,964","$20,733","$1,066","$5,276","$5,049","$10,230","$5,392","$16,345","$40,733",100%,100%,19%,33%,38%,100%,100%,71%,72%,22%,38%,"$26,790","$20,561","$16,467","$15,044","$10,756",
Lynn University,FL,Boca Raton,City: Small,"7,285",No,Yes,73%,---,91%,64%,3.3,No,10.83%,9.14%,16.88%,14.63%,7.59%,---,27.29%,12.94%,21,24,26,26,---,---,25,20,---,17,---,---,23,26,---,4%,528,580,610,590,1120,1200,540,510,1030,16%,49%,51%,---,20%,9%,51%,---,2%,---,18%,"$46,450","$46,450","$74,568",357,337,781,"2,861",44%,77%,52%,"$19,728",25%,"$18,890","$39,582","$1,949","$5,521","$2,839","$11,967","$5,362","$15,787","$20,992",99%,98%,10%,29%,24%,99%,96%,42%,44%,19%,24%,"$40,980","$41,997","$40,208","$34,686","$33,842",
Macalester College,MN,Saint Paul,City: Large,"8,968",Yes,Yes,29%,39%,---,28%,---,---,---,---,---,---,---,---,---,---,29.5,32,34,35,---,---,33,30,---,27,---,---,29,32,---,23%,680,710,750,750,1410,1510,700,670,1350,29%,55%,45%,---,13%,7%,59%,---,9%,---,11%,"$70,862","$70,862","$90,674",240,289,518,"2,144",73%,92%,87%,"$18,937",80%,"$38,737","$38,571","$3,020","$5,154","$6,430","$8,072","$4,989","$10,307","$40,329",90%,88%,6%,6%,15%,89%,88%,37%,42%,15%,15%,"$43,253","$26,584","$13,050","$11,441","$12,877",
Magdalen College,NH,Warner,Rural: Distant,45,---,---,44%,---,---,44%,---,No,---,---,---,---,---,---,---,---,---,---,---,---,---,---,---,---,---,---,---,---,---,---,---,---,---,---,---,---,---,---,---,---,---,---,50%,50%,---,5%,1%,92%,---,---,---,1%,"$23,600","$23,600","$37,956",10,10,20,59,79%,87%,79%,---,---,"$14,267","$20,058",---,"$5,359","$1,967","$5,120","$4,893","$5,914","$16,798",100%,100%,---,20%,53%,100%,100%,47%,60%,13%,53%,---,"$13,911","$17,447","$13,011","$16,336",
Maine College of Art & Design,ME,Portland,City: Small,913,---,---,78%,---,---,78%,---,No,---,---,---,---,---,---,---,---,---,---,---,---,---,---,---,---,---,---,---,---,---,---,---,---,---,---,---,---,---,---,---,---,---,---,62%,18%,19%,6%,2%,73%,---,3%,---,15%,"$42,192","$42,192","$45,542",27,93,121,422,18%,78%,26%,---,---,"$18,393","$37,132",$880,"$5,379","$2,679","$14,631","$5,434","$27,263","$19,936",100%,100%,22%,7%,22%,100%,100%,68%,70%,24%,22%,"$38,490","$37,820","$34,323","$31,197","$29,849",
Manhattan School of Music,NY,New York,City: Large,"1,432",No,No,40%,---,---,40%,3.55,No,---,---,---,---,---,---,---,---,---,---,---,---,---,---,---,---,---,---,---,---,---,---,---,---,---,---,---,---,---,---,---,---,---,---,43%,53%,4%,16%,8%,59%,---,11%,---,6%,"$57,050","$57,050","$81,200",79,63,142,543,75%,93%,79%,---,---,"$21,947","$51,879","$2,250","$5,123","$6,208","$7,557","$5,488","$25,500","$22,868",87%,85%,5%,2%,10%,86%,85%,27%,29%,3%,10%,"$59,277",---,"$57,477","$55,777","$42,437",
Manhattan University,NY,Bronx,City: Large,"10,432",Yes,---,78%,100%,---,78%,3.5,No,5%,19%,12%,23%,---,---,3%,38%,22,25,31,30,---,---,25,20,---,23,---,---,25,29,---,2%,570,630,670,670,1260,1340,630,580,1150,15%,44%,56%,---,32%,8%,44%,---,6%,---,10%,"$50,850","$50,850","$72,590",410,316,690,"2,928",51%,77%,66%,"$23,558",3%,"$31,659","$28,349","$2,107","$5,393","$3,796","$7,524","$5,053","$19,506","$34,438",100%,100%,11%,34%,37%,100%,98%,53%,54%,7%,38%,"$29,209","$28,655","$27,042","$25,103","$24,024",
Manhattanville University,NY,Purchase,Suburb: Large,"3,619",---,Yes,87%,---,95%,84%,3.5,No,17.92%,11.85%,17.92%,13.58%,11.27%,---,17.92%,9.25%,29,---,29,25,---,---,---,25,---,25,---,---,---,25,---,---,520,---,610,620,---,---,---,540,---,4%,61%,39%,---,37%,12%,45%,---,3%,---,4%,"$42,950","$42,950","$60,960",130,205,333,"1,466",50%,74%,58%,"$24,702",96%,"$25,197","$25,017","$3,393","$5,278","$3,237","$7,594","$5,048","$18,275","$28,762",96%,96%,9%,36%,39%,96%,95%,63%,63%,9%,39%,"$32,501","$24,892","$24,736","$19,825","$17,789",
Maranatha Baptist University,WI,Watertown,Town: Fringe,206,No,No,71%,---,---,71%,---,No,11%,34%,9%,17%,1%,---,5%,23%,19,23,27,29,---,---,25,21,---,17,---,---,21,25,---,64%,500,580,650,570,1110,1220,530,480,980,20%,59%,41%,---,6%,2%,80%,1%,7%,---,5%,"$21,550","$21,550","$30,890",39,57,102,759,50%,76%,57%,"$10,475",41%,"$5,062","$26,001",$500,"$4,537","$3,521","$6,958","$4,798","$11,176","$7,680",80%,75%,10%,19%,34%,77%,67%,23%,24%,5%,34%,"$30,558","$29,013","$22,427","$21,143","$23,056",
Marist University,NY,Poughkeepsie,Suburb: Large,"11,274",---,---,57%,80%,67%,36%,3.6,No,---,54%,6%,17%,1%,---,6%,15%,25,28,31,34,---,---,28,25,---,23,---,---,26,26,---,3%,600,650,680,660,1280,1360,630,590,1220,11%,57%,43%,---,15%,3%,73%,---,4%,---,4%,"$49,700","$49,700","$75,250",541,726,"1,287","5,551",69%,86%,80%,"$20,510",87%,"$22,444","$40,106","$1,645","$5,334","$4,127","$8,551","$5,514","$25,589","$23,836",98%,97%,13%,9%,15%,98%,96%,82%,82%,10%,18%,"$43,143","$38,862","$34,963","$27,034","$25,331",
Marquette University,WI,Milwaukee,City: Large,"18,701",No,Yes,81%,---,78%,91%,3.61,No,7%,32%,10%,19%,---,---,3%,29%,26,28,31,32,---,---,28,25,---,25,---,---,27,30,---,26%,610,640,680,680,1280,1360,640,590,1190,14%,58%,42%,---,16%,5%,67%,---,6%,---,4%,"$53,270","$53,270","$74,439",911,"1,237","1,886","8,045",68%,91%,83%,"$30,813",99%,"$29,793","$32,031","$1,729","$5,161","$3,876","$9,519","$5,408","$20,222","$31,683",100%,100%,17%,16%,19%,100%,100%,44%,45%,10%,19%,"$34,465","$30,974","$24,176","$18,903","$18,364",
Maryland Institute College of Art,MD,Baltimore,City: Large,"3,127",No,Yes,77%,---,---,77%,3.47,No,---,---,---,---,---,---,---,---,26,28,30,32,---,---,29,26,---,23,---,---,24,27,---,8%,455,540,580,640,1130,1220,590,460,915,11%,77%,23%,---,13%,15%,42%,---,14%,---,16%,"$56,800","$56,800","$80,500",64,213,277,"1,324",70%,85%,77%,---,---,"$25,396","$43,066",$944,"$5,289","$7,792","$8,526","$5,301","$30,721","$28,435",100%,100%,27%,15%,30%,100%,100%,52%,59%,7%,30%,"$44,851","$45,577","$38,922","$31,148","$27,796",
Marymount California University,CA,Rancho Palos Verdes,Suburb: Large,---,---,---,---,---,---,---,3.09,No,---,12%,17%,26%,12%,---,27%,5%,---,---,---,---,---,---,---,---,---,---,---,---,---,---,---,---,---,---,---,---,---,---,---,---,---,---,---,---,---,51%,9%,23%,---,7%,1%,9%,---,---,---,---,---,---,---,---,---,---,---,---,---,---,---,---,---,---,---,---,---,---,---,---,---,---,---,---,---,---,---,---,---,---,---,---,---,
Marymount Manhattan College,NY,New York,City: Large,"7,890",Yes,Yes,83%,---,---,83%,3.49,No,37%,17%,9%,9%,3%,---,3%,21%,24,27,27,30,---,---,30,24,---,21,---,---,24,27,---,5%,585,620,673,650,1200,1300,580,520,1100,14%,82%,18%,---,18%,9%,44%,---,2%,---,26%,"$43,546","$43,546","$72,942",74,329,509,"1,601",39%,70%,49%,"$14,522",63%,"$22,366","$38,426",$467,"$5,511","$4,773","$7,514","$5,622","$27,542","$25,446",100%,100%,37%,16%,38%,100%,100%,89%,90%,6%,38%,"$43,959","$36,332","$32,754","$28,492","$29,751",
Massachusetts Institute of Technology,MA,Cambridge,City: Midsize,"28,232",No,Yes,5%,---,5%,4%,---,---,---,---,---,---,---,---,---,---,34,35,36,36,---,---,35,35,---,35,---,---,35,36,---,29%,740,760,780,800,1550,1580,790,780,1510,83%,47%,53%,---,16%,9%,24%,---,40%,---,11%,"$64,730","$64,730","$89,340",581,517,"1,091","4,580",82%,99%,96%,---,---,"$55,983","$21,519","$3,986","$5,428","$2,242","$12,071","$5,206","$27,203","$58,331",72%,58%,13%,2%,18%,59%,57%,7%,8%,2%,18%,"$46,627","$13,696","$4,621",---,---,
McDaniel College,MD,Westminster,Suburb: Small,"4,237",Yes,Yes,78%,56%,---,78%,3.71,No,31%,19%,13%,12%,1%,---,9%,15%,---,---,---,---,---,---,---,---,---,---,---,---,---,---,---,---,---,---,---,---,---,---,---,---,---,---,51%,49%,---,11%,24%,54%,---,2%,---,10%,"$53,150","$53,150","$71,790",224,229,424,"1,631",56%,76%,63%,"$34,225",99%,"$35,719","$23,088","$2,294","$5,187","$7,383","$7,882","$5,193","$17,370","$39,979",100%,100%,12%,30%,34%,100%,100%,66%,67%,11%,35%,"$27,501","$22,293","$19,417","$14,397","$11,334",
McGill University,---,Montreal,---,---,---,---,---,---,---,---,---,---,---,---,---,---,---,---,---,---,---,---,---,---,---,---,---,---,---,---,---,---,---,---,---,---,---,---,---,---,---,---,---,---,---,---,---,---,---,---,---,---,---,---,---,---,---,---,---,---,---,---,---,---,---,---,---,---,---,---,---,---,---,---,---,---,---,---,---,---,---,---,---,---,---,---,---,---,---,---,---,---,---,
Menlo College,CA,Atherton,Suburb: Large,"3,041",No,Yes,68%,---,---,68%,---,No,---,---,---,---,---,---,---,---,---,---,---,---,---,---,---,---,---,---,---,---,---,---,---,---,---,---,---,---,---,---,---,---,---,---,45%,55%,---,42%,6%,21%,1%,9%,3%,19%,"$53,630","$53,630","$77,374",95,78,178,831,47%,70%,57%,"$13,330",65%,"$38,261","$28,158",$938,"$5,451","$7,231","$6,842","$4,983","$20,538","$41,775",100%,100%,16%,24%,31%,100%,100%,40%,41%,4%,31%,"$36,551","$32,519","$30,099","$16,579","$17,525",
Mercyhurst University,PA,Erie,City: Small,"3,567",No,No,81%,---,---,81%,3.55,No,26%,24%,11%,13%,3%,1%,12%,10%,21,---,29,---,---,---,---,---,---,---,---,---,---,---,---,12%,560,---,650,630,---,---,---,510,---,28%,55%,45%,---,6%,8%,78%,---,2%,---,6%,"$47,270","$47,270","$63,958",256,307,571,"2,274",59%,80%,66%,"$20,967",94%,"$28,508","$26,962","$2,444","$5,097","$5,115","$9,905","$5,473","$16,756","$31,437",100%,99%,19%,31%,32%,100%,95%,68%,69%,19%,33%,"$31,992","$28,250","$25,101","$20,609","$23,981",
Meredith College,NC,Raleigh,City: Large,"1,983",Yes,Yes,74%,---,---,74%,3.5,No,14%,24%,14%,14%,1%,---,11%,22%,23,26,29,29,---,---,26,21,---,20,---,---,24,26,---,14%,588,625,668,680,1185,1260,560,510,1110,11%,100%,---,---,19%,9%,61%,---,5%,---,5%,"$47,448","$47,448","$64,250",---,272,325,"1,206",62%,79%,70%,"$23,623",57%,"$26,827","$23,405","$3,731","$5,465","$6,984","$7,623","$5,407","$14,283","$32,095",99%,99%,7%,43%,38%,99%,99%,55%,56%,9%,44%,"$28,045","$22,976","$17,521","$14,337","$14,882",
Merrimack College,MA,North Andover,Suburb: Large,"13,693",Yes,Yes,74%,44%,82%,58%,3.4,No,18%,12%,13%,16%,7%,---,18%,16%,---,---,---,---,---,---,---,---,---,---,---,---,---,---,---,---,---,---,---,---,---,---,---,---,---,---,50%,50%,---,10%,4%,76%,---,2%,---,9%,"$53,512","$53,512","$80,187",539,532,"1,071","4,199",65%,84%,74%,"$26,669",84%,"$27,875","$38,849","$2,303","$5,016","$2,596","$13,264","$5,365","$25,446","$29,235",100%,100%,8%,13%,18%,100%,100%,64%,66%,21%,18%,"$41,477","$37,097","$32,926","$30,509","$27,376",
Metropolitan State University of Denver,CO,Denver,City: Large,"12,403",No,No,99%,---,---,99%,2.56,No,1.90%,5.50%,13.50%,11.90%,14.40%,14.10%,27%,9%,17,20,23,24,---,---,21,16,---,16,---,---,19,24,---,3%,450,510,570,540,1010,1110,500,430,880,30%,51%,43%,6%,37%,8%,43%,1%,4%,---,7%,"$12,191","$25,602","$34,057",745,880,"2,132","16,430",10%,70%,29%,"$2,653",19%,"$3,480","$13,727","$1,294","$4,489","$4,133","$6,616","$4,872","$13,729","$9,341",76%,65%,19%,51%,47%,73%,39%,23%,24%,3%,49%,"$21,812","$19,263","$13,276","$12,005","$12,364",
Miami University-Hamilton,OH,Hamilton,Suburb: Large,283,Yes,Yes,43%,---,---,43%,3.23,No,12.20%,13.70%,11.10%,14.40%,12.20%,---,19%,13.30%,---,---,---,---,---,---,---,---,---,---,---,---,---,---,---,---,---,---,---,---,---,---,---,---,---,---,53%,47%,---,6%,8%,74%,---,4%,---,7%,"$7,291","$19,207","$7,291",201,230,---,"2,345",17%,53%,36%,"$12,845",82%,"$1,586","$12,407",$661,"$4,624","$1,086","$5,034","$4,701","$9,580","$4,300",82%,60%,18%,2%,40%,80%,35%,43%,43%,2%,41%,"$15,997","$15,436","$13,467","$10,612","$10,211",
Miami University-Middletown,OH,Middletown,Suburb: Small,283,Yes,Yes,43%,---,---,43%,3.37,No,11.10%,20.80%,11.60%,15.30%,6.50%,---,15.30%,16.20%,---,---,---,---,---,---,---,---,---,---,---,---,---,---,---,---,---,---,---,---,---,---,---,---,---,---,53%,47%,---,5%,7%,80%,---,1%,---,6%,"$7,291","$19,207","$7,291",68,76,---,"1,213",8%,62%,28%,"$11,330",80%,"$2,202","$13,457",$528,"$4,733",---,"$4,964","$4,591","$6,162","$3,941",80%,52%,13%,---,29%,77%,29%,34%,35%,3%,30%,"$15,465","$15,364","$13,874","$11,514","$9,949",
Miami University-Oxford,OH,Oxford,Town: Fringe,"39,580",Yes,Yes,75%,84%,---,75%,3.82,No,40.06%,19.57%,8.11%,10.69%,0.45%,---,6.06%,15.06%,25,28,30,32,---,---,27,24,---,25,---,---,27,30,---,23.90%,610,650,690,700,1290,1380,640,610,1210,8.20%,54%,46%,---,5%,3%,85%,---,2%,---,5%,"$19,802","$42,267","$41,662","1,921","2,263","3,937","16,816",70%,90%,80%,"$11,275",85%,"$11,659","$27,928","$1,660","$5,154","$2,717","$9,650","$5,304","$20,640","$12,685",98%,95%,8%,8%,13%,97%,94%,41%,43%,9%,15%,"$30,943","$29,332","$24,142","$17,494","$14,775",
Michigan State University,MI,East Lansing,City: Small,"62,138",No,Yes,85%,---,---,85%,3.74,No,23.92%,29.47%,7.03%,13.35%,0.04%,---,2.01%,24.17%,24,28,30,32,---,---,30,23,---,22,---,---,27,29,---,8%,550,630,660,660,1250,1350,620,550,1150,52%,54%,46%,---,7%,7%,71%,---,8%,---,7%,"$19,742","$46,094","$39,330","4,463","5,159","9,533","41,234",62%,90%,81%,"$10,494",16%,"$7,036","$24,630",$496,"$5,360","$1,711","$9,086","$5,355","$20,049","$8,147",97%,96%,8%,5%,18%,97%,96%,32%,35%,7%,18%,"$28,327","$25,940","$20,378","$13,980","$8,119",
Middlebury College,VT,Middlebury,Town: Distant,"12,540",Yes,---,11%,30%,---,8%,---,---,---,---,---,---,---,---,---,---,33,34,35,---,---,---,---,---,---,---,---,---,---,---,---,18%,720,740,760,790,1490,1550,750,725,1430,28%,55%,45%,---,14%,6%,62%,---,8%,---,10%,"$70,640","$70,640","$93,756",272,326,615,"2,760",65%,94%,91%,"$5,000",---,"$56,879","$22,912","$2,440","$5,767","$2,450","$8,743","$4,632","$12,685","$59,348",57%,55%,7%,2%,22%,57%,54%,25%,28%,10%,22%,"$48,804","$22,228","$14,741","$8,548","$10,270",
Mills College at Northeastern University,CA,Oakland,City: Large,"17,177",---,---,17%,---,---,17%,---,---,---,---,---,---,---,---,---,---,31,33,33,35,---,---,34,30,---,27,---,---,29,33,---,6%,670,710,740,780,1470,1520,760,720,1390,28%,46%,54%,---,33%,12%,34%,1%,7%,---,13%,"$63,949","$63,949","$85,539",264,223,487,---,---,---,---,---,---,---,---,---,---,---,---,---,---,---,---,---,---,---,---,---,---,---,---,---,---,---,---,---,---,---,
Minerva University,---,San Francisco,---,"9,856",---,---,4%,---,---,4%,---,---,---,---,---,---,---,---,---,---,---,---,---,---,---,---,---,---,---,---,---,---,---,---,---,---,---,---,---,---,---,---,---,---,---,---,56%,44%,---,10%,---,57%,---,18%,---,15%,"$18,700","$18,700","$37,050",86,111,197,613,71%,87%,83%,---,---,"$18,394","$16,556",---,---,---,"$5,950",---,"$5,950","$18,394",70%,64%,---,---,---,70%,64%,---,70%,70%,---,---,---,---,---,---,
Minneapolis College of Art and Design,MN,Minneapolis,City: Large,885,No,Yes,48%,---,---,48%,3.29,No,5%,14%,18%,13%,6%,---,15%,28%,20,23,24,25,---,---,23,20,---,16,---,---,18,22,---,16%,570,650,750,680,1280,1430,630,540,1110,3%,71%,29%,---,11%,7%,64%,1%,8%,---,9%,"$43,824","$43,824","$60,374",49,120,169,714,62%,82%,66%,"$16,859",100%,"$23,185","$27,031","$1,678","$4,859","$5,943","$8,091","$5,418","$15,801","$27,729",100%,100%,6%,41%,38%,100%,100%,79%,80%,14%,38%,"$31,859","$28,900","$22,690","$20,630","$20,912",
Mitchell College,CT,New London,City: Small,"1,295",Yes,No,73%,---,---,73%,---,---,---,---,---,---,---,---,---,---,---,---,---,---,---,---,---,---,---,---,---,---,---,---,---,---,---,---,---,---,---,---,---,---,---,---,34%,66%,---,20%,15%,56%,1%,1%,---,7%,"$40,490","$40,490","$60,550",55,28,83,500,57%,57%,63%,"$8,551",99%,"$18,181","$31,760",$875,"$5,156","$5,781","$8,986","$5,103","$20,525","$22,302",100%,98%,28%,26%,43%,98%,98%,75%,75%,14%,43%,"$33,628","$36,769","$26,085","$29,762","$27,427",
Monmouth University,NJ,West Long Branch,Suburb: Large,"9,321",Yes,Yes,89%,83%,87%,92%,3.63,No,22.40%,20.80%,13%,14.90%,0.40%,---,7.20%,21.30%,24,26,29,31,---,---,25,23,---,21,---,---,26,27,---,2%,580,610,660,650,1200,1270,590,560,1125,18%,66%,34%,---,18%,5%,69%,---,2%,---,5%,"$48,340","$48,340","$72,492",281,546,975,"3,710",64%,80%,72%,"$19,449",99%,"$22,547","$33,228","$1,095","$5,529","$10,614","$13,227","$5,363","$26,394","$27,087",100%,100%,20%,25%,30%,100%,100%,66%,68%,21%,31%,"$38,626","$36,327","$29,142","$18,532","$19,945",
Montana State University,MT,Bozeman,Town: Remote,"21,652",No,Yes,82%,---,---,82%,3.51,No,21.45%,21.50%,10.44%,12.51%,3.67%,---,12.09%,17.53%,21,23,27,27,---,---,22,20,---,19,---,---,23,27,---,38%,540,590,645,640,1160,1270,570,525,1060,21%,47%,53%,---,7%,1%,84%,1%,1%,---,6%,"$8,947","$33,432","$30,108","1,730","1,552","3,634","15,053",36%,79%,57%,"$2,057",32%,"$9,477","$18,511","$1,256","$5,171",$986,"$9,510","$5,155","$21,063","$9,967",91%,85%,18%,9%,16%,90%,78%,38%,39%,8%,22%,"$23,771","$23,456","$20,572","$17,165","$16,713",
Montana State University Billings,MT,Billings,City: Midsize,"2,227",---,No,100%,---,---,100%,3.2,No,9.30%,12.10%,12.10%,16.30%,9.90%,---,19.20%,17.90%,---,---,---,---,---,---,---,---,---,---,---,---,---,---,---,---,---,---,---,---,---,---,---,---,---,---,58%,42%,---,8%,1%,77%,6%,1%,---,7%,"$7,220","$22,691","$23,560",196,272,---,"3,881",16%,56%,41%,"$1,680",52%,"$2,541","$13,252",$439,"$4,507","$1,956","$5,288","$4,804","$8,903","$5,340",91%,80%,12%,15%,38%,89%,74%,35%,36%,3%,38%,"$18,473","$18,067","$15,803","$13,297","$12,147",
Montana State University-Northern,MT,Havre,Town: Remote,"9,460",No,No,96%,---,---,96%,2.79,No,---,---,---,---,---,---,---,---,---,---,---,---,---,---,---,---,---,---,---,---,---,---,---,---,---,---,---,---,---,---,---,---,---,---,22%,78%,---,5%,2%,68%,20%,---,1%,4%,"$6,982","$21,757","$19,380",128,37,---,982,22%,69%,28%,$250,2%,"$4,208","$11,789","$1,031","$5,260","$3,133","$4,821","$4,821",---,"$5,301",88%,85%,16%,9%,43%,86%,45%,39%,39%,---,45%,"$17,363","$17,049","$14,599","$11,704","$11,283",
Montana Technological University,MT,Butte,Town: Remote,"1,623",No,No,90%,---,---,90%,3.56,No,11%,33%,8%,13%,6%,---,6%,23%,18,22,25,23,---,---,21,18,---,18,---,---,23,26,---,78%,520,580,620,630,1170,1250,590,540,1060,11%,34%,66%,---,5%,1%,83%,2%,1%,---,8%,"$8,050","$24,730","$24,888",191,97,294,"1,435",30%,76%,57%,"$3,647",42%,"$4,466","$15,866",$614,"$4,745","$1,155","$5,999","$4,808","$12,711","$5,702",93%,80%,9%,29%,21%,92%,70%,50%,51%,5%,21%,"$19,093","$17,361","$16,138","$13,539","$11,327",
Moore College of Art and Design,PA,Philadelphia,City: Large,"1,322",No,Yes,61%,---,---,61%,3.24,No,---,---,---,---,---,---,---,---,25,27,31,34,---,---,28,24,---,23,---,---,25,29,---,5%,605,630,688,723,1305,1411,675,628,1233,24%,100%,---,---,8%,16%,51%,1%,4%,1%,20%,"$50,146","$50,146","$73,402",---,108,108,390,53%,81%,61%,---,---,"$21,225","$44,371","$3,371","$5,491","$4,551","$14,448","$5,467","$30,539","$24,267",100%,100%,12%,12%,39%,100%,100%,86%,87%,26%,39%,"$46,274","$46,646","$47,139","$36,789","$39,174",
Morehouse College,GA,Atlanta,City: Large,"5,733",Yes,Yes,44%,66%,---,25%,3.56,No,---,31%,17%,22%,1%,---,6%,23%,18,20,25,25,---,---,21,18,---,16,---,---,19,24,---,11%,---,---,---,---,---,---,---,---,---,---,---,100%,---,---,98%,---,---,---,---,2%,"$31,725","$31,725","$51,623",683,---,682,"2,847",45%,87%,59%,"$9,975",13%,"$10,996","$34,733","$3,759","$5,150","$4,129","$9,230","$5,475","$28,135","$12,643",91%,83%,9%,23%,47%,91%,60%,59%,63%,9%,47%,"$39,174","$39,484","$37,266","$33,552","$32,679",
Morgan State University,MD,Baltimore,City: Large,"23,361",No,No,82%,---,---,82%,3.13,No,10%,7%,19%,13%,10%,---,30%,11%,16,19,21,21,---,---,18,14,---,15,---,---,17,18,---,3%,400,480,520,550,980,1080,500,440,860,22%,63%,37%,---,6%,82%,1%,---,---,---,11%,"$8,346","$19,456","$27,510",876,"1,493","2,282","9,027",18%,76%,40%,"$9,063",19%,"$5,180","$15,350","$3,622","$5,221","$5,372","$6,919","$5,367","$16,909","$9,751",99%,97%,12%,20%,61%,98%,91%,71%,72%,7%,62%,"$16,768","$19,600","$16,670","$13,284","$10,666",
Mount Holyoke College,MA,South Hadley,Suburb: Large,"5,226",Yes,No,36%,46%,---,35%,3.89,No,34%,32.44%,2.67%,8.22%,0.22%,---,0.44%,22%,32,32,35,36,---,---,35,34,---,26,---,---,29,34,---,2%,710,720,760,770,1420,1500,700,670,1350,13%,100%,---,---,13%,7%,64%,---,8%,---,8%,"$68,020","$68,020","$91,893",---,512,587,"2,178",70%,89%,84%,"$25,303",46%,"$40,410","$35,782","$1,438","$5,087","$2,997","$4,202","$4,055","$4,275","$41,823",78%,75%,11%,5%,16%,75%,75%,37%,48%,12%,16%,"$42,389","$31,425","$21,565","$17,670","$17,365",
Mount Mary University,WI,Milwaukee,City: Large,"1,224",No,No,66%,---,---,66%,3.09,No,7%,4%,18%,17%,11%,---,29%,12%,17,20,21,22,---,---,19,13,---,16,---,---,18,22,---,17%,---,---,---,---,---,---,---,---,---,1%,95%,---,5%,36%,24%,29%,1%,7%,---,3%,"$36,490","$36,490","$54,920",---,115,172,749,35%,67%,43%,"$28,286",86%,"$21,316","$19,409",$741,"$5,276","$3,209","$5,807","$5,054","$14,114","$28,033",100%,100%,17%,88%,71%,100%,100%,97%,97%,5%,71%,"$20,654","$20,665","$18,312","$17,079","$17,470",
Mount Saint Mary's University,CA,Los Angeles,City: Large,"4,882",No,Yes,73%,---,---,73%,3.45,No,4%,23%,16%,18%,1%,---,12%,26%,---,---,---,---,---,---,---,---,---,---,---,---,---,---,---,---,---,---,---,---,---,---,---,---,---,---,96%,4%,---,58%,6%,8%,1%,18%,---,9%,"$51,052","$51,052","$77,885",18,411,449,"1,733",51%,71%,52%,"$17,824",83%,"$28,109","$27,434","$3,453","$5,534","$8,102","$6,429","$5,258","$20,983","$37,117",100%,100%,5%,66%,61%,100%,100%,70%,75%,6%,61%,"$36,716","$26,738","$25,413","$23,266","$17,327",
Mt Sierra College,---,Monrovia,---,---,---,---,---,---,---,---,---,---,---,---,---,---,---,---,---,---,---,---,---,---,---,---,---,---,---,---,---,---,---,---,---,---,---,---,---,---,---,---,---,---,---,---,---,---,---,---,---,---,---,---,---,---,---,---,---,---,---,---,---,---,---,---,---,---,---,---,---,---,---,---,---,---,---,---,---,---,---,---,---,---,---,---,---,---,---,---,---,---,---,
Muhlenberg College,PA,Allentown,City: Midsize,"4,348",Yes,Yes,64%,75%,---,63%,3.55,No,5.15%,29.74%,12.65%,14.99%,0.70%,---,6.56%,30.21%,28,30,31,33,---,---,30,27,---,25,---,---,26,30,---,11%,630,670,710,690,1310,1400,640,600,1230,33%,56%,44%,---,11%,5%,73%,---,4%,---,7%,"$62,804","$62,804","$81,144",189,238,427,"1,788",69%,89%,80%,"$27,198",107%,"$39,159","$31,814","$4,000","$4,998","$5,282","$7,356","$5,494","$22,994","$42,021",99%,99%,22%,13%,24%,99%,99%,85%,85%,7%,25%,"$39,900","$26,057","$19,712","$16,144","$13,742",
Multnomah University,OR,Portland,City: Large,317,No,No,50%,---,---,50%,3.25,No,---,---,---,---,---,---,---,---,---,---,---,---,---,---,---,---,---,---,---,---,---,---,---,2%,---,---,---,---,---,---,---,---,---,3%,34%,66%,---,21%,16%,41%,2%,5%,1%,13%,"$30,310","$30,310","$49,862",35,18,58,330,34%,34%,39%,"$2,695",46%,"$15,012","$23,072",$557,"$4,786","$3,572","$5,544","$3,812","$21,279","$18,214",100%,100%,16%,19%,56%,100%,100%,96%,96%,8%,56%,"$26,053","$28,928","$23,550","$20,778","$21,713",
Musicians Institute,---,Hollywood,---,425,No,No,71%,---,---,71%,---,---,---,---,---,---,---,---,---,---,---,---,---,---,---,---,---,---,---,---,---,---,---,---,---,---,---,---,---,---,---,---,---,---,---,---,31%,69%,---,15%,12%,35%,1%,14%,1%,21%,"$27,194","$27,194","$46,625",84,37,141,780,15%,71%,33%,---,---,"$1,767","$39,056",$723,"$5,183",---,"$5,487","$5,487",---,"$3,752",43%,37%,9%,---,19%,43%,27%,24%,24%,---,19%,"$39,845","$39,295","$38,496","$36,541","$35,638",
Muskingum University,OH,New Concord,Town: Distant,"2,539",No,No,82%,---,---,82%,3.49,No,16%,23%,12%,13%,3%,---,17%,16%,17,19,22,22,---,---,18,15,---,16,---,---,18,23,---,66%,460,500,560,545,990,1120,490,450,900,10%,48%,52%,---,4%,7%,82%,---,1%,---,6%,"$33,304","$33,304","$49,096",184,169,373,"1,524",46%,74%,56%,"$20,245",88%,"$19,571","$20,269","$1,355","$5,179","$4,123","$9,518","$6,173","$6,128","$24,325",97%,97%,18%,50%,44%,97%,97%,92%,92%,51%,46%,"$23,476","$21,619","$18,945","$16,959","$15,861",
Naropa University,CO,Boulder,City: Midsize,100,No,No,94%,---,---,94%,3.01,No,6.90%,10.34%,24.14%,3.45%,13.79%,---,20.69%,17.24%,---,---,---,---,---,---,---,---,---,---,---,---,---,---,---,---,---,---,---,---,---,---,---,---,---,---,79%,21%,---,12%,2%,67%,---,3%,---,16%,"$34,600","$34,600","$51,310",5,19,24,368,20%,57%,31%,"$8,333",75%,"$17,701","$31,491","$1,000","$5,488","$9,750","$7,067","$6,129","$15,000","$21,183",93%,93%,14%,7%,43%,93%,93%,57%,57%,4%,43%,"$43,733","$40,662","$26,342","$21,626","$20,428",
National American University-Albuquerque,---,Albuequerque,---,---,---,---,---,---,---,---,---,---,---,---,---,---,---,---,---,---,---,---,---,---,---,---,---,---,---,---,---,---,---,---,---,---,---,---,---,---,---,---,---,---,---,---,---,---,---,---,---,---,---,---,---,---,---,---,---,---,---,---,---,---,---,---,---,---,---,---,---,---,---,---,---,---,---,---,---,---,---,---,---,---,---,---,---,---,---,---,---,---,---,
National American University-Colorado Springs,---,Colorado Springs,---,---,---,---,---,---,---,---,---,---,---,---,---,---,---,---,---,---,---,---,---,---,---,---,---,---,---,---,---,---,---,---,---,---,---,---,---,---,---,---,---,---,---,---,---,---,---,---,---,---,---,---,---,---,---,---,---,---,---,---,---,---,---,---,---,---,---,---,---,---,---,---,---,---,---,---,---,---,---,---,---,---,---,---,---,---,---,---,---,---,---,
National American University-Rio Rancho,---,Rio Rancho,---,---,---,---,---,---,---,---,---,---,---,---,---,---,---,---,---,---,---,---,---,---,---,---,---,---,---,---,---,---,---,---,---,---,---,---,---,---,---,---,---,---,---,---,---,---,---,---,---,---,---,---,---,---,---,---,---,---,---,---,---,---,---,---,---,---,---,---,---,---,---,---,---,---,---,---,---,---,---,---,---,---,---,---,---,---,---,---,---,---,---,
National University,CA,La Jolla,City: Large,---,No,No,---,---,---,---,---,---,---,---,---,---,---,---,---,---,---,---,---,---,---,---,---,---,---,---,---,---,---,---,---,---,---,---,---,---,---,---,---,---,---,---,48%,52%,---,32%,18%,29%,1%,7%,1%,12%,"$13,320","$13,320","$52,909",12,11,---,"11,297",16%,53%,50%,"$6,717",80%,"$5,996","$28,115",$975,"$4,978",---,"$7,175","$7,175",---,"$6,863",77%,69%,46%,---,38%,77%,46%,23%,23%,---,46%,"$32,956",---,---,---,"$30,678",
Navajo Technical University,NM,Crownpoint,Rural: Remote,"7,754",---,---,93%,---,---,93%,---,No,---,---,---,---,---,---,---,---,---,---,---,---,---,---,---,---,---,---,---,---,---,---,---,---,---,---,---,---,---,---,---,---,---,---,46%,54%,---,1%,1%,---,97%,1%,---,1%,"$4,346","$4,346","$16,686",90,78,---,"1,523",11%,86%,14%,---,---,$876,"$4,233",$679,"$4,553","$2,202",---,---,---,"$7,285",98%,98%,22%,79%,76%,98%,92%,---,---,---,76%,---,"$6,612","$4,439","$3,639","$3,037",
Nazareth University,NY,Rochester,Suburb: Large,"5,102",Yes,No,75%,75%,---,75%,3.6,No,29.10%,15.47%,12.70%,11.09%,3.46%,0.23%,12.70%,15.24%,22,28,32,---,---,---,---,---,---,---,---,---,---,---,---,2%,530,630,650,670,1240,1330,610,540,1170,9%,70%,30%,---,8%,6%,79%,---,2%,---,5%,"$43,820","$43,820","$64,714",132,306,461,"1,882",63%,85%,73%,"$28,577",100%,"$22,286","$31,321",$855,"$5,114","$3,463","$9,507","$5,178","$18,980","$24,793",100%,99%,12%,31%,27%,100%,99%,73%,73%,17%,27%,"$33,978","$30,697","$28,829","$23,843","$22,378",
Neumont College of Computer Science,---,South Jordan,---,"1,045",No,No,89%,---,---,89%,3.1,No,---,---,---,---,---,---,---,---,24,24,28,26,---,---,21,17,---,22,---,---,24,28,---,51%,410,485,585,490,970,1075,485,460,870,28%,13%,87%,---,16%,8%,51%,2%,4%,1%,18%,"$27,375","$27,375","$47,619",151,22,177,530,55%,77%,58%,---,---,"$7,090","$28,592",$889,"$5,328",---,"$7,339","$5,140","$18,112","$10,341",99%,95%,14%,---,54%,99%,95%,88%,88%,11%,54%,"$30,965","$32,666","$31,022","$26,730","$26,380",
Nevada State College,NV,Henderson,Rural: Fringe,"1,728",No,No,86%,---,---,86%,2.75,No,---,---,---,---,---,---,---,---,---,---,---,---,---,---,---,---,---,---,---,---,---,---,---,---,---,---,---,---,---,---,---,---,---,---,81%,19%,---,46%,10%,21%,---,10%,1%,11%,"$6,990","$16,210","$27,073",85,353,519,"7,224",14%,77%,15%,---,---,"$2,832","$16,255",$682,"$4,618","$2,490","$4,636","$4,636",---,"$7,642",92%,89%,22%,76%,49%,91%,71%,11%,11%,---,49%,"$19,917","$17,591","$15,176","$12,021","$11,793",
New England College,NH,Henniker,Rural: Distant,"3,251",No,No,92%,---,---,92%,2.93,No,3%,11.90%,12.30%,9.40%,16.20%,1%,26.80%,10.20%,---,---,---,---,---,---,---,---,---,---,---,---,---,---,---,---,---,---,---,---,---,---,---,---,---,---,53%,47%,---,9%,9%,63%,---,2%,---,17%,"$43,484","$43,484","$61,704",125,139,234,"1,032",29%,61%,35%,"$30,327",88%,"$28,127","$30,280","$1,222","$4,976","$3,276","$9,165","$5,550","$16,756","$30,475",98%,96%,28%,8%,41%,98%,95%,79%,80%,18%,41%,"$33,142","$30,963","$32,928","$28,253","$25,146",
New Mexico Highlands University,NM,Las Vegas,Town: Remote,"1,579",---,---,95%,---,---,95%,3.41,No,9.66%,11.23%,18.28%,12.27%,13%,---,21%,12.53%,15,---,20,19,---,---,---,14.75,---,15,---,---,---,19,---,2%,432.5,---,617.5,---,---,---,---,---,---,8%,51%,49%,---,64%,6%,15%,9%,---,---,5%,"$7,260","$12,180","$22,046",108,114,---,"1,710",1%,63%,16%,---,---,"$2,422","$15,106",$254,"$4,520","$2,568","$2,396","$1,899","$5,985","$6,020",97%,94%,29%,79%,56%,95%,80%,18%,20%,2%,56%,"$14,797","$14,350","$15,596","$13,953","$13,501",
New Mexico Institute of Mining and Technology,NM,Socorro,Town: Remote,"1,110",No,No,54%,---,---,54%,3.74,No,---,55%,10.50%,8.20%,0.50%,---,7.30%,18.60%,20,24,28,27,---,---,22,19,---,17,---,---,23,27,---,25%,500,600,650,640,1180,1290,580,540,1040,79%,29%,71%,---,43%,1%,46%,4%,3%,---,3%,"$9,058","$26,312","$25,200",158,64,222,"1,217",31%,77%,56%,"$8,037",96%,"$4,307","$9,133","$2,227","$5,159","$8,247","$4,939","$4,627","$8,900","$13,507",99%,99%,23%,89%,34%,99%,85%,37%,38%,2%,34%,"$12,207","$11,907","$8,676","$5,067","$3,970",
New Mexico State University-Main Campus,NM,Las Cruces,Suburb: Midsize,"13,091",No,No,89%,---,---,89%,3.48,No,16.10%,18.50%,13.10%,15%,2.50%,---,16.30%,18%,17,20,24,24,---,---,19,15,---,16,---,---,18,23,---,18.30%,450,500,570,540,990,1110,490,420,885,67.70%,57%,43%,---,65%,2%,25%,3%,1%,---,3%,"$8,556","$26,883","$26,394","1,012","1,324","2,391","12,498",33%,73%,55%,"$3,156",68%,"$8,707","$8,353",$907,"$5,342","$7,736","$5,131","$3,963","$11,862","$15,073",98%,97%,10%,71%,48%,98%,73%,26%,27%,3%,49%,"$10,360","$10,223","$8,877","$5,724","$5,104",
New Saint Andrews College,ID,Moscow,Town: Distant,180,---,---,84%,---,---,84%,---,---,---,---,---,---,---,---,---,---,23,27,30,35,---,---,27,25,---,21,---,---,24,27,---,21%,605,620,668,670,1220,1330,600,550,1170,38%,52%,48%,---,2%,5%,79%,1%,2%,1%,10%,"$18,000","$18,000","$23,400",42,46,80,350,69%,86%,81%,---,---,"$3,486","$16,064",---,---,---,"$10,866",---,"$10,866","$3,486",92%,92%,---,---,---,92%,92%,---,9%,9%,---,---,---,---,---,---,
New York Film Academy,---,New York,---,2,---,---,100%,---,---,100%,2.5,---,---,---,---,---,---,---,---,---,---,---,---,---,---,---,---,---,---,---,---,---,---,---,---,---,---,---,---,---,---,---,---,---,---,---,47%,53%,---,27%,19%,31%,---,7%,---,15%,"$36,738","$36,738","$65,994",122,110,---,965,68%,78%,68%,---,---,"$10,120","$50,504","$2,400","$6,049","$3,574","$15,520","$8,127","$28,519","$12,379",93%,93%,17%,5%,23%,93%,93%,35%,36%,10%,24%,"$52,698","$46,860","$46,575","$42,568","$43,826",
New York Institute of Technology,NY,Old Westbury,Suburb: Large,"13,237",No,No,81%,---,---,81%,3.52,No,---,---,---,---,---,---,---,---,24,29,32,34,---,---,29,23,---,23,---,---,27,31,---,2%,590,620,690,730,1280,1390,660,600,1180,22%,38%,62%,---,26%,13%,21%,1%,32%,---,6%,"$48,600","$48,600","$84,168",521,317,886,"3,646",40%,78%,59%,"$20,794",91%,"$25,988","$23,074","$1,086","$5,676","$3,570","$5,743","$4,864","$14,990","$30,945",100%,100%,35%,48%,51%,100%,100%,44%,44%,3%,51%,"$28,544","$26,269","$21,862","$17,565","$16,548",
New York University,NY,New York,City: Large,"110,807",Yes,No,9%,---,---,9%,3.81,No,18%,54%,1%,5%,---,---,---,22%,34,34,35,---,---,---,---,---,---,---,---,---,---,---,---,10%,720,750,760,800,1530,1570,780,760,1480,28%,59%,41%,---,19%,9%,30%,---,30%,---,11%,"$65,622","$65,622","$95,848","2,335","3,302","5,818","29,060",73%,96%,88%,"$23,737",1%,"$45,087","$30,730","$4,034","$5,709","$5,058","$9,849","$5,109","$21,824","$48,269",49%,41%,4%,9%,22%,45%,39%,22%,22%,5%,22%,"$59,931","$33,913","$18,555","$15,898","$16,816",
Newberry College,SC,Newberry,Town: Distant,"4,269",---,---,75%,---,---,75%,3.58,No,26.90%,11.90%,12.90%,15.40%,2.80%,---,14.70%,15.40%,17,20,24,24,---,---,21,16,---,16,---,---,18,23,---,7%,410,470,540,520,950,1060,480,410,820,5%,47%,53%,---,3%,35%,51%,1%,1%,---,9%,"$31,100","$31,100","$44,600",247,223,470,"1,462",36%,70%,43%,"$12,043",100%,"$15,222","$20,941",$737,"$5,427","$7,207","$7,302","$5,867","$11,691","$23,249",100%,100%,23%,68%,54%,100%,99%,82%,82%,10%,55%,"$23,338","$18,277","$22,439","$18,786","$18,692",
Newschool of Architecture and Design,---,San Diego,---,20,Yes,---,100%,---,---,100%,---,No,---,---,---,---,---,---,---,---,---,---,---,---,---,---,---,---,---,---,---,---,---,---,---,---,---,---,---,---,---,---,---,---,---,---,50%,50%,---,38%,13%,29%,1%,10%,1%,8%,"$30,291","$30,291","$30,291",4,4,8,213,42%,50%,42%,"$7,046",100%,"$6,497","$50,190",$334,"$5,281","$5,370","$4,838","$4,838",---,"$7,452",91%,91%,9%,9%,18%,91%,82%,55%,55%,---,18%,"$50,309","$51,642","$50,500","$36,741",---,
Nicholls State University,LA,Thibodaux,City: Small,"3,320",No,No,96%,---,---,96%,3.34,No,---,---,---,---,---,---,---,---,18,21,24,25,---,---,21,18,---,17,---,---,20,24,---,86%,490,540,600,545,1015,1145,475,438,928,2%,61%,39%,---,6%,19%,66%,2%,2%,---,5%,"$8,173","$9,266","$26,407",452,712,"1,169","5,612",23%,77%,45%,---,---,"$5,556","$11,029",$716,"$5,127","$4,700","$5,407","$4,925","$9,866","$10,052",95%,88%,7%,78%,41%,95%,54%,43%,44%,2%,41%,"$15,799","$15,504","$12,659","$10,582","$8,822",
North Carolina A & T State University,NC,Greensboro,City: Large,"30,717",Yes,No,46%,---,---,46%,3.61,No,---,---,---,---,---,---,---,---,16,19,22,21,---,---,18,14,---,16,---,---,18,21,---,15%,490,550,610,580,1080,1190,530,470,960,13%,65%,35%,---,5%,86%,3%,---,---,---,5%,"$6,813","$20,873","$21,051",966,"1,757","2,755","12,216",34%,80%,57%,"$8,317",16%,"$3,526","$10,258","$4,324","$5,541","$2,702","$6,934","$5,524","$14,995","$10,700",96%,89%,80%,41%,55%,95%,52%,61%,62%,6%,86%,"$18,685","$17,075","$13,024","$8,701","$7,314",
North Carolina State University at Raleigh,NC,Raleigh,City: Large,"44,109",No,Yes,42%,---,42%,40%,3.83,No,20.02%,56.70%,0.68%,2.78%,0.04%,---,0.35%,19.43%,25,30,32,33,---,---,29,24,---,25,---,---,28,31,---,41.34%,640,680,720,740,1380,1460,700,640,1300,24.86%,52%,48%,---,10%,6%,68%,---,10%,---,6%,"$9,027","$33,992","$27,436","2,814","3,003","5,728","28,422",67%,93%,85%,"$5,908",9%,"$8,224","$14,860",$538,"$5,238","$4,683","$7,609","$5,105","$16,558","$11,811",68%,50%,9%,19%,18%,62%,48%,40%,41%,7%,18%,"$24,211","$20,386","$13,992","$8,670","$6,200",
North Seattle College,WA,Seattle,City: Large,"9,530",No,No,76%,---,---,76%,---,---,---,---,---,---,---,---,---,---,---,---,---,---,---,---,---,---,---,---,---,---,---,---,---,---,---,---,---,---,---,---,---,---,---,---,41%,59%,---,21%,13%,34%,---,11%,---,21%,"$5,003","$5,371","$27,521",221,153,---,"5,017",---,---,---,---,---,"$1,532","$10,864","$1,540","$3,862","$3,744","$4,901","$4,601","$10,000","$6,365",76%,47%,9%,39%,27%,47%,9%,4%,4%,---,33%,"$16,377","$14,819","$9,872","$7,002","$7,776",
Northcentral University,CA,Prescott Valley,City: Large,---,---,---,---,---,---,---,---,---,---,---,---,---,---,---,---,---,---,---,---,---,---,---,---,---,---,---,---,---,---,---,---,---,---,---,---,---,---,---,---,---,---,---,---,---,---,8%,20%,39%,1%,1%,2%,29%,---,---,---,---,---,---,15,---,---,---,---,---,---,---,---,"$3,835",---,---,---,---,---,---,---,---,---,---,---,---,---,---,---,---,---,---,---,---,---,
Northeastern University,MA,Boston,City: Large,"98,425",Yes,Yes,5%,43%,---,4%,---,---,---,---,---,---,---,---,---,---,33,34,35,35,---,---,35,33,---,30,---,---,33,35,---,7.36%,710,730,760,780,1500,1550,770,730,1460,23.67%,60%,40%,---,12%,5%,47%,---,26%,---,10%,"$69,289","$69,289","$92,349","1,089","1,667","2,744","22,695",---,97%,91%,"$16,112",26%,"$44,353","$34,770","$3,486","$6,629","$3,527","$9,028","$4,399","$32,680","$46,558",80%,73%,15%,6%,16%,78%,72%,38%,39%,6%,16%,"$51,753","$20,109","$10,482","$6,383","$5,900",
Northern Arizona University,AZ,Flagstaff,City: Small,"35,100",No,No,90%,---,---,90%,3.7,No,30%,20%,10%,13%,1%,---,10%,16%,20,---,26,26,---,---,---,19,---,18,---,---,---,26,---,28%,520,---,660,630,---,---,---,490,---,4%,62%,38%,---,28%,3%,53%,4%,5%,---,7%,"$13,440","$30,912","$33,272","1,846","3,001","5,473","22,991",48%,75%,61%,"$8,037",96%,"$9,981","$16,544","$2,184","$5,435","$4,229","$6,952","$5,420","$15,147","$12,377",97%,95%,3%,15%,31%,97%,93%,39%,40%,5%,32%,"$20,484","$19,013","$14,211","$11,015","$10,333",
Northern New Mexico College,NM,Espanola,Town: Distant,"15,201",No,No,76%,---,---,76%,2.63,No,---,---,---,---,---,---,---,---,---,---,---,---,---,---,---,---,---,---,---,---,---,---,---,---,---,---,---,---,---,---,---,---,---,---,58%,42%,---,68%,1%,12%,9%,2%,---,7%,"$5,064","$14,328","$24,294",45,61,---,"1,310",3%,61%,14%,---,---,$677,"$6,102",$956,"$4,947","$6,109","$2,771","$2,771",---,"$10,169",100%,100%,10%,100%,70%,100%,27%,4%,4%,---,70%,---,---,"$6,836","$4,669","$4,957",
Northland College,WI,Ashland,Town: Remote,894,---,---,72%,---,---,72%,3.3,No,---,---,---,---,---,---,---,---,21,23,25,26,---,---,23,20,---,19,---,---,20,25,---,47%,558,600,720,598,1160,1318,560,538,1096,16%,56%,44%,---,8%,4%,75%,3%,2%,---,8%,"$42,491","$42,491","$57,041",45,58,103,502,47%,74%,54%,---,---,"$27,968","$24,020","$1,610","$5,019","$3,444","$8,527","$4,977","$12,101","$30,355",100%,100%,20%,24%,26%,100%,100%,63%,65%,20%,26%,"$27,084","$22,840","$20,256","$18,357","$17,367",
Northwest College of Art & Design,---,Poulsbo,---,152,No,No,76%,---,---,76%,---,No,---,---,---,---,---,---,---,---,---,---,---,---,---,---,---,---,---,---,---,---,---,---,---,---,---,---,---,---,---,---,---,---,---,---,76%,24%,---,16%,7%,56%,9%,6%,3%,3%,"$18,100","$18,100","$18,780",13,42,55,150,22%,78%,56%,---,---,"$1,067","$20,185",---,"$4,676","$8,152","$7,532","$5,080","$15,326","$10,032",85%,85%,---,67%,57%,85%,20%,54%,54%,9%,57%,"$29,127","$29,021","$21,306","$17,795","$14,817",
Northwest Indian College,WA,Bellingham,Rural: Fringe,12,No,No,92%,---,---,92%,---,No,---,---,---,---,---,---,---,---,---,---,---,---,---,---,---,---,---,---,---,---,---,---,---,---,---,---,---,---,---,---,---,---,---,---,58%,42%,---,10%,---,2%,77%,---,1%,9%,"$3,969","$3,969","$9,469",32,45,---,696,31%,53%,38%,---,---,"$1,817","$9,875","$2,106","$4,938","$3,026",---,---,---,"$8,084",100%,100%,100%,41%,61%,100%,100%,---,---,---,100%,---,---,"$10,544","$3,289","$8,082",
Northwest Nazarene University,ID,Nampa,Suburb: Midsize,"2,957",---,No,72%,---,---,72%,3.73,No,21%,28%,7%,12%,2%,---,7%,25%,22,28,28,31,---,---,23,21,---,21,---,---,19,29,---,8%,520,540,620,610,1080,1210,540,500,940,44%,49%,51%,---,15%,2%,73%,1%,1%,---,8%,"$41,990","$41,990","$58,792",107,102,246,"1,043",47%,77%,58%,"$13,030",100%,"$21,364","$27,291",$834,"$4,704","$2,523","$9,784","$5,293","$17,014","$23,126",99%,99%,26%,9%,28%,99%,99%,59%,59%,16%,28%,"$28,028","$26,385","$24,101","$21,975","$22,918",
Northwest University,WA,Kirkland,Suburb: Large,657,No,No,81%,---,---,81%,3.49,No,10%,37%,9%,9%,4%,---,14%,17%,15,25,21,21,---,---,24,13,---,14,---,---,27,25,---,2%,540,600,700,650,1200,1325,600,500,1040,15%,55%,45%,---,13%,6%,62%,1%,5%,1%,11%,"$37,120","$37,120","$53,006",54,66,152,695,64%,84%,68%,"$15,982",97%,"$18,587","$25,917","$4,000","$5,029","$6,632","$6,943","$5,620","$15,837","$21,864",99%,99%,5%,32%,18%,99%,99%,47%,52%,6%,18%,"$31,535","$25,518","$19,757","$15,418","$14,935",
Northwestern College,IA,Orange City,Town: Distant,"1,501",No,No,80%,---,---,80%,3.61,No,11.93%,38.53%,11.01%,11.62%,1.22%,---,6.42%,19.27%,---,---,---,---,---,---,---,---,---,---,---,---,---,---,---,---,---,---,---,---,---,---,---,---,---,---,43%,57%,---,6%,2%,85%,---,2%,---,4%,"$38,360","$38,360","$54,640",187,140,283,"1,187",54%,74%,66%,"$20,627",34%,"$20,191","$24,737",$951,"$4,339","$6,868","$7,565","$5,206","$10,780","$23,319",100%,100%,24%,29%,23%,100%,100%,64%,66%,15%,24%,"$26,036","$21,234","$20,674","$22,811","$21,342",
Northwestern University,IL,Evanston,City: Small,"49,474",Yes,No,8%,23%,---,6%,---,No,---,---,---,---,---,---,---,---,34,34,35,36,---,---,35,35,---,32,---,---,34,35,---,23%,740,750,770,800,1530,1560,780,770,1490,46%,54%,46%,---,18%,9%,34%,---,24%,---,14%,"$70,589","$70,589","$96,182",976,"1,127","2,111","9,060",83%,98%,95%,"$29,000",1%,"$60,925","$23,341","$2,021","$5,569","$7,116","$7,403","$4,761","$31,999","$64,463",61%,52%,21%,6%,21%,55%,51%,21%,22%,2%,21%,"$48,837","$14,059","$6,485","$3,373","$1,243",
Norwich University,VT,Northfield,Town: Distant,"5,157",No,No,74%,---,---,74%,3.3,No,6%,16.30%,15%,19.80%,5.40%,---,20.10%,16.10%,20,24,27,27,---,---,24,20,---,19,---,---,23,26,---,5%,540,600,650,670,1190,1320,590,520,1060,15%,31%,69%,---,11%,5%,72%,---,3%,---,9%,"$48,880","$48,880","$63,560",336,154,563,"2,642",54%,69%,61%,"$29,739",100%,"$34,591","$28,196","$3,527","$4,882","$2,833","$8,770","$5,404","$13,889","$36,911",100%,99%,15%,12%,30%,99%,99%,60%,61%,15%,30%,"$31,555","$25,197","$22,423","$20,895","$19,842",
Nossi College of Art,---,Madison,---,245,No,No,43%,---,---,43%,---,---,---,---,---,---,---,---,---,---,---,---,---,---,---,---,---,---,---,---,---,---,---,---,---,---,---,---,---,---,---,---,---,---,---,---,62%,38%,---,7%,24%,63%,2%,2%,---,2%,"$13,400","$13,400","$13,400",19,31,50,278,41%,75%,41%,---,---,$591,"$23,745",---,"$2,720","$1,000","$4,734","$4,734",---,"$3,097",93%,91%,---,53%,69%,91%,63%,74%,74%,---,69%,"$26,846","$25,355","$24,549","$23,123","$22,498",
Nova Southeastern University,FL,Fort Lauderdale,Suburb: Large,"17,650",Yes,Yes,73%,---,---,73%,3.94,No,2%,24%,20%,22%,1%,---,10%,22%,19,24,28,28,---,---,24,19,---,17,---,---,23,26,---,16%,530,600,650,650,1180,1310,580,500,1050,42%,72%,28%,---,35%,16%,29%,---,13%,---,6%,"$40,200","$40,200","$64,736",565,"1,450","2,029","7,307",55%,76%,63%,"$19,379",100%,"$18,736","$32,756","$1,706","$5,396","$4,224","$8,606","$5,390","$18,590","$23,120",100%,100%,18%,47%,38%,100%,99%,45%,46%,8%,39%,"$35,861","$33,872","$30,839","$29,648","$28,140",
Oberlin College,OH,Oberlin,Town: Fringe,"10,529",Yes,No,34%,39%,---,34%,3.7,No,11%,42%,6%,14%,---,---,2%,25%,31,32,34,36,---,---,35,33,---,27,---,---,30,33,---,17%,700,730,760,760,1440,1510,710,660,1370,31%,60%,40%,---,10%,5%,67%,---,6%,---,12%,"$69,432","$69,432","$91,436",279,417,779,"2,896",60%,91%,81%,"$25,820",100%,"$33,119","$50,484","$2,035","$5,268","$3,800","$5,072","$5,109","$4,550","$33,746",99%,99%,7%,1%,8%,99%,99%,30%,32%,2%,8%,"$48,245","$36,946","$23,475","$13,640","$19,257",
Oberlin Conservatory of Music (Oberlin College),---,---,---,---,---,---,---,---,---,---,---,---,---,---,---,---,---,---,---,---,---,---,---,---,---,---,---,---,---,---,---,---,---,---,---,---,---,---,---,---,---,---,---,---,---,---,---,---,---,---,---,---,---,---,---,---,---,---,---,---,---,---,---,---,---,---,---,---,---,---,---,---,---,---,---,---,---,---,---,---,---,---,---,---,---,---,---,---,---,---,---,---,---,
Occidental College,CA,Los Angeles,City: Large,"6,461",Yes,No,44%,48%,---,44%,3.61,No,6%,30%,8%,21%,---,---,3%,32%,31,33,34,35,---,---,35,33,---,20,---,---,31,33,---,8%,690,730,750,770,1450,1500,720,690,1360,20%,55%,39%,6%,19%,5%,48%,---,17%,---,11%,"$66,274","$66,274","$80,362",211,298,532,"1,881",67%,90%,81%,"$17,397",58%,"$31,213","$47,113","$3,000","$5,208","$9,358","$7,428","$4,977","$6,042","$33,523",81%,78%,13%,7%,15%,80%,77%,39%,40%,18%,15%,"$55,885","$28,983","$17,577","$18,801","$18,872",
Ohio State University-Main Campus,OH,Columbus,City: Large,"72,829",No,Yes,61%,---,---,61%,---,---,---,---,---,---,---,---,---,---,26,31,32,33,---,---,31,25,---,25,---,---,29,31,---,40%,620,680,710,740,1400,1480,720,640,1330,24%,52%,48%,---,6%,9%,65%,---,12%,---,9%,"$13,465","$42,247","$33,155","4,559","5,003","8,062","46,815",72%,94%,88%,"$7,425",42%,"$9,815","$19,575",$740,"$5,316","$3,332","$8,718","$5,258","$20,904","$11,791",75%,64%,6%,11%,17%,72%,63%,32%,33%,6%,17%,"$27,144","$22,870","$12,683","$7,104","$6,259",
Ohio University-Main Campus,OH,Athens,Town: Distant,"27,105",No,Yes,85%,---,---,85%,3.64,No,28.63%,20.74%,9.85%,14.87%,0.14%,---,7.11%,18.67%,22,25,28,27,---,---,24,21,---,20,---,---,24,27,---,33%,550,600,650,640,1190,1290,590,540,1100,12%,60%,40%,---,5%,5%,82%,---,1%,---,6%,"$14,366","$25,580","$33,460","1,754","2,633","4,593","19,888",50%,84%,65%,"$6,639",11%,"$6,922","$20,550","$1,786","$4,903","$2,994","$8,256","$5,186","$14,130","$8,616",97%,93%,11%,14%,22%,97%,91%,59%,60%,13%,24%,"$23,216","$22,093","$18,808","$14,933","$13,075",
Ohio Wesleyan University,OH,Delaware,Suburb: Large,"6,144",Yes,Yes,56%,36%,84%,42%,3.6,No,24%,22%,12%,10%,1%,---,9%,22%,25,29,31,30,---,---,28,24,---,25,---,---,27,29,---,31%,550,610,685,665,1220,1350,610,555,1105,13%,55%,45%,---,7%,10%,75%,---,3%,---,5%,"$54,954","$54,954","$73,926",193,238,428,"1,525",50%,85%,58%,"$37,449",82%,"$40,326","$23,826","$1,145","$4,995","$3,997","$7,233","$5,181","$15,993","$42,496",100%,100%,27%,15%,27%,100%,100%,59%,62%,9%,27%,"$30,353","$17,444","$15,819","$13,089","$14,920",
Olivet College,MI,Olivet,Rural: Distant,"1,417",No,No,97%,---,---,97%,---,---,---,---,---,---,---,---,---,---,18,---,23,---,---,---,---,---,---,---,---,---,---,---,---,97%,---,---,---,---,---,---,---,---,---,---,46%,54%,---,8%,17%,66%,---,1%,---,9%,"$33,076","$33,076","$48,928",181,153,334,938,34%,57%,44%,"$16,145",108%,"$18,725","$23,533",$318,"$5,197","$2,502","$6,571","$5,250","$12,965","$22,602",100%,100%,52%,55%,52%,100%,99%,86%,100%,16%,52%,"$25,220","$21,904","$17,447","$24,502","$20,658",
Olivet Nazarene University,IL,Bourbonnais,Suburb: Small,"5,789",No,No,56%,---,---,56%,3.57,No,27.85%,17.72%,8.61%,12.15%,7.09%,---,12.41%,13.16%,19,23,26,26,---,---,24,17,---,18,---,---,22,26,---,16%,490,540,620,600,1080,1190,540,460,960,29%,51%,49%,---,14%,8%,60%,---,2%,2%,14%,"$41,120","$41,120","$58,085",388,402,649,"2,704",52%,73%,61%,"$25,952",96%,"$23,732","$22,707",$996,"$4,991","$6,618","$7,151","$5,356","$12,891","$27,899",100%,100%,23%,28%,41%,100%,100%,69%,70%,10%,42%,"$26,174","$23,922","$19,653","$17,148","$17,617",
Olympic College,WA,Bremerton,City: Small,585,No,No,88%,---,---,88%,---,---,---,---,---,---,---,---,---,---,---,---,---,---,---,---,---,---,---,---,---,---,---,---,---,---,---,---,---,---,---,---,---,---,---,---,54%,46%,---,13%,4%,47%,1%,7%,1%,27%,"$4,475","$10,541","$26,993",236,272,---,"5,413",---,---,---,---,---,"$1,799","$11,105","$1,865","$4,380","$3,242","$5,439","$5,184","$12,074","$4,333",61%,56%,12%,32%,20%,59%,15%,4%,5%,---,25%,"$13,478","$11,184","$9,655","$6,386","$5,352",
Oregon Health & Science University,OR,Portland,City: Large,755,No,No,66%,---,---,66%,---,---,---,---,---,---,---,---,---,---,---,---,---,---,---,---,---,---,---,---,---,---,---,---,---,---,---,---,---,---,---,---,---,---,---,---,---,---,---,21%,3%,63%,---,6%,1%,6%,"$22,506","$35,538","$50,330",---,---,---,788,---,---,---,---,---,---,---,---,"$4,916",---,---,---,---,---,---,---,---,---,---,---,---,---,---,---,---,---,---,---,---,---,
Oregon Institute of Technology,OR,Klamath Falls,Town: Remote,"5,098",No,No,95%,---,---,95%,3.54,No,16.63%,20.27%,12.24%,14.91%,0.57%,---,8.60%,26.78%,18,23,27,25,---,---,22,16,---,17,---,---,24,25,---,4.90%,500,580,650,620,1170,1300,590,500,1045,7.40%,53%,47%,---,19%,2%,64%,1%,7%,1%,7%,"$13,760","$38,653","$30,358",233,259,433,"5,162",28%,69%,54%,"$4,786",47%,"$6,276","$17,274",$928,"$5,155","$3,799","$6,793","$5,217","$11,914","$9,018",96%,94%,31%,24%,32%,96%,91%,42%,43%,6%,32%,"$22,085","$18,975","$14,959","$13,417","$10,338",
Oregon State University,OR,Corvallis,City: Small,"30,293",No,Yes,77%,---,---,77%,3.7,No,13%,38%,7%,15%,---,---,2%,25%,24,---,31,32,---,---,---,23,---,24,---,---,---,30,---,4%,580,---,700,700,---,---,---,560,---,10%,49%,51%,---,14%,2%,65%,1%,8%,---,10%,"$15,251","$40,436","$36,752","2,154","2,110","4,689","31,253",47%,88%,70%,"$9,250",84%,"$8,166","$21,868",$857,"$4,427","$4,572","$7,621","$5,035","$21,001","$9,922",92%,89%,5%,17%,19%,91%,87%,33%,35%,5%,19%,"$26,447","$22,243","$16,992","$14,376","$13,219",
Oregon State University-Cascades Campus,OR,Bend,City: Midsize,"1,787",No,No,68%,---,---,68%,---,No,---,---,---,---,---,---,---,---,---,---,---,---,---,---,---,---,---,---,---,---,---,---,---,---,---,---,---,---,---,---,---,---,---,---,51%,49%,---,11%,1%,76%,1%,3%,---,8%,"$12,486","$35,046","$32,964",84,88,211,"1,058",38%,78%,58%,---,---,"$6,967","$18,949",$840,"$4,448","$4,139","$6,657","$4,691","$18,279","$9,294",95%,90%,7%,22%,26%,95%,88%,33%,35%,4%,26%,"$24,332","$18,390","$15,683","$14,120","$11,791",
Otis College of Art and Design,CA,Los Angeles,City: Large,"2,549",No,Yes,82%,---,---,82%,3.28,No,3.69%,21.66%,15.67%,17.51%,9.68%,---,11.52%,17.05%,---,---,---,---,---,---,---,---,---,---,---,---,---,---,---,---,---,---,---,---,---,---,---,---,---,---,68%,32%,---,28%,7%,30%,---,24%,---,11%,"$55,200","$55,200","$87,064",69,149,236,"1,224",58%,74%,66%,"$13,645",2%,"$19,073","$49,440","$1,500","$5,695","$8,394","$9,965","$5,558","$33,862","$22,699",99%,99%,12%,23%,28%,99%,99%,46%,46%,6%,28%,"$52,546","$48,011","$43,733","$39,688","$40,358",
Pace University,NY,New York,City: Large,"30,030",Yes,Yes,76%,29%,83%,73%,3.3,No,25%,28%,50%,6%,8%,---,4%,7%,25,27,30,31,---,---,28,24,---,22,---,---,24,30,---,3%,600,620,680,670,1220,1328,600,580,1130,13%,65%,35%,---,26%,13%,47%,---,8%,---,6%,"$54,875","$54,875","$83,495",643,"1,186","1,949","8,038",46%,76%,60%,"$28,922",98%,"$31,540","$34,299","$1,265","$5,397","$3,933","$10,485","$5,554","$25,743","$34,148",99%,99%,21%,13%,34%,99%,99%,54%,57%,11%,34%,"$36,098","$30,891","$29,308","$27,098","$26,575",
Pacific College,---,Costa Mesa,---,20,---,---,50%,---,---,50%,---,No,---,---,---,---,---,---,---,---,---,---,---,---,---,---,---,---,---,---,---,---,---,---,---,---,---,---,---,---,---,---,---,---,---,---,60%,40%,---,50%,8%,9%,---,17%,1%,15%,---,---,---,2,3,5,285,---,---,67%,---,---,---,"$21,941",---,"$6,632","$5,882","$12,608","$9,837","$26,463","$7,606",75%,60%,---,20%,50%,75%,---,50%,60%,10%,50%,---,---,"$21,438","$19,789","$23,543",
Pacific Lutheran University,WA,Tacoma,Suburb: Large,"4,992",No,No,78%,---,---,78%,3.66,No,16%,26%,9%,20%,---,1%,1%,26%,21,24,27,27,---,---,25,20,---,19,---,---,24,26,---,4%,515,575,630,628,1130,1258,555,473,988,7%,60%,34%,5%,20%,6%,47%,1%,11%,3%,13%,"$50,964","$50,964","$66,837",191,335,624,"2,446",41%,82%,69%,"$31,092",81%,"$33,257","$23,841","$1,068","$5,186","$9,013","$7,220","$5,096","$15,929","$39,464",99%,99%,36%,43%,36%,99%,99%,48%,50%,7%,36%,"$29,289","$24,898","$18,653","$13,035","$13,847",
Pacific Northwest College of Art,OR,Portland,City: Large,485,No,No,75%,---,---,75%,3.48,No,24%,15%,14%,12%,7%,2%,15%,13%,---,---,---,---,---,---,---,---,---,---,---,---,---,---,---,---,---,---,---,---,---,---,---,---,---,---,61%,11%,28%,18%,5%,60%,---,3%,---,14%,"$51,940","$51,940","$77,110",15,86,119,424,33%,70%,47%,"$29,515",100%,"$22,460","$42,195","$1,962","$5,126","$4,049","$6,473","$5,048","$13,298","$24,845",100%,100%,15%,9%,39%,100%,99%,63%,63%,7%,39%,"$45,596","$45,643","$41,713","$34,711","$35,104",
Pacific Oaks College,CA,Pasadena,City: Midsize,30,No,No,10%,---,---,10%,---,---,---,---,---,---,---,---,---,---,---,---,---,---,---,---,---,---,---,---,---,---,---,---,---,---,---,---,---,---,---,---,---,---,---,---,50%,50%,---,56%,12%,17%,2%,2%,---,10%,"$33,360","$33,360","$33,360",1,1,2,346,---,---,---,---,---,---,---,---,"$3,817",---,---,---,---,---,---,---,---,---,---,---,---,---,---,---,---,---,---,---,---,---,
Pacific States University,CA,Los Angeles,City: Large,4,No,---,100%,---,---,100%,---,No,---,---,---,---,---,---,---,---,---,---,---,---,---,---,---,---,---,---,---,---,---,---,---,---,---,---,---,---,---,---,---,---,---,---,---,100%,---,---,---,---,---,---,---,---,"$7,380","$7,380","$19,980",4,---,4,17,---,100%,---,---,---,---,---,---,---,---,---,---,---,---,---,---,---,---,---,---,---,---,---,---,---,---,---,---,---,---,
Pacific Union College,CA,Angwin,Rural: Fringe,"1,323",No,Yes,42%,---,---,42%,---,---,---,---,---,---,---,---,---,---,20,23,24,24,---,---,22,16,---,15,---,---,20,25,---,9%,490,575,605,585,1080,1190,505,440,930,41%,55%,45%,---,30%,6%,18%,---,22%,1%,22%,"$37,173","$37,173","$48,141",49,59,139,910,30%,88%,38%,---,---,"$20,659","$22,799","$1,598","$4,878","$8,822","$6,543","$5,654","$12,436","$24,423",100%,100%,26%,23%,28%,100%,100%,61%,61%,4%,28%,"$25,182","$20,495","$18,211","$15,897","$14,903",
Pacific University,OR,Forest Grove,Suburb: Large,"2,988",No,No,90%,---,---,90%,3.71,No,27.96%,26.80%,9.51%,14.41%,1%,---,5.76%,15.56%,18,23,29,27,---,---,20,16,---,18,---,---,23,26,---,5%,480,580,630,610,1110,1240,530,420,990,5%,52%,48%,---,20%,3%,42%,---,13%,3%,18%,"$58,348","$58,348","$77,470",167,183,400,"1,589",55%,79%,67%,"$29,708",98%,"$32,593","$34,809",$531,"$5,109","$3,999","$7,524","$5,405","$21,958","$34,521",100%,97%,27%,13%,27%,100%,97%,93%,94%,9%,27%,"$40,153","$36,060","$28,427","$25,979","$22,238",
Palo Alto University,CA,Palo Alto,Rural: Fringe,248,No,No,94%,---,---,94%,---,No,---,---,---,---,---,---,---,---,---,---,---,---,---,---,---,---,---,---,---,---,---,---,---,---,---,---,---,---,---,---,---,---,---,---,---,---,---,25%,20%,25%,5%,10%,5%,10%,---,---,---,---,---,---,19,---,---,---,---,---,---,---,---,"$3,926",---,---,---,---,---,---,---,---,---,---,---,---,---,---,---,---,---,---,---,---,---,
Peninsula College,WA,Port Angeles,Town: Remote,"4,139",No,No,81%,---,---,81%,---,---,---,---,---,---,---,---,---,---,---,---,---,---,---,---,---,---,---,---,---,---,---,---,---,---,---,---,---,---,---,---,---,---,---,---,53%,47%,---,14%,4%,54%,4%,2%,---,22%,"$4,586","$5,111","$5,348",75,85,---,"1,837",---,---,---,---,---,"$3,072","$6,525",$631,"$4,479","$4,336","$7,917","$6,123","$25,862","$7,662",78%,68%,10%,52%,45%,70%,23%,6%,7%,1%,46%,"$12,892","$11,112","$6,829","$2,384","$3,080",
Pennsylvania State University-Main Campus,PA,University Park,City: Small,"88,478",No,Yes,61%,---,---,61%,3.84,No,50.02%,24.99%,1.97%,7.35%,0.26%,---,0.83%,14.58%,27,29,32,33,---,---,30,26,---,26,---,---,28,31,---,5.39%,620,650,700,720,1310,1400,660,620,1220,31.06%,51%,49%,---,10%,5%,69%,---,8%,---,7%,"$21,098","$43,490","$42,968","4,439","4,638","9,040","42,604",70%,93%,86%,"$5,764",12%,"$8,733","$27,450","$2,994","$5,352","$4,133","$13,736","$5,347","$26,372","$11,577",66%,36%,3%,10%,13%,60%,35%,44%,45%,15%,13%,"$37,209","$33,579","$26,257","$19,743","$19,458",
Pennsylvania State University-Penn State Erie-Behrend College,PA,Erie,Suburb: Midsize,"6,378",No,Yes,97%,---,---,97%,3.53,No,26.58%,17.80%,11.48%,13.35%,3.40%,---,12.06%,15.34%,25,26,31,28,---,---,24,22,---,24,---,---,26,29,---,3.79%,560,610,650,660,1210,1320,600,560,1110,31.33%,39%,61%,---,5%,4%,79%,---,5%,---,6%,"$16,004","$27,254","$37,874",538,340,866,"3,244",48%,83%,67%,"$5,857",43%,"$6,547","$20,964","$2,815","$5,056","$4,610","$10,964","$5,284","$19,304","$10,930",84%,66%,7%,27%,28%,82%,64%,59%,61%,18%,29%,"$29,572","$25,800","$19,588","$14,905","$14,702",
Pepperdine University,CA,Malibu,Suburb: Large,"11,526",No,Yes,63%,---,---,63%,3.61,No,9%,29%,10%,19%,---,---,3%,31%,29,30,32,35,---,---,30,30,---,27,---,---,27,32,---,10%,650,670,710,740,1360,1450,690,640,1250,18%,58%,42%,---,21%,4%,47%,---,16%,---,11%,"$72,672","$72,672","$98,652",353,487,732,"3,553",75%,88%,83%,"$7,158",73%,"$30,613","$52,216","$1,281","$5,108","$8,800","$8,877","$5,304","$17,344","$32,986",92%,91%,20%,15%,20%,91%,89%,42%,44%,10%,20%,"$52,946","$42,253","$40,201","$38,065","$36,463",
Pikes Peak State College,CO,Colorado Springs,Suburb: Large,"10,274",No,No,86%,---,---,86%,---,No,---,---,---,---,---,---,---,---,---,---,---,---,---,---,---,---,---,---,---,---,---,---,---,---,---,---,---,---,---,---,---,---,---,---,52%,48%,---,25%,8%,53%,1%,3%,1%,8%,"$4,607","$17,647","$9,361",486,529,---,"12,388",---,---,---,$812,---,"$3,169","$9,311","$1,239","$5,655","$4,000","$3,982","$3,741","$6,745","$6,491",88%,86%,79%,46%,47%,87%,1%,14%,15%,1%,85%,"$18,345","$14,446","$10,947","$8,962","$7,824",
Pima Medical Institute-Tucson,---,Tucson,---,"37,805",No,No,91%,---,---,91%,---,---,---,---,---,---,---,---,---,---,---,---,---,---,---,---,---,---,---,---,---,---,---,---,---,---,---,---,---,---,---,---,---,---,---,---,82%,18%,---,38%,10%,33%,2%,7%,1%,9%,---,---,---,32,147,---,"2,619",---,---,---,---,---,"$1,116",---,$346,"$4,885","$1,699","$8,628","$8,076","$13,963","$5,089",86%,70%,20%,19%,66%,85%,16%,77%,85%,8%,66%,---,---,---,---,---,
Pioneer Pacific College,---,Wilsonville,---,---,---,---,---,---,---,---,---,---,---,---,---,---,---,---,---,---,---,---,---,---,---,---,---,---,---,---,---,---,---,---,---,---,---,---,---,---,---,---,---,---,---,---,---,---,---,---,---,---,---,---,---,---,---,---,---,---,---,---,---,---,---,---,---,---,---,---,---,---,---,---,---,---,---,---,---,---,---,---,---,---,---,---,---,---,---,---,---,---,---,
Pitzer College,CA,Claremont,Suburb: Large,"3,438",Yes,No,25%,42%,---,23%,3.88,No,45.60%,34.20%,1%,3.90%,---,---,---,15.30%,---,---,---,---,---,---,---,---,---,---,---,---,---,---,---,---,---,---,---,---,---,---,---,---,---,---,53%,40%,7%,13%,5%,52%,---,14%,---,16%,"$62,692","$62,692","$86,466",126,165,275,"1,242",57%,94%,83%,"$7,000",2%,"$45,002","$34,801","$3,929","$5,449","$9,358","$5,678","$3,696","$39,641","$48,031",39%,36%,6%,5%,9%,37%,36%,19%,19%,1%,9%,"$49,894","$22,791","$17,911","$16,361","$9,284",
Platt College-Aurora,---,Aurora,---,11,---,---,36%,---,---,36%,---,---,---,---,---,---,---,---,---,---,---,---,---,---,---,---,---,---,---,---,---,---,---,---,---,---,---,---,---,---,---,---,---,---,---,---,75%,25%,---,23%,7%,55%,---,7%,---,8%,"$20,590","$20,590","$22,900",1,3,4,232,---,83%,---,---,---,---,"$37,696",$611,"$4,707",---,"$11,514","$11,514",---,"$6,559",100%,30%,30%,---,30%,100%,---,100%,100%,---,30%,"$44,255","$44,255",---,"$42,391","$39,076",
Platt College-San Diego,---,San Diego,---,---,---,---,---,---,---,---,---,---,---,---,---,---,---,---,---,---,---,---,---,---,---,---,---,---,---,---,---,---,---,---,---,---,---,---,---,---,---,---,---,---,---,---,---,---,---,26%,12%,35%,1%,11%,2%,12%,---,---,---,---,---,---,69,---,---,---,---,---,---,---,---,---,---,---,---,---,---,---,---,---,---,---,---,---,---,---,---,---,---,---,---,---,---,
Point Loma Nazarene University,CA,San Diego,City: Large,"3,264",No,Yes,84%,---,---,84%,3.7,No,10.10%,43.20%,6.50%,12.80%,0.30%,---,1.90%,25.10%,25,27,32,34,---,---,26,23,---,23,---,---,24,28,---,6%,610,640,695,670,1270,1410,630,565,1140,7.50%,68%,32%,---,27%,2%,52%,---,7%,---,11%,"$48,450","$48,450","$68,748",185,399,657,"3,246",67%,86%,77%,"$14,210",88%,"$17,782","$36,370","$1,544","$4,801","$8,541","$7,943","$5,346","$24,376","$20,277",95%,93%,7%,17%,16%,95%,93%,55%,56%,6%,16%,"$51,154","$51,106","$49,500","$47,378","$44,837",
Pomona College,CA,Claremont,Suburb: Large,"12,249",Yes,No,7%,13%,---,6%,---,No,---,---,---,---,---,---,---,---,33,34,35,36,---,---,35,35,---,31,---,---,32,35,---,14%,740,750,770,790,1520,1560,770,750,1480,36%,56%,44%,---,20%,10%,33%,---,21%,1%,15%,"$68,670","$68,670","$94,534",194,242,408,"1,766",60%,98%,93%,---,---,"$60,718","$17,423","$3,879","$5,334","$9,358","$12,046","$5,265","$10,894","$63,773",64%,56%,7%,4%,21%,58%,56%,10%,13%,10%,21%,"$51,240","$15,433","$5,099","$5,444","$5,638",
Portland State University,OR,Portland,City: Large,"9,077",No,No,91%,---,---,91%,3.36,No,4.12%,20.92%,16.46%,17.97%,2.54%,---,20.16%,17.76%,17,---,28,29,---,---,---,17,---,16,---,---,---,25,---,2.60%,500,---,640,630,---,---,---,450,---,3.66%,57%,43%,---,24%,6%,48%,---,10%,1%,11%,"$11,630","$31,880","$30,073",583,762,"1,580","15,414",34%,76%,53%,"$3,677",3%,"$4,105","$12,509",$439,"$4,843","$3,927","$6,104","$4,735","$15,606","$8,827",88%,84%,31%,51%,58%,88%,55%,33%,33%,3%,59%,"$19,412","$15,351","$13,162","$12,186","$11,558",
Prairie View A & M University,TX,Prairie View,Town: Distant,"12,962",---,---,78%,---,---,78%,3.29,No,1.86%,12.40%,21.40%,18.31%,1.74%,---,24.40%,19.75%,16,18,21,21,---,---,17,14,---,15,---,---,17,20,---,13.11%,440,480,540,530,940,1030,460,410,850,49.79%,69%,31%,---,8%,85%,1%,---,1%,---,5%,"$11,299","$26,502","$28,809",624,"1,403","2,112","8,836",19%,76%,43%,"$2,497",6%,"$7,077","$14,065","$1,743","$5,397","$7,180","$6,697","$5,703","$16,736","$14,680",97%,97%,20%,81%,64%,97%,63%,54%,56%,4%,79%,"$23,032","$20,779","$17,552","$10,487","$9,605",
Prescott College,AZ,Prescott,City: Small,140,No,No,99%,---,---,99%,3.14,No,6.90%,20.69%,10.34%,17%,24.14%,---,13.79%,20.69%,---,---,---,---,---,---,---,---,---,---,---,---,---,---,---,---,---,---,---,---,---,---,---,---,---,---,61%,39%,---,6%,3%,68%,---,5%,---,17%,"$35,685","$35,685","$48,561",9,14,23,257,48%,75%,57%,"$19,272",92%,"$21,506","$23,163","$2,875","$5,051",---,"$6,684","$6,684",---,"$23,929",100%,100%,25%,---,41%,100%,97%,59%,59%,---,41%,"$23,921","$23,353","$31,266","$20,716","$16,573",
Principia College,IL,Elsah,Rural: Fringe,328,No,Yes,43%,---,---,43%,3.63,No,22%,20%,10%,14%,3%,---,9%,25%,21,20,26,23,---,---,21,16,---,16,---,---,18,22,---,22%,510,550,640,610,1120,1250,570,530,1040,35%,48%,52%,---,8%,18%,59%,---,1%,1%,12%,"$35,930","$35,930","$53,790",36,33,84,339,55%,82%,75%,"$12,000",829%,"$32,096","$14,904",---,---,---,"$7,500",---,"$7,500","$32,096",90%,90%,---,---,---,90%,90%,---,90%,90%,---,---,---,---,---,---,
Providence College,RI,Providence,City: Midsize,"12,521",Yes,Yes,51%,86%,---,49%,3.54,No,3.11%,28.29%,11.77%,23.96%,0.33%,---,5.48%,27.06%,25,30,31,33,---,---,32,24,---,24,---,---,29,29,---,8.34%,550,670,660,660,1330,1400,660,540,1250,49.47%,55%,45%,---,9%,2%,81%,---,1%,---,6%,"$65,960","$65,960","$88,170",549,673,"1,197","4,556",83%,94%,86%,"$26,118",17%,"$29,024","$46,645","$4,000","$5,129","$3,229","$10,746","$5,411","$30,981","$30,040",83%,82%,5%,2%,12%,82%,82%,61%,62%,11%,12%,"$53,195","$33,480","$24,086","$23,408","$26,070",
Provo College,---,Provo,---,12,---,---,92%,---,---,92%,---,---,---,---,---,---,---,---,---,---,---,---,---,---,---,---,---,---,---,---,---,---,---,---,---,---,---,---,---,---,---,---,---,---,---,---,69%,31%,---,13%,1%,70%,1%,2%,1%,11%,"$16,491","$16,491","$16,491",4,9,---,705,38%,76%,42%,---,---,---,"$27,159",$540,"$6,600","$4,000","$9,704","$9,235","$8,917","$5,684",91%,61%,43%,4%,61%,91%,---,83%,83%,4%,61%,---,---,---,"$25,175","$30,790",
Purdue University-Main Campus,IN,West Lafayette,City: Small,"78,526",No,Yes,50%,---,---,50%,3.76,No,33.42%,31.31%,4.47%,9.47%,0.33%,---,2.42%,18.51%,27,31,34,35,---,---,31,26,---,26,---,---,30,34,---,25.44%,600,650,720,760,1320,1460,670,600,1190,79.48%,39%,61%,---,8%,3%,60%,---,17%,---,12%,"$9,992","$28,794","$27,142","6,843","4,422","9,381","44,170",65%,93%,84%,"$5,821",32%,"$8,075","$12,421",$329,"$5,342","$6,792","$9,001","$5,142","$19,587","$11,126",60%,39%,13%,11%,13%,54%,35%,27%,28%,6%,13%,"$21,130","$18,919","$8,948","$5,925","$4,927",
Queen's University,---,Kingston,---,---,---,---,---,---,---,---,---,---,---,---,---,---,---,---,---,---,---,---,---,---,---,---,---,---,---,---,---,---,---,---,---,---,---,---,---,---,---,---,---,---,---,---,---,---,---,---,---,---,---,---,---,---,---,---,---,---,---,---,---,---,---,---,---,---,---,---,---,---,---,---,---,---,---,---,---,---,---,---,---,---,---,---,---,---,---,---,---,---,---,
Queens University of Charlotte,NC,Charlotte,City: Large,"5,142",Yes,Yes,57%,71%,50%,57%,---,---,---,---,---,---,---,---,---,---,24,26,29,29,---,---,25,22,---,23,---,---,25,27,---,14.50%,560,610,650,650,1200,1300,590,550,1110,17.30%,57%,43%,---,16%,17%,59%,---,3%,---,4%,"$45,846","$45,846","$70,709",111,146,399,"1,225",52%,74%,61%,"$19,924",94%,"$27,121","$27,178","$3,700","$4,977","$6,461","$9,248","$5,435","$17,175","$29,713",99%,99%,3%,20%,21%,99%,99%,38%,40%,9%,24%,"$31,276","$28,378","$24,168","$23,207","$17,332",
Quinnipiac University,CT,Hamden,Suburb: Large,"21,319",Yes,Yes,77%,89%,---,77%,3.6,No,16.90%,24.40%,10.60%,14.70%,0.20%,---,7.90%,25.30%,24,28,29,30,---,---,27,23,---,24,---,---,27,29,---,3%,560,610,650,650,1200,1300,590,540,1100,27%,59%,41%,---,12%,4%,75%,---,4%,---,5%,"$57,700","$57,700","$80,030",742,"1,051","1,797","6,248",72%,87%,77%,"$28,063",96%,"$28,224","$39,632","$3,378","$5,094","$4,971","$13,050","$5,325","$26,963","$30,035",100%,100%,16%,8%,17%,100%,100%,65%,66%,19%,17%,"$41,944","$39,079","$34,111","$34,294","$31,257",
Ramapo College of New Jersey,NJ,Mahwah,Suburb: Large,"8,976",Yes,Yes,71%,83%,---,71%,3.52,No,16.50%,21.20%,14.40%,13.90%,1.20%,---,10.30%,22.30%,22,24,30,28,---,---,24,22,---,18,---,---,21,30,---,1%,570,610,650,650,1190,1270,580,550,1120,24%,61%,39%,---,27%,6%,52%,---,10%,---,5%,"$16,777","$27,708","$39,793",420,657,"1,012","5,444",56%,84%,70%,"$7,098",53%,"$8,784","$17,348","$3,036","$5,481","$7,952","$9,936","$5,235","$17,923","$12,980",84%,66%,4%,27%,28%,83%,54%,47%,49%,13%,28%,"$26,671","$25,667","$18,536","$12,761","$10,142",
Randolph-Macon College,VA,Ashland,Suburb: Large,"3,242",Yes,Yes,87%,92%,93%,81%,3.7,No,32.52%,20.49%,8.65%,12.59%,0.94%,---,8.65%,16.17%,21,26,27,27,---,---,28,21,---,20,---,---,24,28,---,2.44%,500,580,630,590,1135,1210,555,480,1040,26.13%,53%,47%,---,6%,9%,74%,---,3%,---,7%,"$50,950","$50,950","$68,652",250,282,431,"1,643",62%,84%,70%,"$29,542",97%,"$28,093","$29,058","$2,322","$4,790","$4,282","$8,009","$5,210","$17,522","$32,348",100%,100%,9%,76%,22%,100%,99%,61%,62%,10%,22%,"$29,417","$28,916","$28,921","$24,278","$20,959",
Reed College,OR,Portland,City: Large,"9,431",Yes,Yes,25%,15%,---,25%,4.01,Yes,53.24%,25.90%,1.80%,4.68%,---,---,0.36%,14.03%,30,32,34,35,---,---,34,32,---,27,---,---,29,34,---,21%,680,710,750,770,1410,1510,700,610,1300,52%,46%,33%,22%,13%,2%,64%,---,9%,---,12%,"$71,770","$71,770","$91,948",101,142,351,"1,346",57%,87%,71%,---,---,"$45,242","$36,993","$1,848","$5,193","$4,632","$7,241","$5,036","$18,580","$46,317",61%,55%,12%,1%,12%,60%,54%,45%,47%,6%,12%,"$53,463","$28,552","$14,080","$25,846","$19,418",
Regis University,CO,Denver,City: Large,"11,464",No,Yes,86%,87%,---,86%,3.63,No,26%,18%,12%,14%,1%,---,10%,19%,22,---,29,29,---,---,---,21,---,22,---,---,---,31,---,3%,520,---,620,600,---,---,---,500,---,1%,68%,32%,---,39%,6%,41%,---,7%,---,7%,"$47,490","$47,490","$67,510",186,392,501,"2,704",54%,72%,69%,"$24,119",97%,"$25,037","$25,062","$3,230","$4,961","$7,822","$7,137","$4,886","$16,254","$30,517",98%,97%,18%,38%,39%,98%,97%,49%,50%,7%,40%,"$29,220","$24,108","$21,418","$19,039","$18,252",
Rensselaer Polytechnic Institute,NY,Troy,City: Small,"17,193",Yes,Yes,63%,58%,72%,50%,3.8,No,32%,36%,3%,6%,---,---,1%,22%,30,32,34,---,---,---,---,---,---,---,---,---,---,---,---,11%,670,680,740,770,1410,1500,730,705,1330,49%,32%,68%,---,12%,5%,48%,---,23%,---,11%,"$66,024","$66,024","$87,744",892,422,"1,552","5,743",71%,91%,84%,"$36,413",158%,"$41,926","$35,940","$2,139","$5,478","$3,068","$8,839","$5,174","$24,073","$43,994",96%,96%,18%,18%,19%,96%,96%,57%,58%,9%,19%,"$39,583","$33,615","$25,624","$24,670","$21,009",
Renton Technical College,WA,Renton,City: Midsize,"5,548",No,No,76%,---,---,76%,---,---,---,---,---,---,---,---,---,---,---,---,---,---,---,---,---,---,---,---,---,---,---,---,---,---,---,---,---,---,---,---,---,---,---,---,45%,55%,---,20%,18%,22%,---,19%,1%,20%,"$6,895","$7,551","$29,479",152,125,---,"3,060",---,---,---,---,---,"$2,012","$7,621",$308,"$4,238","$5,237","$7,976","$5,876","$18,686","$8,179",62%,59%,32%,51%,35%,60%,20%,6%,7%,1%,35%,"$13,962","$13,031","$8,250","$4,344","$4,050",
Rhode Island School of Design,RI,Providence,City: Midsize,"6,692",Yes,No,19%,27%,---,18%,3.76,No,26%,32%,6%,9%,---,---,1%,26%,31,32,34,35,---,---,32,35,---,28,---,---,29,33,---,3%,688,730,750,780,1490,1540,760,708,1370,15%,74%,26%,---,12%,7%,32%,---,39%,---,10%,"$65,136","$65,136","$90,312",134,384,504,"2,087",48%,95%,89%,"$12,157",1%,"$33,895","$42,106","$1,000","$5,594","$1,000","$8,586","$5,445","$32,912","$36,743",40%,33%,16%,1%,16%,38%,33%,30%,30%,3%,16%,"$60,428","$46,882","$36,834","$31,023","$33,653",
Rhodes College,TN,Memphis,City: Large,"6,365",Yes,Yes,50%,37%,---,51%,3.7,No,18%,40%,5%,14%,---,---,2%,21%,28,30,32,35,---,---,34,29,---,26,---,---,28,31,---,33%,660,690,760,740,1400,1490,710,670,1290,17%,54%,43%,3%,8%,10%,63%,---,9%,---,10%,"$58,810","$58,810","$77,110",171,217,483,"1,793",73%,91%,84%,"$31,596",96%,"$34,678","$30,590","$1,463","$5,203","$4,907","$6,318","$4,537","$25,622","$37,543",100%,100%,17%,40%,17%,100%,99%,54%,54%,4%,17%,"$33,764","$23,056","$16,317","$13,319","$12,814",
Rice University,TX,Houston,City: Large,"32,473",Yes,No,8%,17%,---,7%,---,---,---,---,---,---,---,---,---,---,34,35,35,36,---,---,35,35,---,33,---,---,35,36,---,22%,740,760,770,800,1550,1570,790,770,1500,48%,49%,51%,---,19%,9%,29%,---,33%,---,9%,"$63,431","$63,431","$88,196",586,561,"1,125","4,789",86%,97%,95%,"$26,665",9%,"$51,409","$20,587","$2,984","$5,448","$4,525","$10,083","$5,169","$27,304","$53,526",66%,57%,4%,6%,16%,58%,57%,6%,7%,1%,16%,"$39,303","$18,783","$1,348","$3,666","$3,221",
Rider University,NJ,Lawrenceville,Suburb: Large,"9,069",No,Yes,79%,---,89%,73%,3.49,No,22%,14%,12%,14%,2%,---,17%,21%,22,27,29,32,---,---,26,23,---,18,---,---,23,28,---,2%,560,620,660,650,1210,1310,590,540,1100,18%,57%,43%,---,20%,14%,54%,---,5%,---,6%,"$38,900","$38,900","$59,130",347,457,806,"3,196",56%,80%,63%,"$22,362",100%,"$21,981","$26,618",$792,"$5,278","$10,797","$9,609","$5,230","$19,269","$27,411",100%,100%,34%,30%,35%,100%,100%,62%,64%,15%,36%,"$31,746","$28,544","$22,356","$19,245","$17,331",
Ringling College of Art and Design,FL,Sarasota,City: Small,"2,244",No,Yes,70%,---,---,70%,3.49,No,15%,23%,12%,14%,4%,---,9%,22%,---,---,---,---,---,---,---,---,---,---,---,---,---,---,---,---,---,---,---,---,---,---,---,---,---,---,75%,25%,---,21%,5%,53%,---,12%,---,8%,"$55,480","$55,480","$81,209",92,275,447,"1,689",58%,86%,72%,"$15,567",77%,"$14,098","$60,362","$3,195","$5,512","$4,778","$14,416","$5,522","$38,120","$16,058",100%,100%,6%,19%,19%,100%,98%,35%,37%,9%,19%,"$60,033","$57,165","$55,349","$50,588","$50,332",
Rio Hondo College,CA,Whittier,Suburb: Large,"3,622",No,No,81%,---,---,81%,---,No,---,---,---,---,---,---,---,---,---,---,---,---,---,---,---,---,---,---,---,---,---,---,---,---,---,---,---,---,---,---,---,---,---,---,45%,55%,---,71%,2%,10%,---,5%,---,11%,"$1,306","$12,506","$34,097",923,769,---,"17,193",---,---,---,---,---,"$1,300","$13,920",$569,"$4,036","$1,932","$4,009","$4,009",---,"$5,492",84%,84%,6%,84%,58%,84%,---,---,---,---,58%,"$11,240","$15,971","$13,812","$11,521","$11,073",
Roanoke College,VA,Salem,Suburb: Midsize,"6,829",Yes,Yes,80%,---,---,80%,3.41,No,14.66%,17.07%,14.26%,13.25%,5.42%,---,17.27%,18.07%,22,26,30,33,---,---,30,24,---,19,---,---,23,27,---,7%,560,600,650,620,1180,1270,580,530,1090,29%,55%,45%,---,7%,7%,80%,---,2%,---,4%,"$36,040","$36,040","$51,406",239,292,531,"1,824",68%,78%,71%,"$16,491",94%,"$21,601","$27,695","$2,509","$5,241","$4,467","$8,300","$5,646","$8,377","$26,341",100%,100%,27%,58%,27%,100%,100%,91%,93%,31%,29%,"$32,137","$26,939","$24,279","$19,396","$20,269",
Rochester Institute of Technology,NY,Rochester,Suburb: Large,"27,911",Yes,Yes,67%,72%,---,67%,4,No,43.29%,24.65%,4.17%,10.36%,1.22%,1.46%,3.90%,10.72%,27,31,33,34,---,---,32,24,---,26,---,---,29,32,---,10.70%,640,680,720,740,1370,1460,690,640,1280,42.90%,36%,64%,---,11%,6%,63%,---,13%,---,8%,"$61,804","$61,804","$81,354","1,953","1,079","3,056","14,267",28%,89%,72%,"$22,755",97%,"$29,658","$39,753",$584,"$5,498","$3,331","$10,110","$5,124","$22,681","$31,931",99%,99%,24%,22%,28%,99%,98%,65%,65%,15%,28%,"$34,772","$30,655","$25,561","$25,200","$24,475",
Rocky Mountain College,MT,Billings,City: Midsize,"1,405",No,No,70%,---,---,70%,3.42,No,10%,27%,13%,12%,5%,---,16%,16%,18,21,24,23,---,---,21,16,---,18,---,---,20,25,---,44%,488,580,565,568,1110,1240,530,405,990,6%,39%,61%,---,10%,6%,74%,3%,---,---,7%,"$37,005","$37,005","$52,757",170,110,211,851,28%,69%,48%,"$17,551",11%,"$23,265","$19,173","$2,062","$4,716",---,"$8,257","$5,183","$19,388","$25,571",100%,100%,25%,---,37%,100%,100%,63%,63%,10%,37%,"$23,838","$16,833","$15,553","$15,016","$15,604",
Rocky Mountain College of Art and Design,---,Denver,---,"4,997",No,No,87%,---,---,87%,---,---,---,---,---,---,---,---,---,---,---,---,---,---,---,---,---,---,---,---,---,---,---,---,---,---,---,---,---,---,---,---,---,---,---,---,71%,29%,---,14%,11%,56%,2%,4%,---,13%,"$20,190","$20,190","$46,522",33,80,---,"1,888",45%,58%,48%,---,---,"$2,867","$27,459","$1,027","$5,479","$2,000","$10,978","$8,251","$17,012","$6,593",94%,81%,18%,8%,43%,94%,66%,75%,77%,13%,43%,"$32,376","$31,693","$28,579","$26,409","$23,444",
Roger Williams University,RI,Bristol,Suburb: Large,"8,029",No,Yes,88%,---,94%,80%,3.45,No,21.13%,15.13%,13.13%,14.91%,2.89%,---,16.35%,16.35%,24,28,29,26,---,---,26,23,---,21,---,---,26,27,---,2%,580,620,660,650,1220,1300,600,560,1130,19%,53%,47%,---,12%,4%,71%,---,2%,---,11%,"$44,418","$44,418","$65,913",424,482,"1,022","4,038",65%,81%,70%,"$17,429",96%,"$21,350","$37,936","$1,901","$4,804","$1,789","$13,020","$5,237","$22,963","$22,491",99%,99%,7%,1%,19%,99%,99%,71%,71%,24%,19%,"$41,052","$38,086","$34,861","$29,765","$29,475",
Rollins College,FL,Winter Park,Suburb: Large,"8,860",Yes,No,48%,41%,---,48%,3.46,No,5.10%,24.30%,14.60%,17.80%,0.20%,---,15.30%,22.70%,25,28,30,32,---,---,29,24,---,22,---,---,26,27,---,15%,610,660,680,660,1290,1360,630,580,1210,25%,63%,37%,---,20%,6%,62%,---,4%,---,7%,"$62,950","$62,950","$87,650",216,367,639,"2,640",68%,85%,75%,"$24,849",32%,"$32,507","$37,134","$2,036","$5,158","$5,800","$8,048","$5,382","$19,661","$35,713",93%,92%,9%,45%,19%,93%,90%,39%,40%,6%,19%,"$41,399","$31,970","$29,454","$28,884","$25,481",
Rosemont College,PA,Rosemont,Suburb: Large,"1,577",No,No,75%,---,---,75%,3.2,No,---,---,---,---,---,---,---,---,---,---,---,---,---,---,---,---,---,---,---,---,---,---,---,---,---,---,---,---,---,---,---,---,---,---,49%,51%,---,12%,24%,28%,---,1%,---,35%,"$22,171","$22,171","$38,922",45,44,101,484,37%,67%,42%,"$8,604",68%,"$12,874","$19,297",$975,"$4,960","$4,186","$10,506","$6,788","$15,266","$17,563",100%,100%,26%,35%,60%,100%,100%,100%,100%,24%,60%,"$29,681","$24,812","$21,085","$10,438","$6,915",
Sacred Heart University,CT,Fairfield,Suburb: Large,"14,284",Yes,Yes,68%,---,---,69%,3.65,No,---,51%,12%,10%,---,---,7%,21%,25,---,30,---,---,---,---,---,---,---,---,---,---,---,---,2.40%,590,---,650,650,---,---,---,580,---,14.10%,62%,38%,---,13%,3%,77%,---,2%,---,4%,"$52,410","$52,410","$76,110",729,"1,174","1,905","6,960",68%,85%,75%,"$20,072",98%,"$19,362","$46,165","$2,118","$5,043","$3,348","$15,672","$5,366","$30,650","$20,597",100%,99%,13%,7%,15%,99%,98%,61%,63%,21%,16%,"$47,318","$47,177","$43,128","$38,526","$37,374",
Saint Anselm College,NH,Manchester,Suburb: Midsize,"4,423",Yes,Yes,78%,91%,---,78%,3.48,No,8%,20%,13%,22%,1%,---,13%,23%,24,26,30,34,---,---,24,21,---,20,---,---,27,28,---,0.88%,570,600,658,620,1180,1270,580,540,1090,18.60%,63%,37%,---,5%,2%,84%,---,1%,---,9%,"$50,580","$50,580","$72,702",210,356,572,"2,094",74%,88%,80%,"$28,732",98%,"$29,355","$35,091","$1,150","$4,858","$1,514","$10,575","$5,360","$20,867","$30,009",100%,100%,9%,4%,10%,100%,100%,71%,72%,18%,10%,"$36,648","$33,874","$27,460","$26,360","$23,658",
Saint Edward's University,TX,Austin,City: Large,"5,611",No,No,84%,---,---,84%,---,---,---,---,---,---,---,---,---,---,20,22,25,26,---,---,22,20,---,17,---,---,20,23,---,6.50%,530,590,640,595,1140,1235,550,500,1030,19.90%,58%,42%,---,59%,3%,30%,---,3%,---,4%,"$51,384","$51,384","$70,678",274,385,659,"2,731",54%,78%,64%,"$26,316",91%,"$32,698","$28,351","$3,895","$5,172","$4,214","$8,563","$5,253","$19,109","$37,176",99%,99%,5%,46%,43%,99%,99%,42%,43%,8%,43%,"$35,487","$26,084","$22,064","$20,775","$18,740",
Saint Joseph's University,PA,Philadelphia,City: Large,"10,631",Yes,Yes,89%,39%,---,90%,3.7,No,31.12%,16.09%,10.42%,14.27%,0.45%,---,10.73%,16.92%,28,28,31,32,---,---,29,27,---,24,---,---,27,28,---,2%,590,630,680,670,1250,1330,620,580,1150,24%,57%,43%,---,9%,7%,70%,---,9%,---,5%,"$55,380","$55,380","$75,132",566,758,"1,196","5,044",74%,89%,79%,"$28,627",88%,"$27,579","$36,392",$967,"$5,163","$4,309","$11,025","$5,360","$21,466","$29,400",100%,100%,17%,16%,19%,100%,100%,63%,64%,17%,19%,"$36,689","$37,264","$33,514","$33,882","$30,742",
Saint Louis University,MO,Saint Louis,City: Large,"15,533",Yes,Yes,75%,58%,---,75%,3.79,No,41.25%,17.81%,6.51%,10.04%,1.33%,0.69%,8.28%,13.77%,23,28,31,33,---,---,29,22,---,22,---,---,27,29,---,46%,560,670,680,700,1340,1430,670,560,1210,14%,59%,41%,---,9%,12%,56%,---,15%,---,7%,"$57,960","$57,960","$80,936",662,950,"1,775","10,436",72%,88%,80%,"$25,270",92%,"$36,058","$30,911","$4,145","$4,974","$2,729","$7,750","$5,347","$17,811","$38,498",99%,99%,12%,22%,24%,99%,99%,49%,50%,7%,25%,"$33,177","$26,695","$22,950","$20,738","$20,869",
Saint Martin's University,WA,Lacey,City: Small,"2,127",No,No,90%,---,---,90%,3.46,No,6%,29%,18%,14%,3%,---,16%,17%,14,19,22,19,---,---,16,11,---,14,---,---,15,16,---,3%,500,545,590,590,1070,1180,525,470,970,10%,60%,40%,---,25%,7%,38%,1%,11%,4%,14%,"$46,856","$46,856","$67,777",96,142,263,"1,210",42%,65%,52%,"$25,123",171%,"$26,989","$22,779",$716,"$5,159","$9,219","$8,029","$6,121","$16,467","$33,751",84%,83%,19%,41%,36%,84%,83%,61%,61%,7%,36%,"$29,720","$25,956","$19,090","$20,657","$15,233",
Saint Mary's College,IN,Notre Dame,Suburb: Large,"2,573",Yes,No,76%,70%,---,77%,3.91,No,42.70%,28.80%,3.80%,10.60%,---,---,1.30%,12.90%,26,27,30,33,---,---,29,25,---,23,---,---,25,28,---,15%,580,620,680,645,1200,1310,580,550,1100,52%,100%,---,---,17%,2%,75%,---,2%,---,4%,"$55,093","$55,093","$72,117",---,396,419,"1,495",63%,88%,69%,"$35,468",69%,"$33,033","$30,389",$946,"$5,161","$7,079","$10,478","$5,369","$21,689","$35,270",100%,100%,14%,14%,23%,100%,100%,55%,56%,14%,23%,"$33,026","$30,396","$21,529","$26,610","$17,918",
Saint Mary's College of California,CA,Moraga,Suburb: Large,"4,309",No,Yes,89%,---,---,89%,3.58,No,19.80%,18.40%,13%,17.50%,0.50%,---,10.60%,20.30%,---,---,---,---,---,---,---,---,---,---,---,---,---,---,---,---,---,---,---,---,---,---,---,---,---,---,52%,48%,---,34%,5%,38%,---,8%,2%,12%,"$59,751","$59,751","$83,457",200,221,503,"1,955",60%,85%,69%,"$26,664",99%,"$38,166","$31,615",$602,"$5,301","$8,696","$7,023","$5,351","$20,843","$42,080",100%,100%,27%,27%,27%,100%,100%,78%,78%,6%,27%,"$39,616","$28,746","$24,408","$17,139","$17,981",
Salem College,NC,Winston Salem,City: Midsize,"2,246",No,No,79%,---,---,79%,3.86,No,42.40%,20.70%,8.10%,9.60%,0.70%,---,3.70%,14.80%,16,22,22,24,---,---,20,14,---,15,---,---,21,22,---,7%,553,655,643,600,1235,1315,580,513,1078,6%,100%,---,---,19%,18%,47%,3%,2%,---,10%,"$35,200","$35,200","$50,746",---,136,156,464,50%,68%,57%,"$25,007",100%,"$21,958","$19,000","$2,832","$5,523","$6,407","$5,729","$5,243","$14,822","$28,860",100%,100%,12%,56%,57%,100%,99%,69%,69%,2%,57%,"$22,832","$20,207","$18,561","$19,467","$16,009",
Salisbury University,MD,Salisbury,Suburb: Small,"8,845",Yes,Yes,87%,80%,94%,77%,3.72,No,35%,16.16%,12.20%,11.90%,0.20%,---,11%,13.60%,20,26,29,30,---,---,27,18.5,---,19,---,---,26,26,---,1%,600,640,670,650,1250,1310,610,580,1180,11%,55%,45%,---,8%,13%,70%,---,3%,---,6%,"$11,306","$22,810","$30,996",641,780,"1,376","6,288",50%,78%,68%,"$4,211",77%,"$4,166","$17,931","$2,221","$5,089","$6,268","$7,530","$5,134","$15,859","$8,192",94%,89%,9%,30%,29%,94%,88%,42%,44%,7%,29%,"$23,689","$20,344","$14,904","$12,779","$7,351",
Salish Kootenai College,MT,Pablo,Rural: Distant,"1,471",No,No,73%,---,---,73%,---,No,---,---,---,---,---,---,---,---,---,---,---,---,---,---,---,---,---,---,---,---,---,---,---,---,---,---,---,---,---,---,---,---,---,---,47%,53%,---,7%,---,26%,64%,---,1%,1%,"$6,399","$11,583","$17,319",40,35,---,636,23%,87%,33%,---,---,"$1,225","$9,551",$800,"$4,645","$1,692","$5,175","$5,175",---,"$4,716",73%,73%,9%,3%,59%,73%,33%,9%,9%,---,59%,---,"$11,987","$11,660","$8,954","$8,263",
Samford University,AL,Birmingham,Suburb: Large,"4,559",No,No,82%,---,---,82%,3.88,No,42%,24%,5%,10%,---,---,3%,16%,22,25,28,30,---,---,26,22,---,19,---,---,24,26,---,66%,550,600,640,610,1160,1260,560,520,1070,25%,67%,33%,---,5%,5%,85%,---,1%,---,3%,"$41,910","$41,910","$62,706",359,728,"1,080","4,210",68%,93%,77%,"$19,212",96%,"$20,527","$32,176",$994,"$5,264","$2,120","$8,410","$5,270","$17,881","$21,758",100%,100%,11%,25%,11%,100%,100%,34%,34%,6%,11%,"$33,894","$32,769","$27,995","$24,253","$21,891",
Samuel Merritt University,CA,Oakland,City: Large,"3,622",No,No,81%,---,---,81%,---,---,---,---,---,---,---,---,---,---,---,---,---,---,---,---,---,---,---,---,---,---,---,---,---,---,---,---,---,---,---,---,---,---,---,---,---,---,---,24%,6%,29%,---,27%,1%,13%,"$59,920","$59,920","$59,920",---,---,---,741,---,---,---,---,---,---,---,---,"$4,555",---,---,---,---,---,---,---,---,---,---,---,---,---,---,---,---,---,---,---,---,---,
San Diego Mesa College,CA,San Diego,City: Large,"3,622",---,---,81%,---,---,81%,---,---,---,---,---,---,---,---,---,---,---,---,---,---,---,---,---,---,---,---,---,---,---,---,---,---,---,---,---,---,---,---,---,---,---,---,51%,49%,---,41%,7%,28%,---,14%,---,9%,"$1,150","$10,006","$40,385",578,592,---,"19,243",---,---,---,---,---,"$2,759","$3,175","$2,442","$4,537","$5,124","$4,169","$3,022","$17,167","$8,983",82%,79%,39%,74%,43%,79%,1%,3%,4%,---,52%,"$3,323","$6,170","$3,115",---,---,
San Diego State University,CA,San Diego,City: Large,"90,509",No,No,36%,---,---,36%,3.84,No,37%,30%,3%,9%,---,---,1%,20%,---,---,---,---,---,---,---,---,---,---,---,---,---,---,---,---,---,---,---,---,---,---,---,---,---,---,60%,40%,---,37%,4%,34%,---,14%,---,11%,"$9,180","$22,500","$32,041","2,586","3,953","6,162","34,637",56%,91%,76%,"$3,811",2%,"$2,035","$19,500",$500,"$5,473","$4,603","$7,137","$5,004","$21,117","$5,459",95%,94%,4%,40%,24%,95%,90%,28%,30%,3%,24%,"$24,913","$18,176","$14,205","$10,241","$9,655",
San Francisco Art Institute,CA,San Francisco,City: Large,---,---,---,---,---,---,---,---,---,---,---,---,---,---,---,---,---,---,---,---,---,---,---,---,---,---,---,---,---,---,---,---,---,---,---,---,---,---,---,---,---,---,---,---,---,---,27%,2%,37%,---,12%,---,22%,---,---,---,---,---,---,---,---,---,---,---,---,---,---,---,---,---,---,---,---,---,---,---,---,---,---,---,---,---,---,---,---,---,---,---,---,---,
San Francisco Conservatory of Music,CA,San Francisco,City: Large,439,No,No,52%,---,---,52%,---,No,---,---,---,---,---,---,---,---,---,---,---,---,---,---,---,---,---,---,---,---,---,---,---,---,---,---,---,---,---,---,---,---,---,---,34%,66%,---,19%,5%,43%,---,11%,---,21%,"$54,400","$54,400","$80,080",33,17,54,215,43%,74%,54%,"$27,997",100%,"$33,161","$44,360","$1,107","$5,497","$9,358","$4,057","$3,007","$27,300","$34,237",100%,100%,13%,2%,13%,100%,100%,57%,57%,2%,13%,"$45,384","$40,423","$43,138","$38,209","$30,283",
San Francisco State University,CA,San Francisco,City: Large,"29,878",No,No,96%,---,---,96%,3.44,No,14%,15%,17%,17%,1%,---,17%,19%,---,---,---,---,---,---,---,---,---,---,---,---,---,---,---,---,---,---,---,---,---,---,---,---,---,---,57%,43%,---,41%,7%,16%,---,25%,1%,10%,"$8,328","$21,648","$37,422","1,227","1,623","2,985","20,756",26%,84%,54%,"$1,318",9%,"$5,859","$13,353",$651,"$5,342","$3,898","$5,533","$4,980","$14,208","$11,498",79%,74%,15%,70%,48%,78%,49%,29%,30%,1%,48%,"$22,813","$16,944","$12,916","$10,251","$9,307",
San Joaquin Valley College-Visalia,---,Visalia,---,"25,302",No,No,51%,---,---,51%,---,No,---,---,---,---,---,---,---,---,---,---,---,---,---,---,---,---,---,---,---,---,---,---,---,---,---,---,---,---,---,---,---,---,---,---,70%,30%,---,59%,7%,19%,1%,6%,1%,7%,---,---,---,101,238,---,"2,369",---,---,---,---,---,"$1,000","$28,857",$611,"$4,191","$4,505","$7,933","$7,773","$13,944","$4,636",89%,80%,20%,2%,80%,89%,---,82%,82%,1%,80%,"$32,763","$31,652","$30,552","$28,976","$28,648",
San Jose State University,CA,San Jose,City: Large,"37,132",No,No,85%,---,---,85%,3.53,No,19.20%,19.10%,14%,16%,0.30%,---,11.70%,19.70%,24,---,30,---,---,---,---,22,---,20,---,---,---,30,---,---,---,---,660,680,---,---,---,550,---,10%,49%,51%,---,33%,4%,13%,---,40%,---,10%,"$8,846","$22,166","$31,864","2,261","2,140","4,520","28,008",37%,87%,69%,"$3,146",3%,"$6,608","$13,833",$978,"$4,906","$4,382","$5,529","$4,952","$16,992","$11,311",67%,61%,14%,58%,35%,66%,36%,23%,24%,1%,35%,"$23,401","$17,047","$12,948","$9,863","$9,743",
Santa Ana College,CA,Santa Ana,City: Large,"12,118",---,No,7%,---,---,7%,---,---,---,---,---,---,---,---,---,---,---,---,---,---,---,---,---,---,---,---,---,---,---,---,---,---,---,---,---,---,---,---,---,---,---,---,44%,56%,---,53%,2%,18%,---,8%,---,19%,"$1,188","$11,076","$8,918",699,553,---,"26,073",---,100%,---,---,---,"$1,000","$6,914","$1,091","$3,911","$2,408","$6,309","$6,309",---,"$6,162",97%,97%,91%,87%,58%,97%,---,1%,1%,---,93%,"$9,191","$8,596","$6,107","$3,154","$3,151",
Santa Clara University,CA,Santa Clara,City: Midsize,"18,970",Yes,Yes,48%,80%,---,47%,3.72,No,9.87%,44.57%,4.16%,13.04%,---,---,0.74%,27.62%,31,31,33,---,---,---,---,---,---,29,---,---,29,33,---,10%,670,700,730,760,1420,1500,720,680,1340,24%,50%,50%,---,21%,4%,39%,---,23%,---,12%,"$63,513","$63,513","$88,584",801,805,"1,552","6,577",80%,94%,88%,"$16,788",21%,"$25,939","$49,651","$2,895","$5,347","$9,291","$8,095","$5,062","$35,385","$28,375",75%,73%,6%,11%,11%,75%,72%,27%,27%,2%,12%,"$60,212","$30,672","$41,599","$51,894","$36,094",
Santa Monica College,CA,Santa Monica,City: Small,"18,843",No,No,44%,---,---,44%,---,No,---,---,---,---,---,---,---,---,---,---,---,---,---,---,---,---,---,---,---,---,---,---,---,---,---,---,---,---,---,---,---,---,---,---,52%,48%,---,45%,10%,27%,---,9%,---,8%,"$1,225","$11,353","$8,992","1,566","1,675",---,"23,164",---,---,---,---,---,"$1,223","$5,636",$363,"$4,214","$2,169","$5,292","$5,292",---,"$5,515",64%,63%,18%,62%,41%,63%,1%,2%,2%,---,41%,"$8,622","$7,662","$5,695","$3,672","$2,796",
Sarah Lawrence College,NY,Bronxville,Suburb: Large,"4,617",Yes,Yes,62%,---,---,63%,3.8,No,39%,21%,6%,9%,1%,---,3%,20%,28,31,31,34,---,---,34,28,---,25,---,---,27,28,---,4%,650,710,740,690,1345,1440,635,590,1270,9%,79%,21%,---,13%,5%,65%,---,5%,---,11%,"$70,198","$70,198","$91,116",88,326,411,"1,582",59%,88%,71%,"$31,583",91%,"$35,026","$43,571","$3,787","$4,880","$3,591","$7,802","$5,371","$26,090","$35,677",84%,84%,4%,3%,11%,84%,83%,41%,47%,5%,11%,"$21,166","$16,853","$27,814","$24,018","$20,746",
Savannah College of Art and Design,GA,Savannah,City: Midsize,"14,931",No,No,84%,---,---,84%,3.56,No,---,---,---,---,---,---,---,---,21,24,28,30,---,---,25,21,---,18,---,---,22,26,---,13%,550,610,670,610,1170,1280,560,500,1050,18%,72%,28%,---,8%,14%,61%,1%,7%,---,8%,"$42,665","$42,665","$66,200",977,"2,553","3,651","14,657",53%,87%,69%,"$9,841",93%,"$11,541","$46,524","$2,940","$4,999","$4,476","$15,075","$5,175","$33,470","$13,243",98%,98%,2%,14%,20%,98%,97%,40%,44%,13%,20%,"$47,565","$47,652","$45,149","$42,451","$41,693",
Scripps College,CA,Claremont,Suburb: Large,"3,199",Yes,No,38%,47%,---,37%,4,No,---,90%,1%,3%,---,---,---,6%,31,33,34,35,---,---,35,34,---,27,---,---,30,32,---,16%,720,740,770,770,1480,1530,740,720,1420,24%,100%,---,---,12%,4%,56%,---,15%,---,12%,"$68,212","$68,212","$93,668",1,312,275,"1,117",60%,94%,83%,"$24,048",26%,"$36,556","$45,505","$4,000","$5,189","$8,735","$6,333","$3,629","$12,568","$37,825",57%,55%,3%,3%,7%,56%,54%,28%,29%,7%,7%,"$51,165","$28,567","$22,440","$14,067","$14,617",
Seattle Central College,WA,Seattle,City: Large,"2,371",No,No,65%,---,---,65%,---,No,---,---,---,---,---,---,---,---,---,---,---,---,---,---,---,---,---,---,---,---,---,---,---,---,---,---,---,---,---,---,---,---,---,---,48%,52%,---,15%,19%,29%,---,17%,---,19%,"$5,362","$5,923","$5,362",365,338,---,"5,210",---,---,---,---,---,"$1,670","$8,093",$908,"$4,277","$3,522","$6,498","$5,756","$8,629","$5,285",91%,85%,75%,46%,38%,86%,31%,4%,5%,1%,81%,"$10,224","$7,563","$9,070","$5,570","$5,808",
Seattle Pacific University,WA,Seattle,City: Large,"2,884",No,Yes,83%,---,---,83%,3.38,No,11.44%,19.07%,11.99%,13.08%,4.36%,---,17.17%,22.89%,20,23,27,26,---,---,23,19,---,16,---,---,23,26,---,20%,560,600,680,650,1200,1320,600,530,1050,16.10%,68%,32%,---,21%,9%,33%,1%,15%,1%,20%,"$44,367","$44,367","$65,556",121,255,382,"1,776",47%,72%,62%,"$25,230",83%,"$21,946","$26,155","$3,331","$4,913","$9,273","$6,358","$5,106","$14,212","$28,070",99%,98%,11%,41%,39%,99%,98%,54%,55%,5%,39%,"$32,524","$29,476","$23,893","$18,024","$19,348",
Seattle University,WA,Seattle,City: Large,"8,453",---,Yes,77%,---,---,77%,3.62,No,12%,34%,9%,15%,---,---,6%,24%,23,27,30,34,---,---,28,24,---,22,---,---,26,30,---,6%,620,630,710,720,1260,1350,630,580,1130,24%,59%,41%,---,17%,8%,31%,---,30%,1%,12%,"$58,965","$58,965","$79,863",358,525,"1,049","4,103",66%,84%,76%,"$27,377",61%,"$27,987","$37,103","$2,708","$5,420","$9,495","$7,820","$5,306","$24,459","$31,727",100%,100%,26%,22%,26%,100%,98%,51%,52%,6%,27%,"$42,970","$38,105","$30,151","$24,900","$23,374",
Shasta College,CA,Redding,Suburb: Midsize,2,No,No,100%,---,---,100%,---,---,---,---,---,---,---,---,---,---,---,---,---,---,---,---,---,---,---,---,---,---,---,---,---,---,---,---,---,---,---,---,---,---,---,---,49%,51%,---,20%,2%,60%,2%,5%,---,11%,"$1,199","$8,927","$26,188",245,232,---,"8,081",100%,---,100%,$55,8%,$348,"$7,751",$790,"$4,527","$2,116","$7,685","$7,685",---,"$6,340",89%,87%,67%,80%,59%,88%,2%,6%,6%,---,67%,"$10,869","$9,493","$6,000","$4,312","$2,767",
Shippensburg University of Pennsylvania,PA,Shippensburg,Town: Fringe,"6,545",No,Yes,86%,---,---,86%,3.3,No,18.23%,16.47%,13.49%,10.60%,10.98%,---,14.88%,12.47%,---,---,---,---,---,---,---,---,---,---,---,---,---,---,---,---,500,550,610,600,1090,1210,540,490,990,37%,51%,49%,---,7%,12%,74%,---,2%,---,5%,"$13,544","$15,798","$31,078",531,560,"1,097","4,421",37%,76%,50%,"$4,187",87%,"$2,817","$23,344",$576,"$4,685","$4,331","$9,286","$5,455","$14,879","$5,951",96%,85%,16%,32%,33%,95%,69%,71%,73%,19%,33%,"$27,250","$26,492","$21,912","$18,505","$18,253",
Siena College,NY,Loudonville,Suburb: Large,"8,248",Yes,Yes,78%,---,---,78%,3.53,No,3.70%,23.65%,11.89%,26.55%,---,---,1.32%,32.89%,27,28,33,---,---,---,---,---,---,---,---,---,---,---,---,2.11%,550,610,680,680,1230,1360,620,560,1093,9.61%,55%,45%,---,10%,4%,75%,---,5%,---,5%,"$47,990","$47,990","$69,238",339,418,809,"3,469",69%,83%,75%,"$21,774",86%,"$27,435","$32,602","$1,160","$5,082","$3,394","$9,780","$5,266","$18,418","$29,727",98%,98%,12%,24%,26%,98%,98%,68%,68%,17%,26%,"$37,049","$32,700","$28,940","$26,414","$25,588",
Sierra Nevada University,NV,Incline Village,Town: Distant,---,---,---,---,---,---,---,---,---,---,---,---,---,---,---,---,---,---,---,---,---,---,---,---,---,---,---,---,---,---,---,---,---,---,---,---,---,---,---,---,---,---,---,---,---,---,3%,2%,76%,2%,2%,1%,15%,---,---,---,---,---,---,---,---,---,---,---,---,---,---,---,---,---,---,---,---,---,---,---,---,---,---,---,---,---,---,---,---,---,---,---,---,---,
Simmons University,MA,Boston,City: Large,"4,871",No,Yes,66%,---,90%,50%,3.84,No,7.60%,31.60%,9.60%,15.20%,0.40%,---,3.60%,32%,27,29,30,33,---,---,31,27,---,26,---,---,26,28,---,4%,600,680,700,670,1330,1390,650,560,1230,16%,100%,---,---,16%,11%,51%,---,11%,---,11%,"$48,240","$48,240","$70,216",---,338,363,"1,760",67%,82%,71%,"$24,894",99%,"$31,584","$29,575","$1,137","$5,155","$3,702","$8,356","$5,260","$17,595","$33,874",99%,99%,28%,16%,29%,99%,99%,61%,62%,11%,29%,"$33,812","$28,297","$22,473","$20,142","$19,518",
Simpson University,CA,Redding,City: Small,823,No,Yes,99%,---,---,99%,3.4,No,---,---,---,---,---,---,---,---,18,---,24,---,---,---,---,---,---,---,---,---,---,---,---,40%,---,---,---,---,---,---,---,---,---,89%,32%,68%,---,29%,3%,50%,1%,5%,1%,11%,"$38,522","$38,522","$50,022",98,46,151,755,35%,62%,47%,"$11,624",86%,"$20,634","$28,453",---,"$5,213","$8,109","$8,083","$5,014","$20,188","$23,842",100%,100%,---,25%,26%,100%,100%,45%,46%,7%,26%,"$30,193","$29,660","$25,439","$29,551","$22,880",
Skagit Valley College,WA,Mount Vernon,City: Small,"8,976",No,No,76%,---,---,76%,---,---,---,---,---,---,---,---,---,---,---,---,---,---,---,---,---,---,---,---,---,---,---,---,---,---,---,---,---,---,---,---,---,---,---,---,51%,49%,---,29%,2%,46%,1%,4%,---,18%,"$5,454","$7,394","$28,254",267,280,---,"4,098",---,---,---,---,---,"$1,712","$8,365","$1,803","$3,055","$3,833","$5,990","$5,252","$7,267","$6,853",58%,49%,7%,40%,32%,51%,13%,6%,6%,1%,34%,"$12,437","$9,822","$5,980","$6,000","$4,672",
Skidmore College,NY,Saratoga Springs,Suburb: Small,"11,889",Yes,No,21%,41%,---,19%,---,---,---,---,---,---,---,---,---,---,31,32,34,35,---,---,34,32,---,27,---,---,28,32,---,10%,680,690,750,730,1370,1460,680,660,1300,23%,63%,37%,---,11%,5%,69%,---,6%,---,8%,"$70,430","$70,430","$89,250",242,421,735,"2,704",74%,90%,83%,"$20,000",1%,"$47,435","$32,368",$973,"$5,672","$7,384","$7,301","$4,937","$28,619","$49,522",64%,52%,10%,9%,10%,55%,52%,33%,33%,3%,10%,"$46,513","$25,470","$17,308","$15,994","$20,906",
Skyline College,CA,San Bruno,Suburb: Large,823,No,No,99%,---,---,99%,---,No,---,---,---,---,---,---,---,---,---,---,---,---,---,---,---,---,---,---,---,---,---,---,---,---,---,---,---,---,---,---,---,---,---,---,52%,48%,---,36%,3%,19%,---,32%,1%,9%,"$1,148","$9,980","$37,099",256,277,---,"9,428",---,---,---,---,---,"$1,333","$4,652","$1,625","$4,381","$3,020",---,---,---,"$5,069",85%,85%,17%,49%,26%,85%,81%,---,---,---,26%,---,"$5,830","$1,379",---,---,
Smith Chason College,---,Beverly Hills,---,"1,787",---,---,68%,---,---,68%,---,---,---,---,---,---,---,---,---,---,---,---,---,---,---,---,---,---,---,---,---,---,---,---,---,---,---,---,---,---,---,---,---,---,---,---,81%,19%,---,49%,9%,23%,1%,7%,2%,10%,"$18,915","$18,915","$18,915",45,187,---,"2,221",62%,83%,62%,---,---,---,"$33,522",$666,"$5,422","$4,705","$9,945","$6,729","$15,555","$4,601",92%,56%,8%,1%,55%,92%,---,88%,92%,21%,56%,"$34,750","$35,027","$34,408","$33,205","$34,583",
Smith College,MA,Northampton,Suburb: Large,"8,666",Yes,No,21%,38%,---,19%,4,No,81.63%,15.16%,---,0.58%,---,---,---,2.62%,32,33,35,36,---,---,35,34,---,28,---,---,30,34,---,13.60%,720,750,760,780,1480,1540,730,700,1408,29.30%,100%,---,---,14%,6%,58%,---,11%,---,11%,"$67,448","$67,448","$94,098",---,645,649,"2,549",69%,94%,89%,"$23,348",11%,"$52,805","$27,823","$1,033","$5,310","$2,951","$11,483","$5,137","$28,002","$54,311",73%,68%,15%,5%,17%,69%,68%,13%,14%,3%,17%,"$39,722","$17,628","$12,149","$9,382","$7,033",
Snow College,UT,Ephraim,Town: Remote,"1,270",No,No,38%,---,---,38%,3.4,No,---,---,---,---,---,---,---,---,---,---,---,---,---,---,---,---,---,---,---,---,---,---,---,---,---,---,---,---,---,---,---,---,---,---,55%,45%,---,14%,3%,77%,1%,---,1%,3%,"$4,564","$14,130","$13,614",652,803,---,"5,506",33%,40%,36%,---,---,"$1,793","$7,258",$646,"$8,367","$1,079","$4,880","$4,880",---,"$5,050",82%,77%,3%,12%,33%,81%,56%,21%,21%,---,35%,"$10,636","$9,432","$5,202","$2,950","$5,671",
Soka University of America,CA,Aliso Viejo,Suburb: Large,635,No,Yes,44%,---,30%,50%,3.6,No,8%,43%,3%,15%,---,---,2%,29%,25,---,31,28,---,---,---,26,---,23,---,---,---,29,---,1%,620,650,720,790,1360,1460,710,713,1220,16%,56%,44%,---,26%,5%,31%,---,25%,1%,13%,"$39,536","$39,536","$61,156",56,70,126,445,79%,90%,92%,"$5,850",63%,"$32,579","$18,807","$1,000","$5,399","$6,673","$8,762","$5,022","$11,492","$33,951",100%,100%,9%,6%,16%,100%,100%,35%,73%,40%,16%,"$32,663","$12,566","$9,378","$9,183","$14,587",
Sonoma State University,CA,Rohnert Park,Suburb: Large,"10,529",No,No,95%,---,---,95%,3.4,No,10%,15%,19%,18%,4%,---,17%,17%,19,---,24,---,---,---,---,---,---,---,---,---,---,---,---,43%,---,---,---,---,---,---,---,---,---,---,66%,34%,---,42%,3%,41%,---,5%,---,9%,"$8,624","$21,224","$28,882",309,590,911,"5,412",41%,75%,60%,"$1,095",31%,"$4,184","$15,113",$751,"$4,868","$3,624","$6,255","$4,852","$14,333","$8,546",86%,83%,11%,61%,39%,86%,66%,29%,30%,3%,39%,"$22,141","$16,423","$12,751","$11,158","$9,406",
South Seattle College,WA,Seattle,City: Large,"2,371",No,No,65%,---,---,65%,---,No,---,---,---,---,---,---,---,---,---,---,---,---,---,---,---,---,---,---,---,---,---,---,---,---,---,---,---,---,---,---,---,---,---,---,35%,65%,---,19%,19%,26%,1%,17%,1%,17%,"$4,458","$4,947","$19,179",199,105,---,"5,295",---,---,---,---,---,$802,"$8,596","$1,014","$4,321","$3,476","$2,516","$2,516",---,"$6,741",71%,59%,26%,55%,38%,59%,15%,1%,1%,---,42%,---,"$5,822","$7,748","$7,592","$6,149",
Southern California Institute of Architecture,CA,Los Angeles,City: Large,606,No,No,83%,---,---,83%,3.5,No,---,---,---,---,---,---,---,---,---,---,---,---,---,---,---,---,---,---,---,---,---,---,---,3%,---,---,---,---,---,---,---,---,---,3%,43%,57%,---,28%,4%,33%,---,26%,1%,8%,"$53,564","$53,564","$57,484",20,15,35,239,---,82%,54%,"$24,479",100%,"$32,711","$21,514","$4,600","$5,605","$8,182","$13,830","$7,938","$23,572","$45,500",43%,25%,7%,18%,25%,29%,25%,29%,29%,7%,25%,"$24,769",---,---,"$42,269","$42,890",
Southern California Institute of Technology,---,Anaheim,---,120,---,---,88%,---,---,88%,---,---,---,---,---,---,---,---,---,---,---,---,---,---,---,---,---,---,---,---,---,---,---,---,---,---,---,---,---,---,---,---,---,---,---,---,4%,96%,---,60%,5%,15%,---,10%,1%,8%,"$20,300","$20,300","$23,715",89,4,93,537,43%,81%,47%,---,---,$931,"$27,934",$252,"$5,401",---,"$10,986","$10,738","$7,344","$6,330",99%,89%,48%,---,74%,99%,69%,75%,75%,3%,75%,"$33,673","$31,065","$30,074","$27,306","$26,219",
Southern Illinois University-Carbondale,IL,Carbondale,City: Small,"10,858",No,---,87%,---,---,87%,3.23,No,5.52%,18.97%,13.16%,13.56%,13.91%,---,19.43%,15.06%,18,24,25,25,---,---,23,17,---,17,---,---,22,25,---,8.13%,470,520,600,580,1020,1140,500,430,910,36.80%,57%,43%,---,10%,18%,66%,---,2%,---,4%,"$13,544","$13,544","$29,726",727,977,"1,621","8,553",40%,67%,57%,"$4,715",73%,"$5,855","$16,131","$2,026","$5,289","$8,339","$6,603","$5,119","$15,809","$12,408",97%,93%,18%,47%,49%,97%,78%,59%,60%,6%,50%,"$23,582","$22,819","$13,206","$12,082","$12,928",
Southern Methodist University,TX,Dallas,Suburb: Large,"15,245",Yes,Yes,63%,87%,91%,33%,3.67,No,21.80%,29.60%,7.20%,13.80%,0.30%,0.10%,3.50%,23.60%,30,32,34,35,---,---,34,30,---,27,---,---,30,33,---,9.30%,670,700,740,750,1410,1480,710,670,1320,15.50%,51%,49%,---,18%,6%,58%,---,9%,---,8%,"$69,722","$69,722","$93,090",840,875,"1,592","7,285",76%,91%,84%,"$27,376",49%,"$35,291","$45,792","$2,621","$5,132","$3,908","$14,284","$5,235","$39,811","$36,850",74%,69%,6%,12%,12%,72%,69%,24%,25%,6%,12%,"$57,595","$37,145","$24,746","$16,581","$30,165",
Southern New Hampshire University,NH,Manchester,Suburb: Midsize,"5,233",No,Yes,84%,---,---,84%,3.1,No,---,---,---,---,---,---,---,---,---,---,---,---,---,---,---,---,---,---,---,---,---,---,---,---,---,---,---,---,---,---,---,---,---,---,47%,53%,---,9%,4%,77%,---,4%,---,7%,"$18,410","$18,410","$46,676",384,343,"15,345","2,615",45%,81%,60%,"$9,188",95%,"$4,192","$33,163","$1,017","$3,137","$5,509","$6,208","$5,243","$15,985","$4,557",81%,67%,5%,5%,61%,79%,12%,65%,66%,4%,61%,"$36,682","$35,992","$34,048","$32,903","$33,202",
Southern Oregon University,OR,Ashland,Suburb: Midsize,"2,176",No,No,90%,---,---,90%,3.18,No,---,22%,63%,17%,36%,---,16%,19%,20,---,25,---,---,---,---,---,---,---,---,---,---,---,---,20%,450,---,---,---,---,---,---,---,---,---,47%,37%,16%,4%,1%,81%,2%,4%,2%,6%,"$12,762","$31,887","$33,228",398,498,657,"4,964",34%,69%,35%,"$6,496",25%,"$4,096","$17,433",$940,"$4,946","$3,639","$5,323","$5,323",---,"$7,108",93%,92%,18%,24%,38%,93%,86%,41%,41%,---,38%,"$22,467","$20,735","$15,838","$13,511","$13,402",
Southern Utah University,UT,Cedar City,Town: Remote,"19,080",No,Yes,82%,---,---,82%,3.48,No,---,49%,8%,12%,3%,---,9%,19%,---,---,---,---,---,---,---,---,---,---,---,---,---,---,---,---,---,---,---,---,---,---,---,---,---,---,60%,40%,---,9%,2%,77%,1%,2%,1%,7%,"$7,094","$21,646","$21,306",789,"1,175","2,269","13,126",33%,76%,50%,"$7,093",89%,"$7,136","$12,375",$296,"$7,530","$1,762","$7,372","$4,553","$23,503","$8,992",94%,91%,9%,16%,25%,93%,85%,20%,21%,3%,25%,"$15,580","$14,197","$11,243","$8,339","$7,156",
Southern Vermont College,---,Bennington,---,---,---,---,---,---,---,---,---,---,---,---,---,---,---,---,---,---,---,---,---,---,---,---,---,---,---,---,---,---,---,---,---,---,---,---,---,---,---,---,---,---,---,---,---,---,---,---,---,---,---,---,---,---,---,---,---,---,---,---,---,---,---,---,---,---,---,---,---,---,---,---,---,---,---,---,---,---,---,---,---,---,---,---,---,---,---,---,---,---,---,
Southwest University at El Paso,---,El Paso,---,135,---,---,19%,---,---,19%,---,---,---,---,---,---,---,---,---,---,---,---,---,---,---,---,---,---,---,---,---,---,---,---,---,---,---,---,---,---,---,---,---,---,---,---,69%,31%,---,86%,6%,6%,---,1%,---,---,"$14,000","$14,000","$14,000",184,406,---,"1,817",74%,64%,75%,---,---,"$7,951","$17,365",---,"$6,396","$3,609","$10,860","$10,860",---,"$6,581",100%,100%,---,12%,90%,100%,1%,92%,92%,---,90%,---,---,"$21,909","$18,091","$17,720",
Southwestern University,TX,Georgetown,City: Small,"6,313",Yes,Yes,43%,58%,61%,30%,3.53,No,9.90%,27.80%,15.80%,19.80%,1.10%,---,6.40%,19.30%,26,28,30,31,---,---,26,25,---,24,---,---,26,29,---,13%,580,640,670,630,1250,1340,610,550,1170,44%,55%,45%,---,30%,6%,52%,---,3%,---,8%,"$56,744","$56,744","$76,493",170,204,403,"1,440",66%,81%,73%,"$29,955",98%,"$30,608","$30,687","$1,934","$5,040","$3,309","$10,508","$5,108","$20,745","$32,956",100%,99%,8%,33%,22%,99%,98%,43%,46%,13%,22%,"$33,832","$27,434","$24,800","$21,567","$18,791",
Spelman College,GA,Atlanta,City: Large,"12,023",Yes,Yes,25%,29%,51%,4%,3.94,No,40.96%,30.82%,1.45%,7.67%,---,---,0.43%,18.67%,22,24,29,31,---,---,25,21,---,18,---,---,21,26,---,16%,590,610,680,640,1180,1270,570,518,1060,23%,100%,---,---,---,97%,---,1%,1%,---,---,"$32,470","$32,470","$56,394",---,701,727,"2,712",69%,94%,78%,"$25,840",13%,"$8,807","$37,403","$2,067","$5,673","$5,415","$5,072","$2,613","$30,112","$11,994",96%,96%,3%,22%,36%,96%,95%,83%,88%,8%,36%,"$42,201","$35,209","$34,390","$31,961","$31,898",
Springfield College,MA,Springfield,City: Midsize,"3,284",Yes,No,72%,92%,---,71%,3.6,No,---,44%,11%,13%,3%,---,10%,19%,---,---,---,---,---,---,---,---,---,---,---,---,---,---,---,---,570,550,690,640,1120,1260,570,510,1070,2%,48%,52%,---,11%,7%,75%,1%,3%,---,2%,"$46,700","$46,700","$65,524",232,211,476,"1,764",70%,81%,74%,"$25,302",98%,"$26,742","$29,198","$4,785","$4,820","$2,881","$9,097","$5,247","$16,401","$28,817",100%,98%,10%,16%,23%,99%,98%,74%,75%,18%,24%,"$32,494","$28,385","$24,226","$25,092","$21,252",
St Catherine University,MN,Saint Paul,City: Large,"2,443",No,No,92%,---,---,92%,3.51,No,19%,31%,15%,13%,1%,---,9%,13%,20,24,26,27,---,---,22,19,---,19,---,---,22,25,---,41%,---,---,---,---,---,---,---,---,---,1%,100%,---,---,14%,18%,47%,1%,12%,---,8%,"$53,214","$53,214","$69,744",1,392,377,"2,505",50%,80%,61%,"$33,184",100%,"$29,891","$22,357","$2,500","$4,828","$6,665","$7,613","$5,041","$13,371","$36,206",99%,99%,18%,52%,44%,99%,99%,63%,64%,12%,45%,"$26,483","$22,036","$19,862","$19,312","$17,519",
St Lawrence University,NY,Canton,Town: Remote,"6,089",Yes,Yes,54%,47%,---,55%,3.72,No,39.40%,17.70%,7.50%,8.30%,0.50%,---,3.50%,23.10%,30,31,33,---,---,---,---,---,---,---,---,---,---,---,---,5%,645,680,710,710,1330,1410,650,610,1255,15%,49%,51%,---,6%,2%,85%,1%,2%,---,4%,"$67,890","$67,890","$87,050",215,209,545,"1,949",68%,91%,79%,"$35,305",92%,"$41,915","$36,175","$2,548","$5,060","$3,250","$8,912","$5,209","$21,086","$43,490",99%,99%,6%,13%,19%,99%,99%,54%,54%,10%,19%,"$40,029","$29,263","$21,671","$17,287","$12,250",
St Olaf College,MN,Northfield,Town: Distant,"6,623",Yes,Yes,48%,58%,64%,34%,3.73,No,13%,45%,5%,13%,---,---,2%,22%,28,30,32,35,---,---,32,28,---,25,---,---,28,30,---,29%,660,680,740,730,1350,1470,670,640,1260,11%,56%,40%,4%,11%,4%,75%,---,5%,---,6%,"$62,700","$62,700","$79,500",339,476,825,"3,124",77%,92%,83%,"$31,697",98%,"$39,589","$27,282","$2,691","$5,258","$6,263","$7,282","$5,045","$12,769","$41,918",100%,100%,6%,17%,20%,100%,100%,40%,43%,9%,20%,"$32,708","$21,245","$15,236","$11,927","$9,504",
St. John Fisher University,NY,Rochester,Suburb: Large,"5,050",Yes,No,66%,59%,---,67%,3.53,No,5.44%,27.35%,9.41%,12.50%,0.88%,---,7.79%,36.47%,23,28,28,25,---,---,27,23,---,22,---,---,26,26,---,1%,560,600,650,650,1195,1280,595,560,1120,23%,57%,43%,---,8%,5%,79%,1%,3%,---,4%,"$43,174","$43,174","$61,590",290,390,611,"2,583",65%,86%,74%,"$18,963",100%,"$19,914","$28,969","$4,195","$5,064","$4,014","$10,870","$5,272","$19,993","$23,599",100%,100%,11%,41%,30%,100%,100%,76%,76%,21%,33%,"$32,667","$30,794","$27,255","$20,355","$14,994",
St. John's College,NM,Santa Fe,Rural: Fringe,394,Yes,Yes,53%,70%,29%,64%,3.72,No,40.83%,21.13%,7.04%,7.04%,1.41%,---,5.65%,16.90%,28,30,34,34,---,---,31,28,---,26,---,---,27,31,---,14%,680,700,750,710,1360,1450,660,610,1260,35%,55%,45%,---,13%,1%,73%,---,2%,1%,11%,"$42,574","$42,574","$60,480",34,42,79,368,39%,81%,55%,"$18,338",100%,"$22,822","$28,368","$1,810","$5,747",$190,"$6,125","$4,714","$15,288","$24,726",97%,92%,23%,1%,24%,97%,92%,44%,45%,5%,24%,"$35,017","$26,282","$18,836","$15,405","$14,669",
St. John's College,MD,Annapolis,Suburb: Large,836,Yes,Yes,55%,70%,16%,85%,3.72,No,39.42%,22.12%,3.85%,8.65%,0.96%,---,7.69%,17.31%,27,31,32,35,---,---,34,27,---,26,---,---,27,29,---,12%,680,710,750,690,1370,1500,660,590,1250,38%,53%,47%,---,10%,1%,73%,---,4%,---,11%,"$42,317","$42,317","$60,225",54,60,133,471,51%,82%,60%,"$15,561",89%,"$32,184","$27,729","$4,023","$5,168","$6,407","$6,966","$5,088","$6,244","$25,194",94%,92%,22%,5%,21%,93%,65%,43%,51%,22%,22%,"$38,362","$25,716","$24,052","$16,625","$21,627",
St. John's University-New York,NY,Queens,City: Large,"24,208",No,Yes,83%,---,---,83%,3.5,No,31%,18%,13%,13%,---,---,8%,17%,24,27,29,32,---,---,26,24,---,21,---,---,25,26,---,2%,580,610,670,670,1210,1320,600,570,1110,23%,57%,43%,---,26%,16%,35%,---,17%,---,6%,"$55,640","$55,640","$81,058","1,002","1,343","2,674","15,640",51%,79%,66%,"$26,328",49%,"$29,797","$28,206","$2,546","$5,822","$3,221","$7,937","$5,320","$21,680","$33,773",100%,100%,10%,43%,41%,100%,100%,45%,47%,6%,41%,"$31,582","$30,164","$27,197","$24,386","$23,468",
St. Mary's College of Maryland,MD,St. Mary's City,Suburb: Small,"3,401",Yes,Yes,69%,96%,33%,68%,3.51,No,10.70%,25.62%,14.18%,15.42%,1.24%,---,12.19%,20.65%,26,28,31,33,---,---,27,26,---,20,---,---,22,26,---,5.20%,590,630,690,650,1220,1330,590,553,1110,27.50%,60%,40%,---,9%,11%,69%,---,3%,---,7%,"$15,692","$32,251","$35,324",161,242,442,"1,632",60%,86%,70%,"$5,236",94%,"$7,930","$20,679",$547,"$5,124","$7,111","$7,586","$5,095","$13,715","$11,016",98%,98%,8%,27%,20%,98%,97%,46%,47%,9%,20%,"$25,256","$20,010","$14,955","$9,370","$3,618",
St. Thomas Aquinas College,NY,Sparkill,Suburb: Large,"2,200",No,No,93%,---,---,93%,2.9,No,10%,14%,7%,10%,28%,---,20%,9%,---,---,---,---,---,---,---,---,---,---,---,---,---,---,---,---,410,---,520,565,---,---,---,470,---,2%,40%,60%,---,24%,19%,46%,---,2%,---,8%,"$41,100","$41,100","$64,200",144,97,246,"1,889",43%,74%,54%,"$17,865",92%,"$26,586","$21,257","$4,979","$5,122","$3,870","$6,120","$5,033","$11,224","$30,197",100%,100%,13%,27%,38%,100%,100%,57%,58%,6%,42%,"$25,598","$27,309","$20,644","$18,169","$13,977",
Stanbridge University,---,Irvine,---,"2,700",---,---,11%,---,---,11%,---,No,---,---,---,---,---,---,---,---,---,---,---,---,---,---,---,---,---,---,---,---,---,---,---,---,---,---,---,---,---,---,---,---,---,---,74%,26%,---,41%,4%,12%,---,20%,1%,22%,---,---,---,77,217,294,"2,373",---,93%,---,---,---,"$3,000","$23,800",$132,"$4,622","$10,294","$11,598","$6,805","$20,217","$4,341",74%,52%,31%,1%,52%,74%,1%,72%,73%,18%,52%,---,"$28,556","$24,570","$24,000","$23,848",
Stanford University,CA,Stanford,Suburb: Large,"57,326",No,Yes,4%,---,---,4%,3.94,No,73.30%,16.50%,0.30%,3%,---,---,0.30%,6.70%,34,35,35,36,---,---,35,35,---,33,---,---,35,36,---,19%,740,760,780,800,1550,1580,790,770,1510,50.30%,51%,49%,---,20%,8%,26%,1%,33%,---,12%,"$68,544","$68,544","$96,513",835,858,"1,699","7,904",50%,98%,92%,"$4,150",---,"$61,082","$17,998","$1,794","$5,497","$9,242","$14,075","$5,277","$39,259","$64,164",68%,55%,11%,5%,20%,57%,55%,7%,7%,2%,20%,"$50,452","$8,816","$1,323",---,---,
Stephens College,MO,Columbia,City: Midsize,405,No,No,92%,---,---,92%,3.27,No,---,---,---,---,---,---,---,---,16,21,23,24,---,---,22,15,---,15,---,---,17,21,---,45%,610,610,650,620,1200,1270,590,520,1130,7%,96%,4%,---,1%,11%,57%,1%,1%,---,29%,"$28,200","$28,200","$47,133",3,71,74,354,41%,71%,46%,"$18,667",129%,"$16,227","$23,261",$978,"$5,615","$2,561","$10,827","$6,560","$15,709","$19,424",100%,100%,14%,31%,38%,100%,100%,68%,69%,19%,38%,"$26,927","$27,781","$22,100","$22,376","$16,807",
Stetson University,FL,DeLand,City: Small,"11,674",Yes,Yes,72%,89%,84%,64%,3.66,No,26%,18%,12%,14%,2%,---,10%,18%,19,26,27,26,---,---,26,18,---,17,---,---,24,25,---,18%,510,610,630,580,1190,1290,580,460,1090,38%,60%,40%,---,24%,13%,52%,---,2%,---,8%,"$59,690","$59,690","$80,381",271,402,638,"2,349",56%,78%,62%,"$33,377",100%,"$40,126","$22,914","$2,738","$5,581","$5,282","$7,829","$4,739","$18,787","$47,034",100%,100%,39%,63%,43%,100%,100%,52%,55%,10%,45%,"$32,728","$24,138","$19,475","$15,801","$17,596",
Stevens Institute of Technology,NJ,Hoboken,Suburb: Large,"10,673",Yes,Yes,48%,72%,---,47%,3.86,No,61.11%,16.59%,3.39%,4.66%,---,---,1.45%,12.80%,31,33,34,35,---,---,34,31,---,28,---,---,31,33,---,6.45%,670,700,735,770,1440,1500,740,710,1370,36.34%,33%,67%,---,17%,3%,48%,---,21%,---,10%,"$65,606","$65,606","$87,856",699,352,"1,024","4,236",70%,94%,87%,"$24,345",95%,"$29,954","$43,665","$2,465","$5,243","$9,761","$10,331","$5,307","$28,603","$32,789",99%,99%,13%,15%,19%,99%,99%,55%,56%,10%,19%,"$47,748","$38,749","$34,145","$26,938","$26,555",
Stevens-Henager College,UT,Logan,City: Small,---,---,---,---,---,---,---,---,---,---,---,---,---,---,---,---,---,---,---,---,---,---,---,---,---,---,---,---,---,---,---,---,---,---,---,---,---,---,---,---,---,---,---,---,---,---,---,---,---,---,---,---,---,---,---,---,---,---,---,---,---,---,---,---,---,---,---,---,---,---,---,---,---,---,---,---,---,---,---,---,---,---,---,---,---,---,---,---,---,---,
Stevens-Henager College,UT,Murray,Suburb: Large,---,---,---,---,---,---,---,---,---,---,---,---,---,---,---,---,---,---,---,---,---,---,---,---,---,---,---,---,---,---,---,---,---,---,---,---,---,---,---,---,---,---,---,---,---,---,---,---,---,---,---,---,---,---,---,---,---,---,---,---,---,---,---,---,---,---,---,---,---,---,---,---,---,---,---,---,---,---,---,---,---,---,---,---,---,---,---,---,---,---,
Stevens-Henager College of Business-Provo,UT,Orem,City: Small,---,---,---,---,---,---,---,---,---,---,---,---,---,---,---,---,---,---,---,---,---,---,---,---,---,---,---,---,---,---,---,---,---,---,---,---,---,---,---,---,---,---,---,---,---,---,---,---,---,---,---,---,---,---,---,---,---,---,---,---,---,---,---,---,---,---,---,---,---,---,---,---,---,---,---,---,---,---,---,---,---,---,---,---,---,---,---,---,---,---,
Stevens-Henager College-Ogden,UT,West Haven,Suburb: Large,---,---,---,---,---,---,---,---,---,---,---,---,---,---,---,---,---,---,---,---,---,---,---,---,---,---,---,---,---,---,---,---,---,---,---,---,---,---,---,---,---,---,---,---,---,---,---,---,---,---,---,---,---,---,---,---,---,---,---,---,---,78%,---,---,---,---,---,---,---,---,---,---,---,---,---,---,---,---,---,---,---,---,---,---,---,---,---,---,---,---,
Stone Child College,MT,Box Elder,Rural: Remote,20,---,---,100%,---,---,100%,---,No,---,---,---,---,---,---,---,---,---,---,---,---,---,---,---,---,---,---,---,---,---,---,---,---,---,---,---,---,---,---,---,---,---,---,50%,50%,---,---,1%,6%,94%,---,---,---,"$2,520","$2,520","$2,520",15,15,---,261,---,100%,---,---,---,"$4,338","$6,359",$390,"$4,952","$4,800",---,---,---,"$7,408",83%,83%,7%,17%,70%,83%,47%,---,---,---,70%,---,---,"$6,712","$6,478","$5,354",
Stonehill College,MA,Easton,Suburb: Large,"7,915",Yes,Yes,73%,88%,---,72%,3.32,No,---,---,---,---,---,---,---,---,24,---,28.5,---,---,---,---,---,---,---,---,---,---,---,---,7%,---,---,---,---,---,---,---,---,---,---,54%,46%,---,8%,5%,78%,---,2%,---,6%,"$54,500","$54,500","$74,005",290,346,647,"2,515",77%,85%,82%,"$21,379",98%,"$35,609","$31,134","$2,486","$5,110","$3,283","$9,557","$5,547","$23,546","$37,353",100%,100%,12%,13%,19%,100%,100%,73%,74%,13%,19%,"$34,474","$29,268","$21,229","$17,643","$17,388",
Sumner College,---,Portland,---,15,---,---,87%,---,---,87%,---,No,---,---,---,---,---,---,---,---,---,---,---,---,---,---,---,---,---,---,---,---,---,---,---,---,---,---,---,---,---,---,---,---,---,---,85%,15%,---,8%,14%,21%,1%,1%,4%,51%,"$29,520","$29,520","$38,430",2,11,13,514,---,---,---,---,---,---,"$26,716",---,"$4,207",---,"$10,897","$7,625","$8,793","$4,281",88%,55%,---,---,55%,88%,---,88%,88%,33%,55%,"$30,997","$30,035","$27,800","$28,386","$27,261",
SUNY at Albany,NY,Albany,City: Small,"32,446",No,Yes,69%,---,86%,60%,3.7,No,31.80%,13.20%,15.60%,13.90%,0.10%,---,5.40%,20%,24,---,30,---,---,---,---,---,---,---,---,---,---,---,---,1%,580,---,670,650,---,---,---,570,---,10%,56%,44%,---,20%,25%,38%,---,11%,---,6%,"$10,866","$31,256","$32,773","1,239","1,576","2,836","12,666",56%,84%,64%,"$2,226",75%,"$4,344","$19,165","$1,112","$5,503","$4,268","$7,297","$5,276","$14,453","$9,747",97%,93%,15%,57%,46%,97%,92%,60%,61%,9%,46%,"$25,009","$20,811","$19,850","$15,895","$13,066",
SUNY College of Environmental Science and Forestry,NY,Syracuse,City: Midsize,"3,745",No,Yes,63%,---,---,63%,3.68,No,17.23%,33.73%,5.02%,12.68%,---,---,3.59%,27.75%,---,---,---,---,---,---,---,---,---,---,---,---,---,---,---,---,---,---,---,---,---,---,---,---,---,---,44%,49%,8%,11%,3%,76%,---,3%,---,6%,"$9,270","$23,230","$30,310",204,183,398,"1,984",55%,87%,66%,"$3,654",65%,"$5,623","$19,644",$998,"$5,470","$4,043","$8,292","$5,007","$16,741","$8,675",96%,94%,16%,36%,22%,96%,94%,53%,54%,11%,22%,"$23,955","$20,248","$18,458","$10,770","$8,211",
SUNY Maritime College,NY,Throggs Neck,City: Large,"1,737",Yes,No,72%,92%,---,71%,88.2,Yes,23.34%,20%,25.73%,16.71%,6.63%,---,8.49%,18.83%,22,24,28,---,---,---,---,---,---,---,---,---,---,---,---,5%,570,600,640,648,1200,1285,600,553,1091,27%,12%,88%,---,19%,6%,64%,---,3%,---,8%,"$8,540","$18,450","$29,786",333,45,277,"1,286",52%,82%,66%,"$3,767",8%,"$3,782","$20,398",$534,"$5,731","$5,274","$9,759","$5,124","$18,849","$8,231",81%,63%,5%,41%,19%,79%,51%,46%,46%,12%,19%,"$26,193","$21,922","$22,225","$15,378","$14,478",
Susquehanna University,PA,Selinsgrove,Town: Distant,"5,974",Yes,Yes,79%,55%,---,79%,3.7,No,33.30%,20.70%,7.80%,10.80%,1.50%,---,9.20%,16.60%,22,25,31,34,---,---,25,22,---,18,---,---,24,29,---,6%,550,620,660,630,1210,1290,590,540,1090,45%,56%,44%,---,8%,7%,78%,---,2%,---,6%,"$57,400","$57,400","$76,000",255,323,578,"2,185",70%,86%,74%,"$42,758",97%,"$42,577","$27,258","$4,032","$5,039","$4,171","$9,052","$5,394","$16,383","$45,318",95%,95%,4%,28%,25%,95%,95%,70%,75%,19%,26%,"$30,833","$25,432","$24,048","$17,536","$20,251",
Swarthmore College,PA,Swarthmore,Suburb: Large,"13,065",Yes,No,7%,18%,---,6%,---,---,---,---,---,---,---,---,---,---,33,34,35,36,---,---,35,35,---,31,---,---,33,35,---,16%,740,750,770,790,1530,1560,780,750,1460,39%,52%,48%,---,18%,11%,35%,1%,19%,---,16%,"$69,226","$69,226","$93,172",203,224,415,"1,623",75%,94%,92%,---,---,"$59,421","$17,930","$2,876","$5,377","$4,446","$5,970","$5,092","$11,940","$62,084",60%,53%,5%,5%,20%,55%,53%,8%,8%,1%,20%,"$47,429","$20,977","$8,292","$5,592","$8,580",
Sweet Briar College,VA,Sweet Briar,Suburb: Midsize,"1,136",Yes,Yes,72%,78%,65%,72%,3.88,No,28.60%,18.60%,13.70%,11.80%,0.60%,---,7.50%,19.30%,21,25,27,29,---,---,23,20,---,17,---,---,20,24,---,9%,560,630,670,640,1230,1310,600,540,1100,25%,100%,---,---,5%,10%,75%,1%,3%,---,5%,"$25,740","$25,740","$43,870",---,138,138,464,59%,77%,61%,"$17,378",100%,"$12,388","$25,598",$827,"$5,077","$4,456","$7,493","$7,414","$3,000","$15,880",99%,99%,27%,44%,30%,99%,98%,49%,49%,1%,30%,"$31,184","$26,738","$20,468","$18,456","$16,674",
Syracuse University,NY,Syracuse,City: Midsize,"44,296",Yes,No,46%,58%,---,45%,3.75,No,30%,22%,9%,15%,---,---,2%,22%,29,30,32,35,---,---,31,29,---,26,---,---,28,31,---,9%,640,670,720,720,1340,1430,670,630,1260,22%,57%,43%,---,14%,9%,62%,1%,8%,---,7%,"$68,429","$68,429","$92,061","1,639","2,185","3,672","15,958",72%,90%,84%,"$18,253",53%,"$27,583","$51,520","$2,051","$5,299","$4,442","$12,630","$5,222","$33,651","$29,110",84%,82%,10%,10%,13%,84%,81%,29%,31%,7%,13%,"$55,337","$31,776","$19,633","$16,002","$21,505",
Texas A&M University-College Station,TX,College Station,City: Midsize,"54,905",No,Yes,57%,---,---,57%,---,---,---,---,---,---,---,---,---,---,25,28,31,33,---,---,27,24,---,24,---,---,26,30,---,19%,580,630,690,710,1260,1380,630,570,1140,71%,50%,50%,---,26%,2%,53%,---,14%,---,5%,"$12,928","$40,157","$32,486","5,415","5,513","13,753","60,710",61%,94%,84%,"$5,474",25%,"$7,887","$21,610",$851,"$5,262","$6,001","$8,772","$5,072","$18,597","$11,607",77%,61%,8%,21%,20%,69%,59%,28%,30%,6%,20%,"$29,548","$26,336","$18,685","$12,597","$12,273",
Texas Southern University,TX,Houston,City: Large,"7,867",No,No,93%,---,---,93%,3,No,2%,6%,20%,16%,6%,---,40%,10%,15,17,19,19,---,---,16,13,---,15,---,---,16,17,---,18%,420,470,510,490,900,1000,430,380,800,48%,66%,34%,---,7%,87%,1%,---,1%,---,4%,"$9,173","$21,473","$31,919",518,"1,018","1,657","6,619",8%,57%,23%,---,---,"$3,186","$15,021",$774,"$5,132","$3,727","$6,368","$5,917","$14,881","$9,437",98%,97%,15%,51%,80%,98%,84%,70%,71%,2%,80%,---,---,"$19,237","$19,676","$19,738",
Texas Tech University,TX,Lubbock,City: Large,"34,356",No,No,73%,---,---,73%,3.62,No,4.10%,33.60%,6.20%,17.10%,0.50%,---,2.90%,35.60%,23,25,28,28,---,---,23,21,---,21,---,---,24,27,---,11.20%,550,590,640,640,1170,1270,580,540,1090,33.10%,53%,47%,---,31%,6%,53%,---,4%,---,6%,"$11,852","$24,152","$28,525","3,162","3,543","7,217","32,580",47%,85%,69%,"$4,215",67%,"$7,412","$16,773","$1,805","$5,455","$5,029","$8,561","$5,298","$15,172","$10,636",86%,71%,3%,22%,26%,83%,66%,42%,44%,10%,26%,"$24,903","$23,239","$18,376","$15,173","$13,922",
The Art Center Design College-Tucson,AZ,Tucson,City: Large,---,---,---,---,---,---,---,---,---,---,---,---,---,---,---,---,---,---,---,---,---,---,---,---,---,---,---,---,---,---,---,---,---,---,---,---,---,---,---,---,---,---,---,---,---,---,---,---,---,---,---,---,---,---,---,---,---,---,---,---,---,---,---,---,---,---,---,---,---,---,---,---,---,---,---,---,---,---,---,---,---,---,---,---,---,---,---,---,---,---,
The Catholic University of America,DC,Washington,City: Large,"6,714",Yes,Yes,83%,---,---,83%,3.5,No,6.36%,25.45%,14.52%,18.53%,0.56%,---,11.76%,22.82%,---,---,---,---,---,---,---,---,---,---,---,---,---,---,---,---,---,---,---,---,---,---,---,---,---,---,52%,48%,---,23%,9%,55%,---,3%,---,10%,"$60,416","$60,416","$85,630",356,386,861,"3,177",73%,87%,80%,"$33,820",87%,"$36,624","$35,008","$1,945","$4,747","$3,033","$9,500","$5,175","$23,363","$38,232",99%,99%,17%,4%,21%,99%,99%,58%,58%,11%,21%,"$39,898","$31,131","$25,667","$19,709","$22,216",
The College of Idaho,ID,Caldwell,Suburb: Midsize,"4,553",No,Yes,47%,---,---,47%,---,---,---,---,---,---,---,---,---,---,20,24,28,---,---,---,---,---,---,---,---,---,---,---,---,17%,530,590,620,620,1160,1270,570,540,1080,41%,56%,44%,---,20%,2%,64%,1%,2%,1%,10%,"$39,090","$39,090","$55,563",131,165,297,"1,049",56%,77%,64%,"$22,482",47%,"$24,744","$22,602",$928,"$5,026","$2,140","$6,373","$5,062","$12,461","$25,927",100%,100%,19%,2%,28%,100%,98%,49%,49%,5%,28%,"$25,125","$21,946","$17,013","$18,437","$15,367",
The College of New Jersey,NJ,Ewing,Suburb: Large,"12,766",Yes,No,62%,75%,---,62%,---,---,---,---,---,---,---,---,---,---,26,28,31,---,---,---,---,---,---,24,---,---,26,29.5,---,3%,570,620,670,670,1240,1340,620,570,1140,39%,57%,43%,---,18%,6%,59%,---,10%,---,7%,"$20,398","$26,762","$43,290",674,886,"1,547","7,435",75%,91%,86%,"$4,883",42%,"$9,442","$22,379","$1,434","$5,115","$8,567","$11,187","$5,243","$20,661","$13,824",85%,62%,4%,20%,24%,80%,57%,48%,50%,15%,24%,"$33,080","$28,825","$20,638","$14,506","$12,814",
The College of Saint Scholastica,MN,Duluth,City: Small,"1,605",No,No,94%,---,---,94%,3.46,No,5.47%,28.94%,13.18%,15.76%,2.25%,0.30%,14.15%,19.94%,21,24,27,26,---,---,22,21,---,21,---,---,23,27,---,24.10%,---,---,---,---,---,---,---,---,---,0.30%,60%,40%,---,4%,5%,78%,1%,3%,---,9%,"$43,050","$43,050","$59,628",137,208,349,"1,755",53%,78%,63%,"$22,319",65%,"$25,130","$23,913","$4,205","$4,785","$6,347","$10,267","$5,152","$13,517","$28,853",100%,98%,11%,34%,23%,100%,97%,55%,57%,22%,24%,"$29,389","$25,155","$18,824","$17,452","$14,932",
The College of Wooster,OH,Wooster,Town: Distant,"5,473",Yes,Yes,60%,39%,72%,48%,3.74,No,38%,17%,8%,12%,2%,---,8%,17%,27,30,33,34,---,---,31,26,---,25,---,---,28,30,---,22%,630,690,740,720,1360,1450,670,590,1250,25%,52%,48%,---,6%,11%,71%,---,5%,---,6%,"$64,210","$64,210","$82,060",177,193,452,"1,738",63%,82%,74%,"$39,386",100%,"$42,063","$29,529","$1,213","$5,240","$3,873","$8,098","$4,990","$18,030","$43,534",100%,100%,19%,7%,19%,100%,100%,44%,46%,8%,19%,"$32,701","$26,899","$23,052","$14,787","$15,018",
The Cooper Union for the Advancement of Science and Art,NY,New York,City: Large,"1,790",---,---,19%,---,---,19%,3.75,No,---,---,---,---,---,---,---,---,33,33,34,35,---,---,34,33,---,32,---,---,34,35,---,9%,680,720,740,780,1480,1520,760,720,1400,43%,53%,47%,---,13%,5%,37%,---,32%,---,12%,"$46,820","$46,820","$69,546",85,95,180,898,64%,93%,83%,---,---,"$37,278","$28,199","$3,833","$5,657","$2,919","$7,657","$5,006","$27,290","$39,187",100%,100%,5%,9%,25%,100%,100%,29%,30%,3%,29%,"$31,201","$11,674","$12,057","$8,563","$8,188",
The Evergreen State College,WA,Olympia,Suburb: Midsize,"1,300",Yes,No,96%,---,---,96%,3.2,No,2%,9%,20%,15%,13%,---,23%,14%,23,26,29,30,---,---,23,23,---,19,---,---,19,26,---,5%,540,600,663,590,1130,1260,530,495,890,7%,56%,44%,---,15%,7%,56%,4%,2%,1%,15%,"$9,618","$33,006","$23,289",131,170,364,"2,303",29%,73%,42%,"$2,126",13%,"$6,599","$18,480","$1,741","$5,299","$5,776","$5,667","$5,040","$19,294","$10,278",88%,85%,8%,34%,35%,88%,75%,43%,44%,2%,35%,"$25,934","$25,683","$24,430","$20,956","$19,969",
The Juilliard School,NY,New York,City: Large,"2,020",No,No,9%,---,---,9%,---,---,---,---,---,---,---,---,---,---,---,---,---,---,---,---,---,---,---,---,---,---,---,---,---,---,---,---,---,---,---,---,---,---,---,---,52%,48%,---,15%,11%,44%,---,18%,1%,11%,"$57,650","$57,650","$86,282",46,49,95,619,84%,97%,90%,"$22,854",69%,"$37,615","$42,468","$1,354","$5,467","$5,665","$5,545","$5,450","$8,495","$38,649",95%,94%,12%,1%,13%,94%,94%,29%,30%,1%,13%,"$48,999","$34,340","$30,694","$15,645","$19,135",
The University of Alabama,AL,Tuscaloosa,City: Midsize,"56,795",No,No,77%,---,---,77%,3.86,No,42%,19%,8%,12%,1%,---,3%,16%,22,27,30,32,---,---,27,21,---,19,---,---,26,28,---,54%,560,640,670,680,1280,1400,640,540,1170,20%,58%,42%,---,8%,12%,72%,---,1%,---,7%,"$12,484","$35,342","$34,528","3,336","4,637","8,279","34,389",56%,90%,74%,"$19,109",73%,"$16,096","$21,761","$2,305","$5,202",$969,"$11,983","$5,310","$26,980","$16,394",84%,72%,4%,5%,20%,83%,66%,37%,40%,11%,20%,"$25,773","$25,396","$23,056","$19,928","$18,592",
The University of Montana,MT,Missoula,City: Small,"9,576",No,No,96%,---,---,96%,3.39,No,14%,21%,12%,13%,7%,---,13%,18%,21,24,27,27,---,---,---,19,---,18,---,---,---,26,---,36%,560,---,670,620,---,---,---,520,---,8%,57%,43%,---,6%,1%,72%,3%,1%,---,16%,"$11,176","$36,384","$32,730","1,166","1,522","1,652","8,014",33%,75%,49%,"$7,174",68%,"$8,199","$17,775",$555,"$4,941","$3,046","$7,482","$5,174","$17,642","$9,208",93%,87%,13%,9%,29%,91%,76%,50%,50%,7%,29%,"$20,648","$18,911","$17,795","$15,563","$14,521",
The University of Montana-Western,MT,Dillon,Town: Remote,793,No,No,99%,---,---,99%,3.3,No,5%,20%,12%,15%,8%,---,15%,22%,---,---,---,---,---,---,---,---,---,---,---,---,---,---,---,---,---,---,---,---,---,---,---,---,---,---,59%,40%,2%,4%,1%,81%,6%,1%,1%,6%,"$6,430","$19,038","$21,712",118,175,300,"1,440",25%,79%,47%,"$1,775",1%,"$4,873","$15,726",$439,"$5,004","$4,487","$14,879","$15,646","$7,365","$8,091",86%,62%,11%,46%,31%,79%,44%,37%,41%,4%,32%,"$18,898","$18,511","$16,516","$15,286","$15,093",
The University of Tampa,FL,Tampa,City: Large,"37,954",Yes,Yes,40%,57%,54%,17%,3.6,No,5.74%,30.86%,11.39%,20.99%,---,---,3.58%,27.44%,---,---,---,---,---,---,---,---,---,---,---,---,---,---,---,---,---,---,---,---,---,---,---,---,---,---,58%,42%,---,14%,3%,74%,---,2%,---,7%,"$35,744","$35,744","$58,516","1,077","1,463","2,505","10,594",55%,85%,64%,"$12,806",52%,"$12,361","$35,975","$1,309","$4,797","$3,708","$8,410","$5,522","$13,595","$13,897",97%,95%,10%,20%,14%,97%,94%,77%,77%,17%,14%,"$37,275","$33,835","$33,645","$29,966","$30,631",
The University of Tennessee-Knoxville,TN,Knoxville,City: Midsize,"59,764",---,---,42%,---,---,42%,4.17,Yes,72.10%,12.89%,1.63%,4.48%,0.04%,---,0.67%,8.13%,25,28,31,32,---,---,28,24,---,24,---,---,26,29,---,81%,600,630,680,690,1260,1340,630,600,1190,24%,53%,47%,---,7%,4%,79%,---,4%,---,7%,"$13,812","$32,956","$35,410","3,198","3,596","6,694","30,564",56%,92%,74%,"$5,871",77%,"$7,539","$20,885","$1,269","$5,240","$5,431","$10,134","$5,208","$23,030","$11,491",90%,85%,7%,52%,17%,89%,78%,29%,32%,7%,17%,"$25,438","$23,297","$18,820","$12,714","$9,397",
The University of Texas at Austin,TX,Austin,City: Large,"72,885",No,---,27%,---,---,27%,---,---,---,---,---,---,---,---,---,---,27,31,33,35,---,---,32,26,---,25,---,---,29,33,---,20%,620,680,730,760,1370,1490,690,610,1230,63%,58%,42%,---,30%,5%,32%,---,27%,---,7%,"$11,476","$45,558","$32,962","3,802","5,254","9,385","43,165",73%,97%,89%,"$3,998",8%,"$4,449","$18,036",$902,"$5,262","$7,410","$6,066","$5,138","$18,848","$12,060",69%,47%,2%,32%,27%,56%,40%,29%,30%,2%,27%,"$28,972","$25,697","$18,618","$15,543","$12,972",
The University of the South,TN,Sewanee,Rural: Distant,"4,703",Yes,Yes,57%,55%,80%,31%,---,---,---,---,---,---,---,---,---,---,26,29,31,34,---,---,33,26,---,24,---,---,27,29,---,43%,620,660,700,680,1305,1398,645,590,1236,20%,50%,48%,2%,6%,4%,85%,---,1%,---,4%,"$58,226","$58,226","$77,184",230,240,449,"1,644",73%,89%,80%,"$27,492",88%,"$32,944","$33,616","$3,773","$5,137","$6,148","$5,316","$5,157","$4,483","$35,088",97%,97%,4%,19%,14%,97%,97%,34%,34%,1%,14%,"$37,122","$26,923","$18,421","$14,429","$10,970",
Thomas Aquinas College,CA,Santa Paula,Rural: Distant,168,No,No,80%,---,---,80%,3.78,No,19%,51%,2%,16%,---,---,1%,12%,27,29,33,35,---,---,30,29,---,22,---,---,27,29,---,13%,640,640,730,730,1250,1330,610,580,1160,46%,48%,52%,---,23%,---,64%,---,2%,1%,10%,"$31,000","$31,000","$46,934",49,45,143,372,82%,92%,84%,---,---,"$14,254","$23,039",---,"$4,994","$10,458","$3,799","$3,571","$7,332","$16,961",74%,66%,---,7%,24%,74%,65%,68%,71%,4%,24%,"$28,063","$25,048","$19,464","$18,508","$16,761",
Thomas College,ME,Waterville,Rural: Fringe,853,No,No,97%,---,---,97%,---,---,---,---,---,---,---,---,---,---,---,---,---,---,---,---,---,---,---,---,---,---,---,---,---,---,---,---,---,---,---,---,---,---,---,---,49%,51%,---,3%,6%,83%,1%,1%,---,7%,"$64,172","$64,172","$80,526",98,96,194,"1,581",33%,79%,45%,"$17,000",92%,"$21,251","$18,882","$1,309","$5,148","$2,483","$7,671","$5,432","$11,726","$24,868",100%,100%,39%,36%,40%,100%,100%,83%,84%,17%,40%,"$24,441","$20,590","$16,595","$14,423","$14,911",
Tougaloo College,MS,Tougaloo,City: Midsize,"1,976",Yes,No,8%,---,---,8%,2.8,No,---,---,---,---,---,---,---,---,---,---,---,---,---,---,---,---,---,---,---,---,---,---,---,---,---,---,---,---,---,---,---,---,---,---,59%,41%,---,2%,90%,---,---,---,---,7%,"$13,394","$13,394","$22,562",51,74,129,725,19%,82%,31%,---,27%,"$3,452","$12,158","$1,076","$5,655","$4,221","$7,332","$6,804","$6,642","$10,175",100%,88%,78%,58%,78%,90%,56%,51%,51%,4%,78%,"$22,070","$21,470","$21,637","$15,342","$14,824",
Touro University Worldwide,CA,Los Angeles,Suburb: Large,---,---,---,---,---,---,---,---,No,---,---,---,---,---,---,---,---,---,---,---,---,---,---,---,---,---,---,---,---,---,---,---,---,---,---,---,---,---,---,---,---,---,---,91%,9%,---,7%,25%,33%,1%,3%,1%,30%,"$20,120","$20,120","$46,642",2,21,---,413,36%,90%,50%,---,---,"$2,441","$18,428","$2,000","$6,041","$8,257","$6,929","$6,929",---,"$10,588",87%,83%,26%,61%,52%,87%,22%,30%,30%,---,52%,"$17,452","$19,620","$18,397","$14,353","$15,310",
Trevecca Nazarene University,TN,Nashville,City: Large,"2,448",Yes,No,69%,---,---,69%,3.47,No,7.47%,27.91%,12.31%,15.16%,2.86%,---,13.85%,20.44%,18,21,24,25,---,---,21,18,---,16,---,---,19,23.5,---,84%,510,550,610,625,1090,1193,540,470,973,16%,60%,40%,---,16%,12%,60%,1%,2%,---,8%,"$33,300","$33,300","$48,330",182,274,375,"1,903",44%,73%,52%,---,---,"$17,287","$16,222","$1,839","$4,966","$6,226","$6,337","$5,026","$12,661","$22,579",100%,100%,7%,55%,33%,100%,100%,38%,39%,4%,33%,"$19,093","$17,725","$12,303","$11,298","$11,013",
Trident University International,---,Cypress,---,---,No,No,---,---,---,---,---,No,---,---,---,---,---,---,---,---,---,---,---,---,---,---,---,---,---,---,---,---,---,---,---,---,---,---,---,---,---,---,---,---,---,---,---,---,---,---,---,---,---,---,---,---,"$12,450","$12,450","$22,936",---,---,---,---,---,---,---,"$6,639",1%,---,---,---,---,---,---,---,---,---,---,---,---,---,---,---,---,---,---,---,---,---,---,---,---,---,
Trinidad State College,CO,Trinidad,Town: Remote,"1,834",No,No,100%,---,---,100%,---,---,---,---,---,---,---,---,---,---,---,---,---,---,---,---,---,---,---,---,---,---,---,---,---,---,---,---,---,---,---,---,---,---,---,---,45%,55%,---,45%,8%,36%,2%,1%,1%,7%,"$4,573","$7,283","$18,725",150,121,---,"1,636",---,67%,---,---,---,"$5,467","$11,323","$1,016","$5,928","$3,520","$6,251","$5,560","$11,767","$8,776",100%,100%,95%,46%,58%,100%,49%,19%,20%,1%,95%,"$21,373","$17,590","$12,281","$10,089","$10,546",
Trinity College,CT,Hartford,City: Midsize,"7,460",Yes,No,29%,44%,---,28%,---,---,---,---,---,---,---,---,---,---,30,31,34,35,---,---,32,29,---,27,---,---,28,33,---,3%,658,690,740,730,1390,1460,700,640,1310,7%,51%,49%,---,12%,7%,68%,---,5%,---,8%,"$73,590","$73,590","$95,840",265,276,579,"2,204",77%,90%,84%,"$23,543",20%,"$50,051","$31,806","$1,893","$5,383","$4,638","$9,530","$5,100","$19,981","$51,240",72%,67%,5%,1%,12%,71%,67%,37%,42%,10%,12%,"$46,149","$26,084","$18,756","$16,202","$19,032",
Trinity College of Nursing & Health Sciences,IL,Rock Island,City: Small,"40,462",Yes,No,81%,---,---,81%,3.42,No,---,---,---,---,---,---,---,---,18,---,24,---,---,---,---,---,---,---,---,---,---,---,---,46%,---,---,---,---,---,---,---,---,---,---,---,---,---,13%,7%,55%,---,10%,1%,12%,---,---,---,---,---,---,59,50%,100%,50%,---,---,---,---,---,"$4,542",---,---,---,---,---,---,---,---,---,---,---,---,---,---,---,---,---,---,---,---,---,
Trinity University,TX,San Antonio,City: Large,"12,506",Yes,Yes,26%,48%,---,25%,3.75,No,22%,39%,4%,13%,---,---,1%,21%,30,32,34,35,---,---,33,30,---,26,---,---,29,32,---,15%,660,700,740,740,1390,1465,690,640,1320,33%,54%,46%,---,26%,5%,53%,---,9%,---,7%,"$56,496","$56,496","$74,298",298,351,659,"2,518",72%,93%,84%,"$27,801",94%,"$31,314","$32,264","$1,989","$5,495","$4,028","$8,079","$5,109","$10,715","$33,524",99%,99%,16%,24%,17%,99%,99%,31%,31%,9%,17%,"$35,186","$24,156","$15,774","$12,334","$14,184",
Trinity Washington University,DC,Washington,City: Large,"1,114",No,No,99%,---,---,99%,---,---,---,---,---,---,---,---,---,---,---,---,---,---,---,---,---,---,---,---,---,---,---,---,---,---,---,---,---,---,---,---,---,---,---,---,100%,---,---,34%,59%,1%,---,1%,---,5%,"$27,135","$27,135","$39,535",---,208,259,"1,604",20%,71%,38%,"$10,658",60%,"$13,743","$12,704","$2,181","$4,859","$8,575","$4,891","$4,726","$4,805","$21,814",98%,98%,16%,45%,67%,98%,98%,44%,44%,2%,67%,"$20,561","$17,830","$13,393","$11,256","$11,164",
Tufts University,MA,Medford,Suburb: Large,"34,330",Yes,No,12%,---,---,12%,---,---,---,---,---,---,---,---,---,---,33,34,35,---,---,---,---,---,---,---,---,---,---,---,---,18%,720,740,770,790,1510,1550,770,750,1460,38%,56%,41%,3%,12%,7%,46%,---,19%,---,16%,"$73,616","$73,616","$96,028",745,"1,013","1,739","7,126",82%,96%,94%,"$45,237",6%,"$49,709","$33,333",$806,"$5,569","$4,009","$8,657","$3,751","$11,848","$51,267",46%,41%,11%,3%,12%,44%,41%,19%,20%,8%,12%,"$53,400","$26,964","$14,963","$11,995","$10,526",
Tulane University,LA,New Orleans,City: Large,"32,609",Yes,Yes,14%,59%,---,11%,3.7,No,12.81%,40.27%,4.41%,11.28%,0.44%,---,1.69%,28.99%,31,32,34,35,---,---,34,31,---,27,---,---,29,33,---,28%,700,720,750,770,1450,1510,730,700,1390,13%,63%,37%,---,12%,6%,69%,---,6%,---,7%,"$71,998","$71,998","$94,554",685,"1,153","1,867","7,283",78%,93%,86%,"$21,264",35%,"$31,406","$50,631","$3,328","$4,857","$6,464","$9,543","$5,166","$36,426","$33,074",64%,60%,10%,8%,9%,63%,59%,23%,24%,3%,11%,"$58,219","$36,543","$26,839","$22,974","$20,957",
Union College,NY,Schenectady,City: Small,"8,210",Yes,Yes,44%,42%,53%,38%,3.7,No,14%,23%,12%,23%,1%,---,5%,21%,29,32,33,35,---,---,33,29,---,27,---,---,29,32,---,11%,660,690,720,760,1400,1480,710,650,1310,32%,47%,53%,---,12%,5%,70%,---,8%,---,4%,"$71,676","$71,676","$91,416",263,237,550,"2,065",72%,90%,81%,"$24,885",80%,"$36,993","$42,884",$875,"$5,317","$7,670","$7,738","$4,931","$13,200","$38,751",95%,94%,15%,10%,15%,95%,94%,46%,50%,12%,15%,"$48,517","$28,376","$21,768","$15,506","$15,257",
Union Commonwealth University,KY,Barbourville,Town: Remote,834,Yes,Yes,55%,42%,---,66%,3.7,No,14%,23%,12%,23%,1%,---,5%,21%,14,17,21,21,---,---,16,13,---,15,---,---,17,21,---,59%,460,500,560,545,1020,1105,520,460,920,16%,28%,72%,---,4%,17%,69%,1%,1%,1%,7%,"$71,676","$71,676","$91,416",141,55,198,737,72%,58%,81%,"$24,885",80%,"$16,918","$19,223","$1,071","$5,720","$7,517","$5,924","$5,299","$4,409","$24,684",98%,98%,13%,57%,56%,98%,98%,69%,71%,13%,57%,"$44,375","$44,375","$25,500","$15,306","$12,372",
United States Air Force Academy,CO,USAFA,Town: Fringe,"9,543",---,No,14%,---,---,14%,3.8,No,22.30%,60.20%,1.60%,5.60%,---,---,1.60%,8.70%,26,30,33,34,---,---,30,25,---,25,---,---,28,31,---,38%,620,670,710,740,1350,1450,680,630,1250,62%,29%,71%,---,12%,6%,64%,---,7%,1%,10%,---,---,---,753,301,"1,054","4,124",86%,96%,89%,---,---,---,---,---,---,---,---,---,---,---,---,---,---,---,---,---,---,---,---,---,---,---,---,---,---,---,
United States Military Academy,NY,West  Point,Town: Fringe,"12,320",No,No,12%,---,---,12%,4.1,Yes,75.57%,8.67%,2.05%,3.07%,0.16%,---,0.55%,9.85%,27,31,33,34,---,---,31,26,---,26,---,---,29,32,---,32%,600,660,710,720,1330,1430,670,600,1200,68%,22%,78%,---,12%,9%,64%,1%,12%,1%,2%,---,---,---,931,264,"1,210","4,473",84%,95%,87%,---,---,---,---,---,---,---,---,---,---,---,---,---,---,---,---,---,---,---,---,---,---,---,---,---,---,---,
United States Naval Academy,MD,Annapolis,Suburb: Large,"14,727",Yes,Yes,9%,---,---,9%,---,---,---,---,---,---,---,---,---,---,24,28,31,33,---,---,28,24,---,25,---,---,27,30,---,45%,600,650,700,720,1300,1420,650,600,1200,74%,32%,68%,---,15%,6%,59%,---,10%,---,10%,---,---,---,792,365,"1,175","4,465",87%,96%,90%,---,---,---,---,---,---,---,---,---,---,---,---,---,---,---,---,---,---,---,---,---,---,---,---,---,---,---,
United States University,---,National City,---,"1,290",---,---,82%,---,---,82%,---,No,---,---,---,---,---,---,---,---,---,---,---,---,---,---,---,---,---,---,---,---,---,---,---,---,---,---,---,---,---,---,---,---,---,---,---,---,---,32%,9%,42%,1%,8%,2%,5%,"$6,600","$6,600","$8,200",---,---,---,178,---,---,---,---,---,---,"$20,197",---,"$4,320","$9,465","$12,168","$12,168",---,"$8,161",32%,26%,---,11%,26%,32%,---,26%,26%,---,26%,---,---,---,---,"$21,557",
Unitek College,---,Fremont,---,5,---,---,40%,---,---,40%,---,No,---,---,---,---,---,---,---,---,---,---,---,---,---,---,---,---,---,---,---,---,---,---,---,---,---,---,---,---,---,---,---,---,---,---,82%,18%,---,28%,5%,10%,1%,27%,2%,28%,"$35,284","$35,284","$36,294",60,274,---,"5,191",---,86%,---,---,---,---,"$23,984","$1,145","$4,298","$6,750","$8,244","$6,643","$13,575","$4,460",76%,58%,8%,2%,58%,76%,---,58%,65%,11%,58%,---,"$28,357","$28,357","$25,980","$25,388",
Universidad del Sagrado Corazon,PR,Santurce,City: Large,"3,638",No,No,53%,---,---,53%,2.99,No,---,---,---,---,---,---,---,---,---,---,---,---,---,---,---,---,---,---,---,---,---,---,---,---,---,---,---,---,---,---,---,---,---,---,68%,32%,---,100%,---,---,---,---,---,---,"$6,830","$6,830","$26,130",306,640,977,"4,099",13%,79%,39%,---,---,"$2,384","$13,076",$733,"$5,756",$598,"$4,477","$4,327","$12,000","$6,596",91%,88%,22%,5%,81%,91%,27%,10%,10%,---,81%,"$19,383","$17,318","$15,784","$12,926","$12,215",
University at Buffalo,NY,Buffalo,Suburb: Large,"40,856",No,Yes,74%,---,82%,70%,3.7,No,36.20%,13.40%,11.60%,11.20%,0.10%,---,6.70%,20.80%,27,30,32,33,---,---,29,25,---,26,---,---,28,31,---,2.60%,600,640,680,700,1290,1380,650,610,1210,28%,45%,55%,---,11%,11%,49%,1%,21%,---,8%,"$11,036","$32,466","$35,850","2,331","1,907","4,271","20,360",60%,85%,75%,"$4,561",27%,"$3,886","$20,511",$684,"$5,570","$4,796","$7,787","$5,091","$14,718","$9,996",86%,74%,22%,51%,38%,86%,68%,50%,51%,10%,38%,"$26,546","$23,286","$21,261","$16,624","$14,240",
University of Advancing Technology,---,Tempe,---,804,No,No,95%,---,---,95%,2.5,No,---,---,---,---,---,---,---,---,---,---,---,---,---,---,---,---,---,---,---,---,---,---,---,---,---,---,---,---,---,---,---,---,---,---,25%,75%,---,18%,14%,47%,2%,3%,---,17%,"$26,400","$26,400","$26,400",85,28,171,892,41%,79%,42%,---,---,"$7,344","$21,148",$229,"$4,593","$2,138","$11,800","$6,317","$17,504","$10,332",98%,96%,31%,4%,50%,98%,93%,81%,81%,25%,50%,"$22,822","$23,343","$21,699","$18,608","$19,401",
University of Alaska Anchorage,AK,Anchorage,City: Large,"4,184",No,No,60%,---,---,60%,3.14,No,---,20%,14%,15%,10%,---,23%,15%,17,---,24,23,---,---,---,14,---,16,---,---,---,21.5,---,7.09%,530,---,620,590,---,---,---,490,---,11.10%,55%,45%,---,10%,4%,48%,6%,12%,1%,18%,"$8,824","$26,824","$31,037",413,500,"1,306","9,965",13%,71%,28%,"$5,570",65%,"$3,515","$13,931",$565,"$4,344","$4,295","$6,484","$5,089","$16,170","$7,545",83%,76%,14%,46%,32%,81%,58%,20%,20%,2%,34%,"$19,563","$18,947","$13,543","$11,993","$11,436",
University of Alaska Fairbanks,AK,Fairbanks,Suburb: Small,"3,677",No,No,62%,---,---,62%,3.37,No,---,31%,10%,17%,6%,---,13%,19%,18,---,25,24,---,---,---,16,---,16,---,---,---,25,---,11%,550,---,670,640,---,---,---,520,---,14%,51%,49%,---,10%,3%,54%,13%,3%,---,17%,"$10,920","$27,900","$26,210",342,353,---,"5,912",25%,74%,39%,"$5,570",65%,"$6,016","$9,985",$485,"$4,237","$5,283","$7,454","$5,277","$15,497","$10,102",89%,84%,15%,47%,30%,88%,71%,25%,27%,4%,30%,"$16,203","$13,515","$9,719","$8,206","$7,494",
University of Alaska Southeast,AK,Juneau,Town: Remote,346,---,---,63%,---,---,63%,---,---,---,---,---,---,---,---,---,---,---,---,---,---,---,---,---,---,---,---,---,---,---,---,---,11.50%,---,---,---,---,---,---,---,---,---,16.40%,56%,44%,---,10%,2%,54%,10%,7%,---,18%,"$6,960","$21,096","$27,128",40,50,148,"1,768",7%,77%,21%,"$3,545",31%,"$3,823","$8,488",$889,"$4,283","$5,087","$7,022","$5,429","$13,133","$7,974",81%,76%,8%,43%,30%,78%,59%,25%,28%,5%,30%,"$11,405","$11,027","$12,084","$3,510","$4,340",
University of Antelope Valley,---,Lancaster,---,---,---,---,---,---,---,---,---,---,---,---,---,---,---,---,---,---,---,---,---,---,---,---,---,---,---,---,---,---,---,---,---,---,---,---,---,---,---,---,---,---,---,---,---,---,---,44%,20%,13%,2%,2%,1%,18%,---,---,---,---,---,---,453,26%,58%,37%,---,---,"$5,448","$6,532","$1,918","$5,431","$6,948","$6,081","$6,081",---,"$10,645",55%,53%,36%,8%,38%,55%,37%,36%,36%,---,44%,---,---,"$6,048","$2,176",---,
University of Arizona,AZ,Tucson,City: Large,"58,339",No,No,86%,---,---,86%,3.47,No,14%,24%,12%,14%,2%,---,17%,17%,21,26,28,29,---,---,25,20,---,21,---,---,25,28,---,18%,560,640,670,680,1280,1420,640,560,1160,11%,60%,40%,---,29%,5%,48%,2%,5%,---,12%,"$13,573","$39,903","$35,369","3,498","5,245","9,158","45,025",49%,83%,68%,"$11,450",90%,"$15,095","$18,144","$1,112","$5,146","$3,597","$7,484","$5,013","$19,862","$16,511",98%,97%,9%,7%,21%,98%,96%,26%,28%,4%,22%,"$20,936","$20,124","$15,497","$13,789","$12,043",
University of Arkansas,AR,Fayetteville,City: Small,"30,549",No,Yes,74%,---,86%,42%,3.82,No,---,56%,6%,14%,---,---,2%,21%,21,24,28,28,---,---,24,20,---,18,---,---,23,26,---,73%,520,570,620,600,1130,1220,560,510,1050,31%,58%,42%,---,12%,4%,75%,1%,3%,---,5%,"$10,496","$31,550","$32,690","2,756","3,810","6,337","28,859",55%,86%,71%,"$4,788",31%,"$5,734","$17,475",$930,"$4,738","$2,896","$8,806","$5,444","$17,455","$8,109",73%,50%,6%,32%,17%,68%,39%,40%,41%,8%,17%,"$20,991","$19,755","$17,379","$14,115","$13,017",
University of Baltimore,MD,Baltimore,City: Large,173,No,No,86%,---,---,86%,2.89,No,---,---,---,---,---,---,---,---,---,---,---,---,---,---,---,---,---,---,---,---,---,---,---,---,530,540,580,530,1060,1110,520,480,1010,12%,68%,32%,---,9%,51%,26%,---,4%,---,10%,"$9,992","$23,984","$35,242",8,17,41,"1,292",20%,65%,33%,---,---,"$3,245","$17,253","$1,587","$4,445","$4,369","$5,686","$5,189","$10,655","$8,833",96%,96%,73%,50%,58%,96%,77%,38%,42%,4%,73%,"$21,327","$19,477","$17,265","$21,339","$14,900",
University of California-Berkeley,CA,Berkeley,City: Midsize,"124,245",No,No,11%,---,---,11%,3.9,No,37.70%,51.50%,0.40%,1.50%,---,---,0.30%,8.60%,---,---,---,---,---,---,---,---,---,---,---,---,---,---,---,---,---,---,---,---,---,---,---,---,---,---,57%,43%,---,25%,2%,22%,---,39%,---,12%,"$17,721","$55,323","$52,147","2,626","3,472","6,641","33,469",79%,97%,93%,"$13,175",4%,"$14,826","$16,997",$578,"$5,264","$12,470","$6,529","$4,463","$6,790","$25,951",61%,50%,14%,39%,24%,56%,46%,20%,21%,7%,25%,"$35,154","$18,713","$11,424","$7,751","$5,895",
University of California-Davis,CA,Davis,Suburb: Small,"98,869",No,No,42%,---,---,42%,4.04,Yes,68.53%,21.92%,0.41%,1.55%,---,---,0.04%,7.55%,---,---,---,---,---,---,---,---,---,---,---,---,---,---,---,---,---,---,---,---,---,---,---,---,---,---,60%,40%,---,29%,2%,23%,---,36%,---,10%,"$16,474","$50,324","$41,915","2,562","3,798","6,578","32,273",66%,93%,86%,"$8,659",7%,"$10,174","$17,315","$5,630","$5,397","$11,517","$6,182","$4,290","$5,153","$21,258",58%,51%,1%,41%,25%,55%,47%,22%,23%,9%,25%,"$31,258","$17,988","$12,304","$9,472","$8,594",
University of California-Irvine,CA,Irvine,City: Large,"122,706",No,No,29%,---,---,29%,---,---,---,---,---,---,---,---,---,---,---,---,---,---,---,---,---,---,---,---,---,---,---,---,---,---,---,---,---,---,---,---,---,---,---,---,58%,42%,---,31%,2%,15%,---,43%,---,10%,"$16,400","$54,002","$40,822","2,796","3,837","6,796","30,204",73%,94%,87%,"$12,649",7%,"$10,164","$14,647",$860,"$5,364","$11,446","$6,223","$4,573","$6,828","$21,533",71%,65%,19%,54%,35%,69%,56%,24%,25%,7%,35%,"$29,595","$16,809","$11,769","$8,044","$6,485",
University of California-Los Angeles,CA,Los Angeles,City: Large,"146,276",No,No,9%,---,---,9%,3.93,No,---,92%,1%,2%,---,---,---,6%,---,---,---,---,---,---,---,---,---,---,---,---,---,---,---,---,---,---,---,---,---,---,---,---,---,---,60%,40%,---,26%,4%,27%,---,32%,---,12%,"$14,824","$48,674","$38,682","2,598","3,960","6,585","33,471",85%,97%,93%,"$9,371",6%,"$11,285","$15,166","$1,950","$5,975","$11,535","$6,406","$4,696","$13,442","$22,441",60%,49%,6%,38%,26%,54%,43%,21%,21%,3%,26%,"$30,481","$17,250","$11,065","$8,731","$6,864",
University of California-Merced,CA,Merced,Rural: Fringe,"31,582",No,No,92%,---,---,92%,3.57,No,17%,18%,18%,20%,---,---,4%,23%,---,---,---,---,---,---,---,---,---,---,---,---,---,---,---,---,---,---,---,---,---,---,---,---,---,---,42%,58%,---,55%,5%,10%,---,24%,---,6%,"$15,243","$49,094","$42,402","1,149",847,"2,416","8,372",50%,82%,69%,"$7,832",25%,"$11,298","$13,232","$1,074","$5,625","$11,227","$5,023","$4,710","$11,238","$24,868",85%,81%,54%,75%,55%,85%,71%,31%,31%,1%,59%,"$30,561","$17,323","$11,594","$9,581","$8,572",
University of California-Riverside,CA,Riverside,City: Large,"57,714",No,No,77%,---,---,77%,3.83,No,33.90%,26.90%,3.10%,11.90%,---,---,0.40%,23.80%,---,---,---,---,---,---,---,---,---,---,---,---,---,---,---,---,---,---,---,---,---,---,---,---,---,---,54%,46%,---,41%,4%,11%,---,37%,---,7%,"$16,112","$53,714","$41,912","2,430","2,826","5,521","22,599",65%,88%,76%,"$5,791",7%,"$8,728","$13,533","$3,972","$5,693","$11,769","$5,468","$4,710","$15,303","$21,566",75%,70%,9%,62%,43%,74%,57%,33%,34%,2%,43%,"$29,624","$17,297","$12,449","$9,615","$8,240",
University of California-San Diego,CA,La Jolla,City: Large,"134,455",No,No,27%,---,---,27%,3.9,No,27.30%,52.50%,---,3%,---,---,---,17.20%,---,---,---,---,---,---,---,---,---,---,---,---,---,---,---,---,---,---,---,---,---,---,---,---,---,---,57%,43%,---,30%,2%,19%,---,39%,---,10%,"$20,406","$58,008","$44,811","2,972","3,870","7,005","34,955",73%,94%,86%,"$13,435",7%,"$11,334","$13,293","$4,413","$5,448","$11,710","$5,294","$4,057","$12,361","$24,176",70%,64%,5%,55%,40%,67%,56%,28%,29%,3%,40%,"$28,113","$17,131","$10,389","$7,864","$7,487",
University of California-San Francisco,CA,San Francisco,City: Large,---,---,---,---,---,---,---,---,---,---,---,---,---,---,---,---,---,---,---,---,---,---,---,---,---,---,---,---,---,---,---,---,---,---,---,---,---,---,---,---,---,---,---,---,---,---,---,---,---,---,---,---,---,---,---,---,---,---,---,---,---,---,---,---,---,---,---,---,---,---,---,---,---,---,---,---,---,---,---,---,---,---,---,---,---,---,---,---,---,---,
University of California-Santa Barbara,CA,Santa Barbara,Suburb: Midsize,"110,266",No,No,33%,---,---,33%,4.3,Yes,90.36%,6.14%,0.16%,0.43%,---,---,0.04%,2.86%,---,---,---,---,---,---,---,---,---,---,---,---,---,---,---,---,---,---,---,---,---,---,---,---,---,---,62%,38%,---,30%,2%,34%,---,21%,---,12%,"$16,950","$54,552","$43,362","1,861","3,031","5,043","23,181",70%,93%,83%,"$12,372",4%,"$10,142","$15,283","$1,499","$5,353","$11,579","$7,480","$4,326","$5,956","$21,732",58%,50%,7%,41%,28%,54%,44%,23%,24%,14%,28%,"$30,085","$16,839","$11,398","$8,910","$7,745",
University of California-Santa Cruz,CA,Santa Cruz,City: Small,"71,696",No,No,66%,---,---,66%,3.92,No,45.53%,33.31%,0.85%,3.93%,---,---,0.07%,16.31%,---,---,---,---,---,---,---,---,---,---,---,---,---,---,---,---,---,---,---,---,---,---,---,---,---,---,55%,45%,---,30%,2%,32%,---,25%,---,11%,"$16,503","$54,105","$42,258","1,881","2,310","4,381","17,940",61%,88%,75%,"$7,383",13%,"$10,748","$16,526","$1,875","$5,306","$11,654","$6,799","$4,547","$4,937","$21,564",71%,65%,1%,52%,32%,70%,57%,32%,35%,18%,32%,"$32,674","$18,786","$13,001","$10,114","$9,472",
University of Chicago,IL,Chicago,City: Large,"43,612",Yes,Yes,4%,---,---,4%,4.97,Yes,58.46%,30.07%,2.78%,1.76%,---,---,0.09%,6.85%,34,35,35,36,---,---,35,34,---,33,---,---,34,35,---,27%,740,760,780,800,1550,1570,790,770,1510,49%,45%,55%,---,20%,8%,36%,---,24%,---,12%,"$73,266","$73,266","$98,301",956,770,"1,626","7,519",87%,99%,96%,"$16,338",6%,"$55,101","$27,979","$3,990","$5,351","$7,200","$13,890","$5,213","$43,247","$58,877",53%,46%,17%,3%,17%,48%,45%,6%,7%,1%,17%,"$54,800","$12,816",$770,---,---,
University of Cincinnati-Main Campus,OH,Cincinnati,City: Large,"34,285",No,No,85%,---,---,85%,3.69,No,27.33%,20.81%,10.45%,14.85%,0.41%,0.02%,8.21%,17.79%,24,27,29,30,---,---,25,22,---,23,---,---,26,29,---,30.50%,570,620,670,700,1250,1360,630,590,1150,10.59%,50%,50%,---,6%,10%,73%,---,6%,---,6%,"$14,394","$29,728","$35,226","3,245","3,267","6,922","33,572",42%,85%,75%,"$6,387",62%,"$6,570","$21,511","$1,058","$5,180","$3,622","$9,613","$5,327","$17,916","$8,195",87%,68%,7%,12%,19%,84%,62%,49%,51%,13%,20%,"$26,573","$25,288","$20,607","$16,373","$15,108",
University of Colorado Boulder,CO,Boulder,City: Midsize,"57,541",No,Yes,81%,---,---,81%,3.76,No,41%,21%,5%,11%,1%,---,3%,19%,27,31,32,34,---,---,30,26,---,25,---,---,28,31,---,9%,580,670,690,700,1330,1420,660,570,1230,26%,50%,50%,---,14%,2%,70%,---,6%,---,8%,"$14,002","$43,622","$36,748","3,706","3,743","7,546","32,100",57%,89%,75%,"$10,363",75%,"$8,391","$22,640","$2,550","$5,339","$3,918","$10,773","$5,101","$27,144","$10,838",66%,54%,2%,12%,15%,64%,53%,29%,30%,7%,15%,"$30,549","$26,247","$17,204","$12,545","$11,251",
University of Colorado Colorado Springs,CO,Colorado Springs,City: Large,"13,147",No,No,97%,---,---,97%,3.41,No,19.20%,15.70%,11.90%,13.70%,5.30%,---,18.20%,15.90%,20,24,26,27,---,---,23,18,---,18,---,---,24,25,---,5.96%,510,580,620,600,1130,1240,550,500,1020,33.74%,55%,45%,---,21%,5%,59%,---,4%,---,9%,"$16,054","$30,606","$38,122",685,853,"1,747","9,302",28%,68%,47%,"$2,733",49%,"$3,720","$16,816","$2,843","$4,746","$5,445","$8,642","$5,000","$19,222","$6,698",85%,74%,4%,22%,26%,85%,63%,41%,43%,9%,28%,"$21,830","$20,289","$14,717","$11,986","$11,562",
University of Colorado Denver,CO,Denver,City: Large,"14,931",No,No,75%,---,---,75%,3.52,No,---,33%,13%,17%,2%,---,14%,21%,23,25,32,34,---,---,24,22,---,21,---,---,23,29,---,2%,490,560,620,600,1100,1220,540,490,980,23%,54%,46%,---,32%,8%,40%,---,12%,---,8%,"$13,253","$37,433","$37,711",596,689,"1,628","13,921",28%,73%,46%,"$3,299",73%,"$2,951","$15,303",$597,"$5,682","$4,611","$7,263","$4,989","$17,936","$8,079",90%,86%,26%,42%,41%,89%,83%,33%,34%,5%,41%,"$23,355","$22,700","$19,871","$17,083","$16,135",
University of Connecticut,CT,Storrs,Suburb: Large,"55,479",Yes,No,52%,---,---,52%,---,---,---,---,---,---,---,---,---,---,28,31,33,35,---,---,33,29,---,26,---,---,29,32,---,5%,610,660,710,730,1330,1420,670,600,1210,36%,61%,39%,---,18%,8%,54%,---,13%,---,6%,"$21,336","$44,004","$41,432","1,756","2,715","4,189","20,056",72%,92%,83%,"$12,975",51%,"$14,790","$22,324","$3,938","$5,489","$4,782","$9,724","$5,214","$23,209","$16,989",83%,75%,1%,5%,25%,83%,75%,46%,47%,9%,25%,"$31,886","$26,945","$18,705","$14,656","$13,936",
University of Delaware,DE,Newark,Suburb: Large,"39,741",No,Yes,69%,---,---,69%,3.98,No,51%,22%,2%,8%,---,---,1%,20%,28,29,32,35,---,---,30,27,---,26,---,---,27,32,---,2.80%,610,650,700,690,1290,1360,640,590,1200,19.10%,61%,39%,---,11%,6%,70%,---,6%,---,7%,"$17,660","$43,220","$37,884","1,589","2,485","4,548","19,287",73%,92%,83%,"$9,785",81%,"$11,692","$17,716",$985,"$4,962","$6,199","$10,817","$5,250","$25,162","$12,996",92%,87%,6%,17%,18%,92%,80%,55%,57%,13%,18%,"$25,310","$18,508","$12,857","$10,573","$9,354",
University of Denver,CO,Denver,City: Large,"18,785",Yes,Yes,77%,77%,---,77%,3.76,No,39%,24%,6%,11%,---,---,2%,18%,28,30,32,34,---,---,31,25,---,25,---,---,28,31,---,13%,610,670,700,690,1320,1410,650,580,1240,24%,56%,44%,---,15%,3%,69%,1%,4%,---,9%,"$63,246","$63,246","$85,194",582,743,"1,458","6,619",66%,89%,76%,"$26,775",91%,"$30,657","$43,324","$3,988","$5,312","$5,985","$8,652","$5,139","$26,767","$32,023",100%,99%,7%,6%,15%,99%,99%,35%,36%,5%,15%,"$46,428","$30,753","$28,981","$21,648","$20,820",
University of Florida,FL,Gainesville,City: Midsize,"73,557",No,Yes,24%,---,---,24%,3.92,No,53%,41%,---,1%,---,---,---,6%,29,31,33,35,---,---,32,28,---,26,---,---,28,32,---,40%,660,690,730,750,1390,1480,700,660,1300,80%,55%,45%,---,25%,5%,50%,---,13%,---,7%,"$6,381","$27,598","$24,181","3,376","4,099","6,762","36,573",75%,98%,91%,"$5,494",8%,"$5,447","$11,521",$826,"$5,107","$7,255","$6,562","$4,933","$22,023","$10,724",92%,88%,12%,83%,23%,91%,37%,10%,10%,1%,23%,"$15,571","$13,440","$8,189","$3,437","$2,387",
University of Georgia,GA,Athens,City: Midsize,"43,416",No,Yes,37%,---,41%,33%,4.14,Yes,81.87%,15.56%,0.20%,0.33%,0.08%,---,0.20%,1.76%,27,29,32,34,---,---,33,26,---,25,---,---,30,31,---,46.69%,620,640,710,710,1270,1390,630,600,1160,69.73%,61%,39%,---,8%,6%,68%,---,13%,---,5%,"$11,492","$32,336","$29,566","2,417","3,704","6,146","31,514",72%,95%,88%,"$2,793",9%,"$6,981","$16,303","$1,066","$4,937","$9,409","$7,031","$5,215","$17,445","$11,657",84%,83%,14%,74%,14%,84%,26%,20%,21%,2%,14%,"$17,846","$17,447","$14,400","$9,336","$7,897",
University of Hartford,CT,West Hartford,City: Midsize,"12,210",No,Yes,96%,---,---,96%,3.31,No,12%,17%,11%,15%,9%,8%,12%,23%,24,28,30,---,---,---,---,---,---,---,---,---,---,---,---,2%,570,610,660,650,1200,1280,590,550,1100,22%,62%,38%,---,20%,17%,52%,---,3%,---,8%,"$50,445","$50,445","$70,069",444,725,"1,311","4,223",47%,83%,62%,"$29,448",87%,"$29,130","$30,553","$2,880","$5,180","$3,209","$9,981","$5,463","$19,993","$31,717",97%,97%,15%,9%,35%,97%,97%,73%,73%,17%,35%,"$33,759","$30,873","$26,720","$24,564","$25,641",
University of Hawaii at Hilo,HI,Hilo,Town: Remote,"2,324",No,No,60%,---,---,60%,3.51,No,13.51%,21.92%,14.11%,14.11%,1.20%,---,13.21%,21.92%,15,19,22,22,---,---,18,14,---,15,---,---,17,20,---,43.73%,490,535,610,565,1035,1110,500,455,898,14.87%,59%,41%,---,17%,1%,21%,---,14%,10%,36%,"$8,258","$21,218","$25,710",129,188,367,"2,292",30%,73%,48%,---,---,"$4,445","$12,936","$1,900","$4,816","$3,730","$7,158","$4,776","$15,842","$7,454",84%,72%,4%,15%,42%,81%,57%,35%,36%,6%,42%,"$19,851","$14,862","$12,607","$9,707","$9,081",
University of Hawaii at Manoa,HI,Honolulu,City: Large,"16,722",No,No,87%,---,---,87%,3.68,No,27%,23%,10%,15%,---,---,5%,20%,20,24,27,24,---,---,20,16,---,17,---,---,20,24,---,2%,530,580,640,650,1120,1240,540,540,1020,1%,60%,40%,---,2%,2%,26%,1%,35%,18%,17%,"$12,402","$34,434","$33,078","1,152","1,754","3,042","15,375",44%,81%,64%,"$10,146",93%,"$5,663","$14,557","$1,919","$4,963","$1,897","$6,319","$4,950","$13,456","$7,540",79%,68%,4%,14%,24%,78%,63%,31%,32%,4%,24%,"$20,462","$16,795","$13,381","$9,971","$7,397",
University of Hawaii Maui College,HI,Kahului,City: Small,"14,523",No,No,84%,---,---,84%,---,No,---,---,---,---,---,---,---,---,---,---,---,---,---,---,---,---,---,---,---,---,---,---,---,---,---,---,---,---,---,---,---,---,---,---,57%,43%,---,15%,1%,14%,---,32%,7%,31%,"$3,284","$8,420","$29,126",91,120,---,"2,647",20%,50%,20%,---,---,"$2,273","$9,479",$938,"$3,592","$2,941","$7,500","$7,500",---,"$5,664",57%,54%,4%,23%,34%,55%,31%,1%,1%,---,34%,---,"$11,102","$11,251","$9,369","$8,584",
University of Hawaii-West Oahu,HI,Pearl City,Suburb: Large,773,No,No,95%,---,---,95%,3.5,No,18%,17%,14%,19%,1%,---,14%,17%,15,17,21,21,---,---,17,14,---,15,---,---,17,19,---,48%,450,580,570,510,1120,1210,540,450,1030,7%,64%,36%,---,1%,2%,9%,---,39%,31%,17%,"$7,728","$20,688","$33,530",71,125,238,"2,814",28%,78%,50%,"$2,366",20%,"$4,053","$11,881",$482,"$4,330","$2,478","$5,504","$5,087","$15,014","$7,163",72%,67%,7%,35%,31%,71%,59%,19%,19%,1%,31%,"$16,928","$13,331","$10,881","$6,161","$8,030",
University of Health Sciences and Pharmacy in St. Louis,MO,Saint Louis,City: Large,"1,155",Yes,Yes,75%,97%,88%,72%,3.65,No,---,---,---,---,---,---,---,---,21,23,28,27,---,---,22,20,---,20,---,---,23,26,---,25%,530,590,660,610,1150,1270,560,520,1050,26%,53%,47%,---,2%,14%,66%,---,10%,1%,7%,"$33,189","$33,189","$62,750",55,62,117,275,69%,63%,71%,"$12,649",83%,"$16,349","$33,392","$5,069","$4,747","$2,470","$10,583","$5,089","$17,165","$20,190",100%,100%,27%,15%,34%,100%,100%,69%,71%,23%,60%,"$36,448","$35,407","$29,440","$30,342","$27,383",
University of Idaho,ID,Moscow,Town: Distant,"13,443",No,No,76%,---,---,76%,3.47,No,7.14%,28.70%,12.41%,15.34%,2.84%,---,14.13%,19.44%,20,25,26,26,---,---,24,18,---,19,---,---,24,26.5,---,4%,500,547,630,600,1076,1200,529,490,950,53%,48%,52%,---,11%,1%,78%,1%,1%,---,7%,"$8,816","$29,784","$23,980","1,028",963,"1,869","9,574",43%,76%,59%,"$10,886",82%,"$10,139","$14,377",$584,"$4,896","$3,421","$5,676","$4,872","$11,807","$12,095",96%,95%,12%,21%,25%,96%,93%,37%,38%,3%,30%,"$18,322","$16,256","$12,902","$11,390","$9,930",
University of Illinois Springfield,IL,Springfield,City: Midsize,"2,430",No,Yes,86%,---,---,86%,3.34,No,2.30%,19.70%,12.40%,18.50%,4.20%,---,21.20%,21.60%,20.75,25,27,28.25,---,---,23,19.75,---,19,---,---,25,27,---,11.30%,480,540,610,590,1090,1210,550,460,1010,31.90%,58%,42%,---,12%,14%,63%,---,4%,---,6%,"$12,252","$22,017","$28,440",108,148,259,"2,309",41%,75%,52%,"$9,304",87%,"$9,495","$9,241",$399,"$4,812","$7,055","$5,279","$4,633","$11,627","$14,182",98%,96%,18%,47%,36%,98%,89%,37%,37%,2%,37%,"$15,232","$11,191","$7,999","$5,333","$4,473",
University of Illinois Urbana-Champaign,IL,Champaign,City: Small,"73,742",No,Yes,42%,---,---,42%,---,---,---,---,---,---,---,---,---,---,30,32,34,35,---,---,33,32,---,29,---,---,30,35,---,14.33%,680,690,750,790,1410,1510,720,700,1270,41.28%,50%,50%,---,17%,6%,44%,---,27%,---,7%,"$18,048","$38,400","$35,768","4,535","4,468","8,325","37,140",73%,95%,85%,"$5,756",24%,"$10,783","$14,297",$324,"$5,351","$7,583","$7,193","$4,972","$9,855","$17,524",61%,48%,10%,31%,22%,57%,45%,30%,30%,7%,22%,"$28,358","$20,205","$10,065","$5,955","$3,883",
University of Iowa,IA,Iowa City,City: Small,"27,770",No,No,84%,---,---,84%,3.83,No,32.95%,30.12%,5.16%,11.71%,0.08%,---,1.16%,18.82%,21,25,28,28,---,---,24,20,---,19,---,---,24,27,---,56.62%,570,610,670,660,1220,1320,610,560,1130,18.51%,60%,40%,---,9%,3%,75%,---,4%,---,8%,"$11,622","$33,710","$30,258","2,084","3,067","5,064","22,738",58%,90%,75%,"$6,075",67%,"$8,745","$20,121","$1,402","$4,972","$5,309","$10,038","$5,262","$18,217","$9,512",88%,74%,5%,1%,16%,86%,70%,46%,47%,13%,16%,"$24,580","$22,711","$20,136","$16,220","$13,811",
University of Kansas,KS,Lawrence,City: Small,"22,363",No,No,93%,---,---,93%,3.68,No,---,57%,8%,11%,2%,---,7%,15%,20,24,28,27,---,---,23,20,---,18,---,---,23,27,---,55.20%,540,590,650,650,1160,1290,570,530,1050,8.60%,56%,44%,---,6%,4%,11%,---,70%,6%,3%,"$12,453","$31,332","$29,651","2,308","2,961","5,259","22,085",55%,86%,69%,"$7,973",78%,"$9,441","$18,322",$792,"$4,963","$2,014","$7,351","$5,176","$14,425","$10,644",93%,89%,8%,15%,21%,93%,85%,42%,44%,7%,21%,"$21,310","$20,649","$16,097","$12,702","$10,908",
University of La Verne,CA,La Verne,Suburb: Large,"10,813",No,No,48%,---,---,48%,3.49,No,---,34%,13%,17%,2%,---,14%,19%,18,22,25,25,---,---,21,13,---,18,---,---,21,26,---,1%,510,560,650,653,1115,1303,555,460,970,6%,64%,36%,---,60%,7%,19%,1%,5%,1%,8%,"$49,550","$49,550","$65,780",235,411,743,"2,414",52%,77%,63%,"$24,781",90%,"$26,807","$27,216","$1,221","$4,935","$8,189","$6,769","$5,368","$7,940","$34,314",100%,98%,20%,58%,53%,100%,97%,61%,62%,11%,53%,"$44,064",---,"$54,632","$56,392","$26,754",
University of Lynchburg,VA,Lynchburg,City: Small,"6,948",Yes,No,43%,61%,---,42%,3.46,No,20.78%,11.87%,13.01%,15.07%,6.62%,---,14.84%,17.58%,22,---,27,25,---,---,---,20,---,19,---,---,---,25,---,0.91%,520,560,620,620,1100,1230,540,460,980,9.81%,52%,48%,---,8%,10%,65%,---,2%,---,15%,"$38,150","$38,150","$56,510",210,224,478,"1,595",51%,71%,57%,"$21,070",94%,"$20,620","$22,921","$2,329","$5,107","$4,352","$9,667","$5,485","$13,899","$25,972",100%,100%,25%,73%,32%,100%,100%,62%,74%,27%,56%,"$21,490","$19,594","$19,432","$18,616","$18,308",
University of Maine at Fort Kent,ME,Fort Kent,Rural: Remote,914,No,No,49%,---,---,49%,3.12,No,---,10%,28%,34%,12%,---,6%,8%,21,---,21,21,---,---,---,21,---,22,---,---,---,22,---,1.49%,---,---,---,---,---,---,---,---,---,---,57%,43%,---,3%,4%,82%,---,2%,---,9%,"$9,045","$14,325","$21,577",28,37,71,"1,466",23%,89%,34%,"$5,045",100%,"$4,252","$10,736",$618,"$4,566","$2,068","$6,371","$4,712","$10,369","$7,888",100%,98%,41%,51%,47%,98%,92%,51%,51%,8%,47%,"$15,699","$14,945","$11,580","$9,350","$6,655",
University of Mary Washington,VA,Fredericksburg,Suburb: Midsize,"5,124",Yes,Yes,80%,86%,92%,63%,3.75,No,---,49%,11%,12%,0.90%,---,10%,17%,27,26,31,34,---,---,26,27,---,24,---,---,25,27,---,4%,610,650,710,660,1240,1330,590,560,1140,26%,64%,36%,---,13%,8%,61%,---,5%,---,13%,"$15,290","$28,865","$34,450",257,464,758,"3,660",57%,84%,66%,"$5,488",102%,"$5,457","$21,615",$983,"$4,990","$7,552","$7,436","$4,838","$16,767","$8,901",99%,98%,9%,29%,21%,99%,98%,32%,33%,6%,21%,"$29,234","$26,300","$19,886","$12,388","$11,137",
University of Maryland-College Park,MD,College Park,Suburb: Large,"60,042",No,Yes,45%,---,---,45%,4.44,Yes,91.06%,4.41%,0.88%,0.90%,0.09%,---,0.58%,2.07%,32,33,35,35,---,---,34,33,---,29,---,---,32,35,---,6%,680,710,750,780,1460,1520,750,710,1370,37%,52%,48%,---,12%,13%,40%,---,25%,---,10%,"$12,290","$42,052","$33,360","2,790","2,984","6,197","31,133",76%,96%,89%,"$7,827",33%,"$8,807","$15,833",$778,"$5,383","$6,731","$9,453","$5,120","$25,222","$12,142",65%,52%,5%,21%,16%,62%,45%,22%,23%,4%,17%,"$26,239","$20,855","$12,237","$7,327","$3,603",
University of Massachusetts Chan Medical School,MA,Worcester,City: Midsize,---,---,---,---,---,---,---,---,---,---,---,---,---,---,---,---,---,---,---,---,---,---,---,---,---,---,---,---,---,---,---,---,---,---,---,---,---,---,---,---,---,---,---,---,---,---,---,---,---,---,---,---,---,---,---,---,---,---,---,---,---,---,---,---,---,---,---,---,---,---,---,---,---,---,---,---,---,---,---,---,---,---,---,---,---,---,---,---,---,---,
University of Massachusetts Global,CA,Irvine,City: Large,11,No,No,36%,---,---,36%,---,---,---,---,---,---,---,---,---,---,---,---,---,---,---,---,---,---,---,---,---,---,---,---,---,---,---,---,---,---,---,---,---,---,---,---,50%,50%,---,5%,13%,63%,1%,4%,---,14%,"$12,000","$12,000","$42,336",39,39,---,"5,511",---,42%,---,---,---,$775,"$31,715",---,"$3,942",---,"$6,442","$6,442",---,"$2,333",96%,45%,---,---,43%,61%,1%,30%,30%,---,43%,"$33,365","$33,080","$31,200","$32,490","$30,732",
University of Massachusetts-Amherst,MA,Amherst,Suburb: Large,"50,261",No,Yes,60%,---,64%,53%,4.04,Yes,59%,21%,1%,6%,---,---,1%,12%,30,31,33,35,---,---,32,29,---,27,---,---,29,31,---,0.30%,650,690,730,770,1390,1480,700,660,1300,22%,53%,47%,---,10%,5%,62%,---,15%,---,8%,"$18,487","$41,759","$37,813","2,528","2,847","5,286","23,920",75%,92%,83%,"$8,452",68%,"$10,214","$22,954",$876,"$4,935","$2,690","$9,229","$5,299","$21,699","$12,343",87%,75%,17%,19%,18%,78%,74%,47%,49%,9%,19%,"$31,297","$24,016","$16,738","$13,259","$11,103",
University of Massachusetts-Dartmouth,MA,North Dartmouth,Suburb: Midsize,"10,669",No,Yes,91%,---,99%,88%,3.29,No,16%,10%,14%,13%,10%,---,24%,13%,26,24,30,33,---,---,28,24,---,24,---,---,22,29,---,1%,530,580,640,630,1150,1260,570,520,1040,10%,51%,49%,---,14%,19%,56%,---,4%,---,7%,"$16,233","$33,782","$38,465",628,663,"1,376","5,731",38%,64%,52%,"$5,785",90%,"$6,446","$20,696",$667,"$4,908","$3,388","$7,592","$5,153","$14,051","$10,728",99%,96%,46%,54%,45%,97%,92%,77%,78%,14%,59%,"$26,993","$24,748","$19,022","$16,161","$14,122",
University of Miami,FL,Coral Gables,City: Small,"53,954",Yes,Yes,19%,48%,49%,6%,3.8,No,20%,42.40%,2.40%,8.80%,0.40%,---,1.20%,24.70%,30,32,33,35,---,---,33,30,---,27,---,---,29,32,---,19%,660,690,730,750,1400,1470,710,660,1330,33%,55%,45%,---,26%,8%,53%,---,5%,---,8%,"$65,430","$65,430","$98,118","1,099","1,366","2,328","13,250",72%,94%,82%,"$24,523",58%,"$34,289","$41,028","$2,984","$5,308","$8,343","$10,563","$4,212","$29,813","$36,720",81%,77%,10%,20%,13%,79%,75%,29%,31%,7%,13%,"$48,907","$26,355","$20,250","$19,645","$17,790",
University of Michigan-Ann Arbor,MI,Ann Arbor,City: Midsize,"98,310",No,Yes,16%,---,---,16%,3.9,No,38.80%,54%,0.40%,0.90%,---,---,---,5.70%,31,33,34,35,---,---,35,33,---,30,---,---,32,35,---,18%,680,720,750,780,1470,1530,750,680,1350,51%,56%,44%,---,13%,6%,51%,---,20%,---,11%,"$19,497","$66,203","$39,699","3,188","4,064","7,466","34,454",81%,97%,93%,"$4,538",25%,"$20,048","$19,005","$1,547","$5,582","$1,513","$9,814","$4,988","$26,357","$22,005",66%,55%,8%,10%,18%,61%,54%,23%,24%,5%,18%,"$26,787","$16,042","$8,756","$5,389","$4,926",
University of Minnesota-Twin Cities,MN,Minneapolis,City: Large,"41,496",No,Yes,80%,---,---,80%,---,---,---,---,---,---,---,---,---,---,26,29,31,33,---,---,28,24,---,25,---,---,28,31,---,33.32%,640,680,730,770,1400,1480,720,660,1310,8.20%,54%,46%,---,7%,11%,61%,---,14%,---,7%,"$18,482","$41,368","$36,504","3,399","3,912","6,736","41,303",75%,91%,85%,"$5,866",29%,"$6,389","$16,730",$604,"$5,448","$6,855","$10,378","$5,273","$15,893","$11,807",81%,62%,20%,30%,22%,77%,61%,40%,42%,14%,22%,"$26,623","$17,909","$10,861","$7,634","$7,262",
University of Mississippi,MS,University,Town: Remote,"33,363",No,No,97%,---,---,97%,3.5,No,27%,17%,11%,12%,4%,---,13%,16%,21,25,29,30,---,---,25,21,---,19,---,---,24,27,---,60.30%,510,560,610,590,1100,1210,540,490,1020,22.80%,59%,41%,---,6%,10%,78%,---,2%,---,4%,"$9,772","$28,600","$30,272","2,444","3,471","5,237","21,585",57%,87%,72%,"$10,714",63%,"$11,408","$14,946","$1,479","$5,596","$2,874","$10,200","$5,297","$22,994","$13,070",85%,78%,5%,24%,19%,85%,73%,32%,36%,8%,19%,"$20,769","$19,319","$15,525","$9,213","$8,030",
University of Nevada-Las Vegas,NV,Las Vegas,City: Midsize,"14,472",No,No,85%,---,---,85%,3.38,No,---,26%,16%,21%,2%,---,13%,23%,18,21,25,25,---,---,21,18,---,16,---,---,19,24,---,65%,510,560,630,610,1100,1230,540,500,980,9%,57%,43%,---,37%,10%,24%,---,17%,1%,11%,"$9,748","$27,411","$28,698","1,629","2,145","4,583","27,082",24%,79%,47%,"$3,209",62%,"$3,760","$11,388",$845,"$5,036","$1,905","$6,308","$4,814","$17,811","$7,580",95%,90%,15%,67%,47%,93%,76%,24%,25%,2%,47%,"$15,555","$14,169","$10,529","$8,679","$8,024",
University of Nevada-Reno,NV,Reno,City: Large,"17,679",No,Yes,74%,---,---,74%,3.44,No,4.10%,24.20%,17%,19.40%,1.60%,---,12.20%,21.20%,19,---,26,26,---,---,---,18,---,17,---,---,---,25,---,59%,540,---,650,640,---,---,---,520,---,14%,56%,44%,---,25%,3%,51%,1%,8%,---,12%,"$10,297","$28,930","$29,473","1,243","1,580","3,421","18,895",41%,80%,61%,"$2,300",76%,"$2,991","$16,801","$1,652","$4,941","$3,251","$6,810","$5,069","$12,568","$6,658",94%,92%,3%,66%,28%,93%,83%,33%,33%,5%,28%,"$20,739","$18,042","$15,116","$12,482","$12,126",
University of New England,ME,Biddeford,Suburb: Midsize,"4,958",No,Yes,92%,---,94%,89%,3.45,No,12.10%,14.10%,15.50%,18.80%,2.10%,---,10.90%,26.50%,---,---,---,---,---,---,---,---,---,---,---,---,---,---,---,---,---,---,---,---,---,---,---,---,---,---,67%,33%,---,4%,2%,85%,---,2%,---,6%,"$45,900","$45,900","$68,790",187,373,589,"3,884",61%,79%,68%,"$21,615",73%,"$20,648","$38,675","$1,716","$4,839","$2,181","$10,854","$4,112","$22,583","$22,036",100%,100%,10%,11%,21%,100%,100%,93%,93%,28%,22%,"$40,310","$35,033","$31,278","$33,547","$33,195",
University of New Hampshire-Main Campus,NH,Durham,Suburb: Small,"21,175",No,Yes,88%,---,---,88%,3.63,No,27.79%,18.54%,12.59%,15.32%,0.19%,---,9.94%,15.55%,26,29,30,32,---,---,29,24,---,24,---,---,26,27,---,1.84%,550,620,670,660,1220,1320,600,540,1120,22.69%,57%,43%,---,4%,1%,86%,---,3%,---,6%,"$19,682","$40,844","$39,482","1,124","1,477","2,607","11,365",67%,87%,76%,"$7,189",89%,"$12,949","$24,762","$1,412","$4,800","$1,259","$11,683","$5,239","$20,468","$13,831",96%,96%,15%,7%,16%,96%,95%,55%,58%,19%,16%,"$27,767","$23,182","$19,283","$16,981","$15,393",
University of New Haven,CT,West Haven,Suburb: Large,"21,764",Yes,Yes,60%,92%,---,60%,3.37,No,---,34%,14%,12%,1%,---,16%,23%,23,---,28,---,---,---,---,---,---,---,---,---,---,---,---,4%,540,600,645,620,1190,1260,590,520,1090,26%,65%,35%,---,22%,12%,54%,---,3%,---,8%,"$49,320","$49,320","$72,958",449,852,"1,296","4,903",55%,77%,62%,"$27,032",95%,"$27,094","$34,201","$1,964","$5,319","$2,119","$10,320","$5,659","$23,874","$29,671",100%,100%,15%,19%,34%,100%,100%,92%,92%,18%,34%,"$36,975","$35,868","$32,749","$29,345","$28,133",
University of New Mexico-Main Campus,NM,Albuquerque,City: Large,"13,026",No,No,79%,---,---,79%,3.38,No,13.50%,16.70%,15.80%,11.90%,3.10%,---,17.90%,20.80%,19,22,26,26,---,---,21,17,---,17,---,---,21,25,---,8%,460,520,600,570,1030,1160,510,430,900,48%,56%,44%,---,52%,3%,29%,6%,4%,---,6%,"$10,383","$33,532","$29,335","1,490","1,909","3,612","17,771",37%,75%,46%,---,---,"$3,826","$7,528","$2,395","$5,160","$8,644","$6,395","$5,580","$11,894","$12,252",100%,99%,6%,81%,40%,100%,74%,19%,19%,2%,40%,"$20,948","$20,679","$18,586","$15,609","$13,908",
University of North Carolina at Chapel Hill,NC,Chapel Hill,City: Small,"66,535",No,Yes,15%,---,19%,7%,4.49,Yes,97%,2%,---,1%,---,---,---,1%,28,32,34,35,---,---,33,27,---,26,---,---,30,33,---,41%,690,720,750,780,1470,1530,750,700,1370,28%,62%,38%,---,10%,8%,56%,---,17%,---,8%,"$9,096","$45,228","$27,706","1,750","2,882","4,699","21,075",83%,97%,91%,"$8,400",5%,"$11,706","$11,140",$891,"$5,473","$5,015","$8,243","$4,707","$7,725","$15,365",58%,38%,5%,18%,17%,46%,34%,18%,19%,10%,19%,"$24,077","$19,106","$11,220","$5,143","$3,165",
University of Northern Colorado,CO,Greeley,City: Midsize,"10,212",---,No,94%,---,---,94%,3.48,No,21%,17.90%,10.80%,14%,1.40%,---,18.60%,15.90%,21,22,26,28,---,---,21,20,---,19,---,---,19,25,---,2%,490,540,610,580,1070,1180,530,460,970,22%,68%,32%,---,27%,5%,60%,---,2%,---,6%,"$14,658","$26,886","$35,270",397,828,"1,229","6,480",37%,76%,52%,"$4,166",84%,"$5,686","$19,115","$3,747","$5,177","$4,837","$6,691","$5,450","$14,155","$8,773",96%,94%,3%,40%,30%,96%,82%,48%,50%,5%,30%,"$22,647","$19,842","$16,792","$15,864","$14,505",
University of Notre Dame,IN,Notre Dame,Suburb: Large,"29,942",No,Yes,11%,---,---,11%,---,---,---,---,---,---,---,---,---,---,33,34,35,---,---,---,---,---,---,---,---,---,---,---,---,29%,720,740,770,790,1500,1540,760,735,1440,29%,49%,51%,---,16%,5%,64%,---,6%,---,8%,"$67,607","$67,607","$89,245","1,059","1,023","2,075","8,880",89%,99%,95%,"$22,952",5%,"$49,591","$29,083","$1,995","$5,531","$7,046","$9,073","$4,098","$14,085","$51,128",68%,59%,14%,1%,14%,61%,58%,22%,25%,10%,15%,"$46,879","$20,449","$14,841","$6,216","$8,873",
University of Oregon,OR,Eugene,City: Midsize,"40,021",No,Yes,88%,---,---,88%,3.73,No,33.26%,20.85%,9.38%,12.75%,0.16%,---,6.75%,16.86%,23,27,30,31,---,---,26,22,---,20,---,---,25,27,---,5%,580,640,690,670,1240,1360,600,550,1130,8%,58%,42%,---,17%,3%,61%,1%,7%,---,11%,"$15,904","$43,919","$37,756","2,132","2,886","5,032","20,622",58%,86%,72%,"$6,601",57%,"$6,882","$23,917","$1,547","$5,256","$4,007","$7,618","$5,103","$27,969","$8,547",90%,85%,8%,14%,21%,89%,80%,34%,38%,4%,21%,"$29,475","$25,789","$19,030","$16,844","$15,975",
University of Pennsylvania,PA,Philadelphia,City: Large,"65,236",Yes,No,5%,14%,---,4%,3.91,No,58.88%,30.63%,0.05%,4.56%,0.09%,---,0.09%,5.29%,34,35,36,36,---,---,35,35,---,34,---,---,35,36,---,17%,740,750,770,800,1540,1570,790,770,1500,50%,54%,46%,---,13%,10%,30%,---,34%,---,12%,"$71,236","$71,236","$95,612","1,110","1,283","2,416","10,013",86%,99%,97%,---,---,"$56,764","$26,017","$3,979","$5,708","$4,866","$13,512","$5,054","$28,622","$59,721",62%,48%,12%,6%,19%,50%,47%,9%,12%,4%,19%,"$57,603","$29,302","$17,585","$4,759","$1,026",
University of Phoenix-Hawaii,---,Honolulu,---,---,---,---,---,---,---,---,---,No,---,---,---,---,---,---,---,---,---,---,---,---,---,---,---,---,---,---,---,---,---,---,---,---,---,---,---,---,---,---,---,---,---,---,---,---,---,9%,7%,5%,---,13%,9%,57%,---,---,---,---,---,---,24,---,---,---,---,---,---,---,---,"$5,167",---,---,---,---,---,---,---,---,---,---,---,---,---,---,---,---,---,---,---,---,---,
University of Portland,OR,Portland,City: Large,"8,289",No,Yes,89%,---,---,89%,3.69,No,---,46%,6%,17%,---,---,2%,29%,25,28,31,34,---,---,27,24,---,23,---,---,26,29,---,3%,580,650,670,700,1260,1356,610,580,1190,6%,70%,30%,---,22%,3%,39%,---,23%,1%,11%,"$60,100","$60,100","$80,906",209,499,729,"2,986",67%,88%,80%,"$29,685",100%,"$32,470","$34,951","$1,967","$5,293","$4,165","$8,587","$5,158","$23,545","$34,476",100%,100%,11%,11%,25%,100%,100%,48%,49%,7%,25%,"$43,754","$40,001","$32,078","$28,283","$24,994",
University of Providence,MT,Great Falls,City: Small,352,No,No,50%,---,---,50%,3.34,No,11%,18%,12%,8%,4%,---,17%,17%,15,18,23,20,---,---,16,14,---,16,---,---,19,24,---,17%,400,520,580,540,1000,1135,480,340,845,5%,59%,41%,---,6%,6%,72%,3%,5%,1%,7%,"$31,156","$31,156","$48,804",35,51,116,591,27%,71%,38%,"$15,083",23%,"$19,625","$21,175","$1,278","$5,333",---,"$8,058","$6,406","$13,577","$21,935",99%,97%,9%,---,39%,99%,97%,58%,60%,8%,39%,"$25,724","$25,482","$15,173","$19,896","$16,227",
University of Puget Sound,WA,Tacoma,City: Midsize,"5,239",Yes,Yes,72%,84%,---,72%,3.63,No,12%,34%,10%,14%,---,---,4%,25%,27,30,31,32,---,---,29,25,---,23,---,---,26,28,---,10%,610,670,710,670,1310,1390,640,560,1185,31%,57%,43%,---,11%,3%,66%,1%,7%,1%,11%,"$65,886","$65,886","$86,880",185,245,463,"1,594",53%,84%,68%,"$30,447",100%,"$31,340","$42,301","$2,844","$5,021","$6,337","$7,292","$5,201","$23,667","$33,161",100%,99%,16%,9%,16%,99%,99%,46%,52%,6%,16%,"$45,996","$37,880","$33,336","$29,663","$28,409",
University of Redlands,CA,Redlands,City: Small,"3,766",No,Yes,83%,---,88%,80%,3.75,No,35%,17%,11%,9%,---,---,8%,20%,21,28,28,32,---,---,25,20,---,23,---,---,27,28,---,3%,560,615,680,670,1205,1323,590,548,1078,16%,55%,45%,---,46%,5%,35%,1%,5%,---,9%,"$57,614","$57,614","$80,474",223,271,484,"2,045",55%,84%,67%,"$33,389",50%,"$37,302","$28,054",$946,"$5,185","$8,964","$7,437","$5,207","$5,124","$43,425",99%,98%,36%,45%,36%,99%,98%,53%,54%,25%,36%,"$32,855","$20,500","$20,649","$18,008","$21,520",
University of Richmond,VA,Richmond,City: Midsize,"16,152",Yes,Yes,22%,34%,23%,18%,3.81,No,22.25%,48.44%,1.08%,22.97%,0.24%,---,0.60%,4.31%,33,33,35,---,---,---,---,---,---,---,---,---,---,---,---,14%,700,720,750,780,1470,1530,750,710,1410,19%,55%,45%,---,6%,6%,9%,---,11%,1%,66%,"$67,840","$67,840","$88,390",381,459,833,"3,055",77%,91%,85%,"$51,205",20%,"$40,886","$35,263","$4,326","$5,151","$4,412","$9,640","$5,071","$28,805","$42,050",69%,64%,4%,14%,13%,68%,63%,32%,33%,5%,13%,"$47,669","$27,086","$15,818","$18,646","$11,026",
University of Rochester,NY,Rochester,City: Midsize,"21,384",Yes,No,40%,38%,---,40%,3.72,No,21.75%,33.31%,5.35%,14.27%,0.08%,---,0.85%,24.38%,32,33,34,35,---,---,34,33,---,30,---,---,32,34,---,6%,680,720,750,790,1480,1540,760,730,1400,19.10%,48%,52%,---,11%,7%,50%,---,23%,---,9%,"$70,482","$70,482","$93,580",678,635,"1,543","6,580",71%,91%,85%,"$17,238",48%,"$40,996","$40,900",$703,"$5,495","$3,187","$7,496","$4,185","$22,272","$41,700",75%,74%,19%,13%,20%,75%,71%,36%,39%,6%,21%,"$48,528","$29,822","$21,177","$16,102","$13,743",
University of San Diego,CA,San Diego,City: Large,"17,010",No,No,52%,---,---,52%,4.02,Yes,---,77%,1%,5%,---,---,1%,16%,---,---,---,---,---,---,---,---,---,---,---,---,---,---,---,---,---,---,---,---,---,---,---,---,---,---,64%,36%,---,30%,5%,46%,---,7%,---,11%,"$62,420","$62,420","$86,266",400,702,"1,245","5,851",69%,91%,84%,"$23,136",48%,"$34,067","$37,675","$1,006","$5,517","$9,307","$7,587","$5,294","$14,818","$37,444",86%,84%,21%,16%,21%,86%,84%,37%,38%,6%,21%,"$46,152","$28,397","$19,998","$18,083","$17,543",
University of San Francisco,CA,San Francisco,City: Large,"24,888",Yes,Yes,62%,49%,79%,55%,3.62,No,20.65%,24.24%,11.63%,15.87%,0.11%,---,8.26%,19.24%,25,29,30,33,---,---,30,26,---,24,---,---,26,28,---,2.61%,610,650,700,690,1300,1390,650,580,1210,12.39%,65%,35%,---,25%,9%,25%,---,29%,---,12%,"$62,312","$62,312","$86,337",321,597,"1,124","5,321",62%,84%,70%,"$25,966",92%,"$28,737","$44,104","$4,022","$5,241","$8,635","$8,735","$5,286","$25,017","$32,492",97%,97%,13%,19%,29%,97%,97%,53%,53%,7%,29%,"$48,576","$39,319","$34,211","$31,759","$31,741",
University of Silicon Valley,---,Sunnyvale,---,306,No,No,51%,---,---,51%,2.9,No,---,7%,13%,16%,18%,---,27%,9%,---,---,---,---,---,---,---,---,---,---,---,---,---,---,---,---,---,---,---,---,---,---,---,---,---,---,21%,79%,---,27%,9%,27%,1%,18%,---,18%,"$22,480","$22,480","$42,965",38,10,55,378,30%,58%,44%,"$4,500",67%,"$2,366","$30,602",$375,"$4,695","$6,317","$5,981","$5,981",---,"$7,089",92%,69%,31%,15%,44%,92%,64%,77%,77%,---,44%,"$34,376","$36,361","$27,593","$26,638","$28,028",
University of South Carolina-Columbia,SC,Columbia,City: Midsize,"52,703",No,Yes,60%,---,---,60%,3.69,No,16%,34%,6%,15%,---,---,1%,28%,26,29,32,34,---,---,29,25,---,24,---,---,27,30,---,15%,600,640,680,680,1270,1380,630,580,1180,29%,63%,37%,---,7%,10%,73%,---,4%,---,5%,"$12,688","$37,376","$37,778","2,724","4,542","7,319","30,187",69%,92%,79%,"$4,430",59%,"$2,982","$26,068","$1,928","$5,328","$5,799","$10,061","$5,383","$20,640","$6,762",95%,91%,6%,50%,19%,95%,71%,48%,49%,12%,19%,"$29,493","$26,936","$22,744","$17,602","$14,421",
University of Southern California,CA,Los Angeles,City: Large,"164,054",No,Yes,10%,---,---,10%,3.8,No,27.10%,51%,1.60%,4%,0.30%,---,0.70%,15.30%,32,33,35,35,---,---,35,33,---,29,---,---,33,35,---,12%,710,730,760,790,1510,1550,780,740,1440,30%,53%,46%,1%,26%,8%,28%,---,26%,---,12%,"$75,162","$75,162","$99,139","1,584","1,820","3,633","20,630",74%,96%,92%,"$4,430",59%,"$39,554","$41,496","$2,436","$5,417","$9,369","$9,085","$4,897","$38,338","$43,208",72%,68%,13%,14%,20%,69%,67%,25%,25%,3%,20%,"$56,347","$29,865","$18,993","$13,692","$15,470",
University of the Pacific,CA,Stockton,City: Large,"7,780",No,Yes,71%,---,---,71%,3.62,No,11.10%,36.34%,8.46%,15.12%,1.25%,---,4.58%,23.16%,23,28,32,33,---,---,28,23,---,24,---,---,26,31,---,5.23%,590,650,710,770,1300,1420,650,593,1160,21.18%,59%,41%,---,31%,3%,15%,---,36%,---,14%,"$58,844","$58,844","$81,799",314,445,773,"3,249",43%,88%,68%,"$27,838",91%,"$32,363","$30,975","$2,618","$5,354","$8,869","$6,964","$5,133","$24,633","$38,314",98%,98%,21%,39%,33%,98%,98%,48%,49%,4%,35%,"$38,104","$26,422","$20,169","$17,411","$17,716",
University of the Southwest,NM,Hobbs,Rural: Fringe,"15,201",No,No,76%,---,---,76%,2.63,No,---,---,---,---,---,---,---,---,15,---,20.5,---,---,---,---,---,---,---,---,---,---,---,---,30%,---,---,---,---,---,---,---,---,---,11%,38%,62%,---,63%,8%,20%,2%,---,---,6%,"$17,450","$17,450","$25,450",55,34,---,337,21%,53%,27%,"$7,500",64%,"$6,950","$20,438",$826,"$5,056","$1,875","$6,335","$5,641","$15,698","$9,786",98%,97%,24%,3%,52%,98%,92%,62%,62%,3%,52%,"$23,279","$22,814","$22,163","$18,554","$17,598",
University of the West,CA,Rosemead,Suburb: Large,4,No,No,100%,---,---,100%,---,No,---,---,---,---,---,---,---,---,---,---,---,---,---,---,---,---,---,---,---,---,---,---,---,---,---,---,---,---,---,---,---,---,---,---,33%,67%,---,21%,21%,7%,7%,36%,---,7%,"$14,718","$14,718","$32,796",2,1,4,43,6%,50%,44%,---,---,"$4,675","$11,137",$660,"$4,526","$6,788","$5,856","$5,856",---,"$13,807",100%,100%,80%,60%,80%,100%,80%,60%,60%,---,80%,---,"$24,245",---,"$11,639","$6,601",
University of Tulsa,OK,Tulsa,City: Large,"5,120",No,Yes,62%,---,---,62%,3.66,No,16.60%,22.30%,6.20%,14.70%,1.30%,---,3.50%,35.40%,25,28,34,35,---,---,29,25,---,25,---,---,27,34,---,51%,610,665,760,770,1335,1490,670,613,1150,23%,46%,54%,---,13%,8%,52%,4%,8%,---,15%,"$52,026","$52,026","$75,551",366,309,594,"2,852",60%,92%,72%,"$34,166",93%,"$36,801","$23,681",$498,"$5,555","$4,856","$7,827","$5,412","$18,398","$39,719",100%,100%,32%,18%,34%,100%,100%,42%,42%,6%,34%,"$30,755","$28,462","$23,340","$16,984","$17,809",
University of Utah,UT,Salt Lake City,City: Midsize,"26,822",No,Yes,86%,---,---,86%,3.67,No,10%,38%,7%,18%,---,---,2%,25%,22,25,29,30,---,---,25,21,---,21,---,---,8,28,---,38%,600,640,690,690,1280,1398,640,590,1180,10%,49%,51%,---,15%,1%,67%,---,6%,---,10%,"$10,848","$35,198","$38,885","2,967","2,891","5,560","28,064",36%,86%,65%,"$7,830",34%,"$11,284","$13,341","$1,008","$5,044","$1,672","$7,903","$5,078","$21,175","$12,148",79%,73%,6%,16%,18%,78%,67%,20%,21%,3%,18%,"$17,278","$16,886","$12,398","$10,667","$10,447",
University of Vermont,VT,Burlington,City: Small,"27,138",Yes,Yes,65%,94%,---,65%,3.75,No,---,59%,3%,12%,---,---,1%,25%,30,31,32,35,---,---,33,30,---,26,---,---,28,31,---,10%,660,680,730,710,1340,1420,660,630,1250,25%,62%,38%,---,6%,1%,84%,---,3%,---,7%,"$19,514","$47,554","$38,222","1,048","1,743","2,896","12,276",70%,89%,79%,"$18,070",88%,"$17,822","$22,062","$2,387","$4,904","$4,681","$10,346","$5,164","$18,831","$19,093",100%,100%,10%,9%,13%,100%,99%,45%,46%,13%,13%,"$28,049","$22,233","$17,261","$13,113","$11,958",
University of Virginia-Main Campus,VA,Charlottesville,Suburb: Small,"58,951",Yes,Yes,17%,28%,22%,9%,---,No,90.50%,6.80%,0.10%,0.30%,---,---,0.20%,2.10%,32,33,35,35,---,---,35,34,---,30,---,---,32,35,---,13.80%,700,730,760,780,1490,1530,760,710,1410,45.60%,57%,43%,---,8%,8%,51%,---,21%,---,12%,"$23,897","$62,923","$45,363","1,713","2,239","3,966","17,901",92%,98%,96%,"$5,894",3%,"$26,986","$17,831","$1,274","$5,211","$4,717","$10,002","$5,791","$15,735","$29,675",44%,28%,6%,10%,11%,37%,26%,17%,18%,5%,11%,"$34,777","$24,023","$14,658","$8,842","$10,123",
University of Washington-Bothell Campus,WA,Bothell,Suburb: Large,"5,172",No,Yes,91%,---,---,91%,3.55,No,3.58%,31.92%,12.43%,18.34%,0.36%,---,7.07%,26.30%,32,33,34,35,---,---,34,32,---,27,---,---,32,34,---,1%,560,650,700,770,1360,1470,710,610,1170,4%,47%,53%,---,11%,11%,29%,---,36%,---,13%,"$12,559","$41,913","$34,684",565,506,"1,186","5,472",48%,86%,65%,"$7,447",2%,"$4,433","$10,013",$554,"$5,307","$8,603","$5,125","$4,380","$19,949","$14,569",56%,46%,16%,43%,30%,55%,33%,19%,20%,1%,30%,"$23,389","$16,230","$8,059","$5,969","$5,081",
University of Washington-Seattle Campus,WA,Seattle,City: Large,"69,166",---,---,39%,---,---,39%,3.83,No,18.26%,56.60%,1.56%,5.65%,0.01%,---,0.31%,17.61%,28,---,33,---,---,---,---,27,---,26,---,---,---,32,---,4.21%,670,---,753,763,---,---,---,640,---,14.86%,56%,44%,---,12%,5%,38%,---,31%,---,14%,"$13,407","$44,640","$38,676","3,107","4,009","7,011","40,754",73%,95%,85%,"$4,035",16%,"$7,669","$11,023",$832,"$5,328","$8,815","$6,813","$4,745","$29,843","$14,390",55%,43%,14%,24%,17%,50%,40%,19%,19%,1%,17%,"$28,383","$17,234","$7,817","$6,601","$6,398",
University of Washington-Tacoma Campus,WA,Tacoma,City: Midsize,"4,068",No,Yes,83%,---,---,83%,3.44,No,2.77%,23.72%,16.09%,19.28%,0.28%,---,13.87%,23.99%,---,---,---,---,---,---,---,---,---,---,---,---,---,---,---,---,---,---,---,---,---,---,---,---,---,---,49%,51%,---,16%,12%,34%,1%,23%,1%,13%,"$12,817","$42,171","$33,247",344,333,666,"4,207",49%,80%,63%,"$3,413",69%,"$4,515","$11,290",$373,"$5,228","$8,795","$5,257","$4,613","$12,213","$13,521",85%,77%,24%,58%,42%,84%,68%,26%,27%,2%,42%,"$22,095","$16,772","$7,900","$5,936","$4,709",
University of Wisconsin-Madison,WI,Madison,City: Large,"65,933",No,Yes,45%,---,---,45%,3.9,No,52.70%,33.40%,0.90%,2.80%,---,---,0.10%,10.10%,29,30,33,34,---,---,31,28,---,27,---,---,29,33,---,35.10%,660,700,730,780,1450,1510,750,690,1360,14.70%,56%,44%,---,9%,3%,66%,---,12%,---,9%,"$12,166","$44,190","$29,377","3,768","4,722","7,964","39,083",75%,96%,90%,"$9,313",7%,"$12,811","$14,216","$1,344","$5,119","$2,698","$9,061","$5,182","$19,241","$11,350",60%,49%,7%,16%,17%,51%,32%,24%,26%,6%,17%,"$26,427","$21,123","$9,613","$5,268","$4,458",
University of Wyoming,WY,Laramie,Town: Remote,"6,217",No,No,97%,---,---,97%,3.55,No,12.80%,31.50%,11.40%,12.30%,2.40%,---,9.30%,20.40%,20,---,27,26.5,---,---,---,20,---,19,---,---,---,27,---,68%,520,---,650,620,---,---,---,510,---,15%,52%,48%,---,11%,1%,77%,1%,1%,---,10%,"$8,245","$24,865","$27,205",672,718,"1,463","8,130",39%,79%,59%,"$4,945",76%,"$4,905","$13,299","$1,632","$5,121","$4,584","$9,523","$5,072","$18,785","$8,761",94%,89%,8%,53%,22%,92%,83%,32%,34%,9%,23%,"$18,136","$15,315","$10,168","$7,618","$7,602",
Ursinus College,PA,Collegeville,Suburb: Large,"3,304",Yes,Yes,92%,96%,96%,86%,3.48,No,22%,16.10%,14.30%,11.40%,2.60%,---,15.10%,18.50%,28,31,31.5,34,---,---,31,29.5,---,24.5,---,---,26,31.5,---,3.20%,610,660,705,680,1280,1360,620,590,1160,23.30%,43%,57%,---,8%,10%,72%,---,3%,---,7%,"$62,164","$62,164","$82,884",214,164,405,"1,502",63%,87%,73%,"$37,777",94%,"$41,089","$31,625","$1,477","$5,235","$4,753","$9,699","$5,569","$18,779","$43,758",100%,100%,18%,24%,23%,100%,100%,79%,81%,18%,24%,"$34,705","$28,852","$27,644","$22,573","$21,992",
Utah State University,UT,Logan,City: Small,"20,871",No,No,92%,---,---,92%,3.55,No,11.03%,36.88%,8.06%,12.41%,4.26%,0.02%,8.94%,17.81%,20,24,28,28,---,---,23,19,---,18,---,---,23,27,---,72%,540,600,650,640,1180,1300,580,530,1060,13%,58%,42%,---,7%,1%,81%,2%,1%,---,8%,"$8,779","$25,657","$23,557","1,748","2,394","4,388","25,920",27%,71%,57%,"$4,784",77%,"$7,666","$15,825","$1,221","$6,819","$1,960","$6,288","$4,791","$14,694","$9,272",95%,93%,76%,19%,20%,95%,78%,18%,18%,2%,82%,"$17,671","$14,825","$11,599","$9,966","$9,601",
Utah Tech University,UT,Saint George,City: Small,"11,557",No,No,100%,---,---,100%,3.39,No,5%,28%,10%,15%,7%,---,13%,20%,---,---,---,---,---,---,---,---,---,---,---,---,---,---,---,---,---,---,---,---,---,---,---,---,---,---,64%,36%,---,14%,1%,75%,1%,1%,1%,6%,"$6,481","$18,713","$16,815",751,"1,351",---,"13,006",16%,68%,28%,"$3,919",148%,"$5,186","$15,488",$515,"$5,077","$2,310","$5,432","$4,685","$11,084","$6,661",94%,91%,7%,14%,28%,93%,81%,24%,25%,2%,28%,"$19,640","$18,288","$14,697","$12,352","$11,977",
Utah Valley University,UT,Orem,City: Small,"10,919",No,No,100%,---,---,100%,3.37,No,9.02%,31.27%,9.82%,13.77%,4.29%,0.16%,10.44%,19.59%,18,---,25,24,---,---,---,16,---,16,---,---,---,24,---,71.01%,---,---,---,---,---,---,---,---,---,---,55%,45%,---,1%,1%,14%,1%,77%,4%,2%,"$6,507","$18,489","$23,965","1,510","1,822",---,"45,812",17%,73%,40%,"$7,850",9%,"$3,816","$8,650",$441,"$5,537","$1,414","$6,538","$5,484","$12,532","$3,835",95%,95%,90%,15%,26%,95%,41%,10%,11%,1%,93%,"$14,064","$11,410","$8,871","$7,303","$6,381",
Utica University,NY,Utica,City: Small,"3,853",Yes,Yes,87%,94%,96%,82%,3.21,No,12%,17.70%,7.73%,19.45%,10.72%,---,20.94%,10.47%,---,---,---,---,---,---,---,---,---,---,---,---,---,---,---,1%,510,560,600,610,1130,1210,570,520,1030,11%,49%,51%,---,17%,8%,54%,1%,3%,9%,8%,"$28,480","$28,480","$46,892",219,211,577,"2,333",45%,70%,56%,"$6,562",94%,"$11,269","$22,510","$1,288","$4,767","$3,660","$13,361","$10,164","$14,441","$14,241",98%,97%,7%,36%,38%,98%,95%,74%,75%,17%,38%,"$27,736","$22,938","$19,670","$14,355","$16,485",
Vanderbilt University,TN,Nashville,City: Large,"45,409",Yes,No,6%,15%,---,5%,3.89,No,35.90%,53.10%,0.90%,2.20%,0.10%,---,0.60%,7.20%,34,35,35,36,---,---,35,35,---,32,---,---,34,35,---,24.60%,730,760,770,800,1540,1560,780,770,1510,27.40%,54%,46%,---,13%,10%,44%,---,21%,---,11%,"$71,226","$71,226","$97,374",744,886,"1,622","7,221",89%,96%,94%,"$29,973",19%,"$55,160","$26,689","$3,987","$5,161","$6,574","$11,345","$5,213","$33,591","$57,723",70%,66%,10%,9%,22%,67%,65%,9%,10%,2%,22%,"$42,754","$14,780","$6,211","$4,729","$5,797",
Vanguard University of Southern California,CA,Costa Mesa,City: Midsize,"3,417",No,Yes,65%,---,---,65%,3.4,No,8.60%,20%,12.40%,17.80%,4.50%,---,15.50%,21.20%,22,---,31,26,---,---,---,19,---,18,---,---,---,26,---,1%,460,---,610,560,---,---,---,450,---,7%,69%,31%,---,48%,5%,30%,---,4%,1%,11%,"$39,950","$39,950","$50,576",154,337,502,"1,964",51%,74%,56%,"$21,588",50%,"$22,127","$20,273","$1,000","$5,488","$8,556","$6,760","$5,650","$17,421","$29,955",100%,100%,19%,56%,50%,100%,100%,95%,95%,6%,50%,"$27,190","$19,543","$17,411","$14,528","$14,906",
Vassar College,NY,Poughkeepsie,Suburb: Large,"12,447",Yes,No,19%,31%,---,17%,---,---,---,---,---,---,---,---,---,---,33,34,35,---,---,---,---,---,---,---,---,---,---,---,---,12%,728,750,770,780,1510,1550,760,720,1435,31%,62%,38%,---,14%,4%,58%,---,12%,---,11%,"$74,265","$74,265","$96,020",250,408,689,"2,462",83%,95%,91%,---,---,"$51,757","$29,733","$2,939","$5,303","$3,185","$4,507","$2,687","$24,956","$53,840",68%,58%,7%,11%,21%,67%,57%,45%,45%,3%,22%,"$54,072","$30,066","$25,779","$19,653","$15,964",
Villanova University,PA,Villanova,Suburb: Large,"23,253",Yes,Yes,27%,54%,---,25%,4.27,Yes,83%,11%,1%,1%,---,---,---,4%,32,33,34,35,---,---,34,33,---,30,---,---,31,34,---,9%,685,720,740,770,1460,1510,740,710,1400,19%,56%,44%,---,12%,6%,69%,---,6%,---,7%,"$70,826","$70,826","$92,756",762,964,"1,740","7,006",89%,95%,92%,"$32,067",9%,"$41,041","$37,946","$1,487","$5,395","$4,186","$11,971","$5,331","$34,795","$42,948",65%,47%,10%,5%,12%,64%,47%,36%,37%,7%,12%,"$60,637","$34,285","$25,786","$31,248","$16,914",
Virginia Commonwealth University,VA,Richmond,City: Midsize,"21,194",No,No,92%,---,---,92%,3.63,No,26.29%,16.66%,13.16%,15.27%,0.26%,---,11.40%,16.93%,22,26,30,31,---,---,26,21,---,20,---,---,25,27,---,3.50%,530,600,650,650,1160,1270,560,500,1030,34.50%,65%,35%,---,12%,24%,39%,---,14%,---,10%,"$17,240","$39,714","$39,460","1,468","2,681","4,519","21,210",45%,85%,63%,"$5,637",64%,"$6,925","$22,852",$974,"$5,186","$7,178","$7,737","$5,256","$17,184","$12,433",100%,99%,12%,50%,33%,99%,99%,47%,49%,8%,34%,"$28,474","$20,633","$16,455","$13,612","$12,830",
Virginia Military Institute,VA,Lexington,Town: Distant,"2,066",Yes,No,71%,---,---,71%,3.59,No,21.20%,17.35%,14.56%,16.70%,1.29%,---,9.64%,19.27%,24,25,31,27,---,---,25,22,---,23,---,---,23,29,---,3.40%,550,590,630,640,1170,1260,580,500,1040,4.10%,17%,83%,---,11%,8%,71%,---,5%,1%,5%,"$21,366","$52,958","$37,316",368,77,469,"1,527",68%,81%,76%,"$18,975",118%,"$12,186","$17,229","$10,717","$4,893","$6,563","$8,998","$3,906","$22,772","$13,735",89%,81%,10%,17%,21%,85%,68%,63%,66%,15%,24%,"$25,359","$16,055","$10,551","$5,980","$3,152",
Virginia Polytechnic Institute and State University,VA,Blacksburg,City: Small,"52,296",No,Yes,55%,---,---,55%,4.09,Yes,67.44%,17.29%,1.51%,3.70%,0.09%,---,0.26%,9.64%,28,30,32,34,---,---,29,26,---,26,---,---,28,32,---,9%,640,660,710,740,1330,1420,670,640,1240,41%,45%,54%,---,10%,6%,60%,---,14%,---,9%,"$16,450","$38,310","$39,158","3,962","3,291","7,196","31,035",69%,93%,86%,"$3,288",20%,"$5,568","$22,205",$955,"$5,305","$5,120","$10,390","$5,390","$23,493","$8,542",69%,55%,8%,15%,15%,65%,55%,39%,41%,9%,16%,"$30,568","$26,533","$19,660","$14,891","$13,536",
Virginia University of Lynchburg,VA,Lynchburg,City: Small,"1,171",No,No,82%,---,---,82%,2.1,No,---,---,---,---,---,---,---,---,---,---,---,---,---,---,---,---,---,---,---,---,---,---,---,---,---,---,---,---,---,---,---,---,---,---,21%,79%,---,1%,91%,1%,---,---,---,8%,"$9,248","$9,248","$20,062",38,10,---,170,15%,75%,27%,---,---,"$2,495","$17,734",$781,"$5,639","$2,100","$8,563","$8,563",---,"$7,814",100%,98%,11%,3%,79%,98%,98%,90%,90%,---,87%,"$20,348","$21,581","$20,797","$17,084","$17,007",
Wabash College,IN,Crawfordsville,Town: Distant,"2,199",Yes,Yes,63%,86%,62%,62%,3.52,No,1.70%,23.10%,13.70%,30.80%,---,---,3.80%,26.90%,23,26,28,28.5,---,---,25,21.5,---,24,---,---,26,29,---,7.40%,520,590,620,650,1200,1300,610,540,1100,52.30%,---,100%,---,14%,5%,75%,---,1%,---,5%,"$52,400","$52,400","$71,050",256,---,229,866,70%,93%,77%,"$35,584",100%,"$35,964","$23,913","$1,821","$5,262","$7,365","$7,307","$5,251","$17,653","$38,864",100%,100%,9%,19%,26%,100%,100%,59%,59%,7%,26%,"$29,968","$19,613","$14,117","$15,820","$15,586",
Wake Forest University,NC,Winston Salem,City: Midsize,"18,727",Yes,Yes,22%,---,---,22%,---,No,---,---,---,---,---,---,---,---,32,33,34,35,---,---,35,34,---,29,---,---,31,34,---,25.70%,700,720,750,770,1460,1510,740,710,1390,22.20%,54%,46%,---,10%,7%,69%,---,6%,---,8%,"$70,332","$70,332","$97,584",671,793,"1,385","5,490",84%,93%,89%,"$22,826",3%,"$52,790","$27,790","$1,800","$5,554","$6,618","$9,868","$5,116","$35,113","$55,090",42%,34%,9%,4%,10%,37%,34%,13%,14%,2%,10%,"$54,447","$19,759","$12,769","$6,043","$11,554",
Walla Walla University,WA,College Place,Suburb: Small,"1,745",No,No,60%,---,---,60%,3.6,No,13.79%,34.80%,11.91%,11.91%,0.63%,---,9.09%,17.87%,21,---,27,28,---,---,---,20,---,18,---,---,---,25,---,12%,530,---,632,630,---,---,---,500,---,24%,48%,52%,---,25%,3%,53%,---,6%,1%,12%,"$34,227","$34,227","$49,302",164,154,---,"1,238",41%,85%,64%,"$14,948",99%,"$15,843","$26,001","$2,610","$4,847","$6,847","$7,636","$4,964","$4,602","$18,122",100%,100%,19%,9%,25%,100%,100%,54%,54%,32%,25%,"$28,840","$25,322","$21,728","$17,578","$17,833",
Walnut Hill College,---,Philadelphia,---,80,Yes,No,95%,98%,---,88%,---,---,---,---,---,---,---,---,---,---,---,---,---,---,---,---,---,---,---,---,---,---,---,---,---,---,---,---,---,---,---,---,---,---,---,---,55%,45%,---,13%,22%,43%,1%,4%,---,17%,"$20,670","$20,670","$20,670",19,23,42,127,87%,36%,87%,---,---,"$1,000","$31,989",---,"$5,500",$939,"$7,114","$6,454","$6,933","$3,441",97%,49%,---,22%,49%,88%,42%,88%,88%,8%,49%,"$34,088","$33,823","$34,114","$33,145","$32,533",
Warner Pacific University,OR,Portland,City: Large,825,No,No,59%,---,---,59%,3.25,No,---,---,---,---,---,---,---,---,15,---,20,---,---,---,---,---,---,---,---,---,---,---,---,61%,---,---,---,---,---,---,---,---,---,---,58%,42%,---,32%,12%,34%,2%,14%,2%,4%,"$22,220","$22,220","$43,259",10,14,26,350,26%,77%,41%,"$5,000",25%,"$7,574","$18,402","$1,140","$5,132","$4,764","$5,648","$5,648",---,"$14,619",100%,100%,44%,60%,64%,100%,100%,60%,60%,---,64%,"$25,835","$25,804","$17,090","$12,172","$15,816",
Warren Wilson College,NC,Swannanoa,Suburb: Large,942,Yes,Yes,78%,81%,92%,67%,3.7,No,32.70%,16.30%,10.20%,17.30%,1.50%,---,8.70%,13.30%,25,27,30,32,---,---,27,25,---,23,---,---,25,27,---,19%,---,---,---,---,---,---,---,---,---,1%,68%,29%,3%,7%,5%,80%,---,1%,---,6%,"$26,540","$26,540","$43,090",57,133,196,742,27%,70%,43%,"$17,885",75%,"$22,119","$27,913","$1,046","$4,996","$5,826","$5,961","$4,912","$15,166","$25,670",99%,99%,22%,28%,32%,99%,99%,57%,58%,4%,32%,"$31,599","$25,134","$15,474","$19,640","$19,447",
Wartburg College,IA,Waverly,Town: Distant,"2,543",No,Yes,99%,---,---,99%,3.6,No,17.40%,29.50%,7.96%,11.21%,3.24%,---,10.91%,19.76%,19,23,27,26,---,---,22,19,---,18,---,---,22,26,---,24%,490,515,605,630,1045,1235,530,488,978,4%,50%,50%,---,5%,5%,85%,---,1%,---,5%,"$51,040","$51,040","$67,703",214,210,424,"1,454",63%,80%,67%,"$28,699",99%,"$34,725","$23,321",$744,"$4,943","$7,266","$8,514","$5,555","$15,343","$38,519",98%,97%,27%,33%,26%,98%,97%,72%,72%,14%,28%,"$26,429","$22,654","$19,521","$16,390","$16,146",
Washington & Jefferson College,PA,Washington,Suburb: Large,"3,947",Yes,Yes,81%,55%,---,81%,3.56,No,13.20%,31.60%,10.40%,13.20%,0.80%,---,12.50%,18.30%,20,---,30,33,---,---,---,19,---,18,---,---,---,28,---,8%,---,---,640,610,---,---,---,500,---,37%,44%,56%,---,6%,6%,79%,---,2%,---,8%,"$30,180","$30,180","$46,981",226,176,314,"1,306",66%,81%,70%,"$13,987",72%,"$35,647","$26,051","$1,600","$5,102","$4,513","$9,922","$5,489","$15,787","$38,971",100%,100%,17%,32%,32%,100%,100%,75%,75%,21%,32%,"$28,860","$27,151","$22,139","$21,978","$21,102",
Washington Adventist University,MD,Takoma Park,Suburb: Large,"1,691",No,No,45%,---,---,45%,---,---,---,---,---,---,---,---,---,---,---,---,---,---,---,---,---,---,---,---,---,---,---,---,---,3%,400,480,590,510,920,1100,440,400,800,30%,44%,56%,---,28%,50%,5%,---,3%,1%,12%,"$26,604","$26,604","$41,604",58,45,106,605,21%,82%,49%,"$7,000",100%,"$11,468","$16,732","$1,000","$5,005","$9,900","$6,689","$6,689",---,"$17,861",98%,98%,51%,18%,67%,98%,98%,49%,49%,---,67%,"$19,295","$13,232","$15,195","$12,307","$15,209",
Washington and Lee University,VA,Lexington,Town: Distant,"8,213",Yes,No,14%,34%,---,12%,---,---,---,---,---,---,---,---,---,---,33,34,34,35,---,---,35,34,---,30,---,---,32,34,---,19.92%,710,730,760,780,1490,1530,760,720,1410,23.52%,51%,49%,---,9%,5%,74%,---,5%,---,6%,"$71,365","$71,365","$95,500",231,241,502,"1,886",89%,97%,94%,"$59,826",9%,"$60,797","$24,667","$3,958","$5,198","$6,302","$10,360","$5,090","$25,702","$58,323",69%,63%,10%,19%,13%,65%,57%,15%,18%,4%,13%,"$42,745","$9,222","$6,983",$887,$76,
Washington College,MD,Chestertown,Town: Distant,"4,048",Yes,Yes,57%,93%,---,56%,3.87,No,29.80%,21.51%,13.21%,13.21%,2.26%,---,5.28%,14.34%,27,28,31,---,---,---,---,---,---,---,---,---,---,---,---,2%,580,655,710,680,1265,1345,610,560,1185,12%,58%,42%,---,11%,9%,69%,---,3%,---,7%,"$56,988","$56,988","$78,946",110,155,230,923,61%,84%,65%,"$38,872",100%,"$33,880","$33,553","$1,917","$5,047","$9,044","$10,828","$5,216","$20,067","$36,593",100%,98%,13%,16%,21%,98%,98%,52%,54%,16%,21%,"$35,886","$31,138","$25,670","$18,675","$13,498",
Washington State University,WA,Pullman,Town: Distant,"25,462",No,No,87%,---,---,87%,3.44,No,3.70%,24.20%,17%,18.40%,0.90%,---,14.70%,21.10%,18,---,27,27,---,---,---,17,---,17,---,---,---,26,---,2%,500,---,630,640,---,---,---,490,---,5%,55%,45%,---,19%,3%,59%,1%,7%,1%,10%,"$13,888","$30,994","$32,460","1,932","2,329","4,249","21,455",41%,78%,61%,"$4,972",70%,"$5,471","$18,155",$383,"$5,057","$8,288","$7,247","$5,005","$18,988","$10,370",91%,87%,19%,36%,27%,90%,83%,30%,32%,4%,28%,"$24,472","$19,445","$12,308","$8,723","$7,147",
Washington State University-Vancouver,---,Vancouver,---,"1,438",No,No,81%,---,---,81%,3.44,No,3.20%,25.90%,15.70%,15.70%,1.40%,---,15.20%,22.90%,---,---,---,---,---,---,---,---,---,---,---,---,---,---,---,---,---,---,---,---,---,---,---,---,---,---,53%,47%,---,19%,2%,60%,---,9%,---,9%,"$12,310","$29,416","$35,228",168,190,---,"2,394",38%,66%,58%,---,---,---,---,---,---,---,---,---,---,---,---,---,---,---,---,---,---,---,---,---,---,---,---,---,---,---,
Washington University in St Louis,MO,Saint Louis,Suburb: Large,"32,754",Yes,No,12%,25%,---,10%,4.19,Yes,65%,24%,---,4%,---,---,---,7%,33,34,35,35,---,---,35,34,---,31,---,---,34,35,---,28%,730,750,770,800,1540,1570,790,770,1500,29%,53%,47%,---,14%,10%,44%,---,23%,---,9%,"$69,594","$69,594","$97,995",861,981,"1,828","8,220",85%,95%,94%,"$42,765",4%,"$57,007","$22,440","$5,535","$5,218","$3,696","$7,789","$4,975","$27,740","$61,036",54%,48%,12%,8%,20%,50%,48%,16%,16%,2%,20%,"$42,712","$19,344","$1,863","$2,321","$4,391",
Wayland Baptist University,TX,Plainview,Town: Remote,"1,939",No,No,56%,---,---,56%,3.26,No,3.57%,15.18%,15.63%,16.07%,7.59%,---,20.09%,20.98%,15.5,---,---,20.5,---,---,---,---,---,15,---,---,---,19.5,---,12%,420,---,500,510,---,---,---,410,---,29%,34%,66%,---,21%,14%,21%,1%,1%,2%,41%,"$23,902","$23,902","$38,506",214,110,289,"2,087",9%,44%,19%,"$10,691",64%,"$10,834","$20,222",$824,"$4,738","$4,015","$7,828","$5,065","$11,567","$14,541",98%,96%,28%,61%,48%,96%,82%,65%,66%,16%,48%,"$23,518","$22,676","$20,654","$18,314","$18,610",
Webb Institute,NY,Glen Cove,Suburb: Large,235,Yes,No,14%,18%,---,13%,3.9,No,64%,28%,---,4%,---,---,---,4%,32,---,34,---,---,---,---,---,---,30,---,---,---,35,---,20%,710,715,750,780,1480,1525,765,720,1390,80%,20%,80%,---,8%,---,76%,1%,2%,---,12%,"$65,305","$65,305","$83,690",20,5,27,106,88%,93%,88%,"$57,830",100%,"$56,612","$21,488","$1,000","$5,396",---,"$4,833","$4,833",---,"$56,652",100%,100%,4%,---,---,100%,100%,24%,24%,---,4%,"$20,065","$17,102",---,---,---,
Weber State University,UT,Ogden,City: Small,"12,531",---,---,100%,---,---,100%,3.36,No,---,29%,11%,15%,6%,1%,13%,21%,18,---,24,24,---,---,---,16,---,16,---,---,---,24,---,80%,---,---,---,---,---,---,---,---,---,---,60%,40%,---,13%,1%,76%,---,2%,1%,7%,"$6,557","$17,545","$18,721","1,179","1,761",---,"31,672",23%,68%,47%,"$5,468",133%,"$3,770","$11,572","$1,726","$4,827","$1,914","$5,744","$5,252","$10,467","$5,456",91%,83%,17%,7%,27%,84%,72%,17%,17%,1%,32%,"$14,750","$13,379","$11,076","$8,834","$8,396",
Weill Medical College of Cornell University,NY,New York,City: Large,---,---,---,---,---,---,---,---,---,---,---,---,---,---,---,---,---,---,---,---,---,---,---,---,---,---,---,---,---,---,---,---,---,---,---,---,---,---,---,---,---,---,---,---,---,---,---,---,---,---,---,---,---,---,---,---,---,---,---,---,---,---,---,---,---,---,---,---,---,---,---,---,---,---,---,---,---,---,---,---,---,---,---,---,---,---,---,---,---,---,
Wellesley College,MA,Wellesley,Suburb: Large,"8,714",Yes,No,14%,30%,---,12%,---,---,---,---,---,---,---,---,---,---,33,34,35,36,---,---,35,34,---,29,---,---,32,34,---,18%,730,750,770,790,1510,1550,760,730,1440,43%,100%,---,---,17%,10%,34%,---,30%,---,9%,"$70,144","$70,144","$96,490",2,581,573,"2,407",77%,97%,92%,---,---,"$59,412","$21,501","$2,000","$5,414","$3,340","$8,059","$3,613","$12,072","$61,549",60%,52%,10%,5%,19%,55%,52%,15%,21%,10%,19%,"$50,305","$24,314","$15,511",$634,"$5,695",
Wenatchee Valley College,WA,Wenatchee,City: Small,"62,428",No,No,43%,---,---,43%,---,---,---,---,---,---,---,---,---,---,---,---,---,---,---,---,---,---,---,---,---,---,---,---,---,---,---,---,---,---,---,---,---,---,---,---,52%,48%,---,49%,1%,36%,2%,1%,---,10%,"$4,183","$4,729","$12,640",191,206,---,"2,819",---,---,---,---,---,"$1,727","$11,977","$1,826","$4,812","$4,433","$4,420","$5,101","$1,528","$7,998",71%,68%,26%,50%,41%,69%,36%,4%,5%,1%,48%,"$17,815","$16,566","$12,650","$9,496","$8,791",
Wesleyan College,GA,Macon,City: Midsize,"1,384",No,No,62%,---,---,62%,3.28,No,6%,8%,25%,21%,4%,---,18%,18%,---,---,---,---,---,---,---,---,---,---,---,---,---,---,---,---,433,445,465,478,905,943,460,443,876,6%,100%,---,---,15%,40%,38%,---,1%,1%,6%,"$27,650","$27,650","$39,310",---,100,100,595,52%,75%,56%,"$18,330",81%,"$17,172","$15,621","$1,773","$5,604","$3,986","$6,557","$5,324","$6,256","$24,714",100%,100%,9%,89%,68%,100%,100%,70%,71%,15%,68%,"$20,958","$18,592","$16,475","$12,173","$13,364",
Wesleyan University,CT,Middletown,City: Small,"14,389",Yes,No,16%,38%,---,14%,---,---,---,---,---,---,---,---,---,---,31,34,34,35,---,---,35,33,---,28,---,---,32,33,---,17.33%,660,750,750,760,1510,1540,760,630,1450,40.61%,53%,47%,---,12%,7%,59%,---,10%,---,12%,"$73,128","$73,128","$96,546",388,437,782,"3,805",80%,95%,93%,"$20,553",---,"$61,883","$20,463","$2,982","$5,423","$3,000","$9,803","$3,739","$37,369","$64,709",43%,38%,11%,---,15%,41%,38%,13%,14%,2%,15%,"$50,788","$10,905","$10,310","$5,898","$4,432",
West Coast University-Los Angeles,---,Los Angeles,---,117,---,---,93%,---,---,93%,---,---,---,---,---,---,---,---,---,---,---,---,---,---,---,---,---,---,---,---,---,---,---,---,---,---,---,---,---,---,---,---,---,---,---,---,40%,60%,---,35%,3%,34%,---,21%,1%,6%,"$37,194","$37,194","$41,186",3,2,---,"2,687",100%,100%,100%,---,---,---,"$51,992",---,"$4,693",---,"$9,500","$9,500",---,"$6,645",100%,100%,---,---,100%,100%,---,100%,100%,---,100%,---,---,"$51,992",---,---,
West Coast University-Ontario,---,Ontario,---,5,---,---,40%,---,---,40%,---,---,---,---,---,---,---,---,---,---,---,---,---,---,---,---,---,---,---,---,---,---,---,---,---,---,---,---,---,---,---,---,---,---,---,---,56%,44%,---,50%,5%,13%,---,23%,1%,8%,"$37,194","$37,194","$41,186",4,5,---,"2,647",57%,83%,64%,---,---,---,"$47,027",---,"$4,782",---,"$20,577","$5,500","$30,154","$6,595",100%,33%,---,---,33%,100%,---,100%,100%,50%,33%,"$50,601",---,---,---,"$45,505",
West Coast University-Orange County,---,Anaheim,---,5,---,---,40%,---,---,40%,---,---,---,---,---,---,---,---,---,---,---,---,---,---,---,---,---,---,---,---,---,---,---,---,---,---,---,---,---,---,---,---,---,---,---,---,100%,---,---,36%,3%,14%,---,38%,1%,7%,"$22,685","$22,685","$25,181",---,5,---,"3,168",60%,86%,73%,---,---,---,"$36,263",---,"$4,443",---,"$12,746","$6,950","$28,982","$2,938",71%,43%,---,---,43%,71%,---,71%,71%,14%,43%,"$38,599","$38,599","$33,654",---,"$36,665",
West Los Angeles College,CA,Culver City,Suburb: Large,204,No,No,99%,---,---,99%,---,No,---,---,---,---,---,---,---,---,---,---,---,---,---,---,---,---,---,---,---,---,---,---,---,---,---,---,---,---,---,---,---,---,---,---,47%,53%,---,47%,23%,18%,---,4%,---,7%,"$1,238","$11,040","$35,645",193,170,---,"9,299",---,61%,---,---,---,---,"$9,426",$362,"$4,174","$2,801","$8,083","$8,083",---,"$6,817",70%,70%,63%,70%,49%,70%,---,1%,1%,---,65%,---,"$10,477","$8,381","$6,739","$6,841",
West Virginia University,WV,Morgantown,City: Small,"20,466",No,No,78%,---,---,78%,3.72,No,34.64%,16.59%,10.76%,9.34%,1.67%,0.16%,8.32%,18.48%,20,23,26,25,---,---,22,19,---,18,---,---,22,26,---,28.69%,510,570,620,600,1120,1240,550,490,1010,63.20%,48%,52%,---,5%,3%,84%,---,2%,---,6%,"$10,752","$30,432","$29,678","2,291","2,079","4,377","18,614",43%,81%,60%,"$8,274",89%,"$8,921","$13,691","$1,267","$5,057","$4,706","$9,830","$5,141","$17,840","$11,893",97%,93%,9%,39%,23%,93%,90%,54%,56%,15%,23%,"$17,130","$15,708","$12,379","$10,199","$9,217",
West Virginia Wesleyan College,WV,Buckhannon,Town: Remote,"1,408",No,No,95%,---,---,95%,3.52,No,---,---,---,---,---,---,---,---,18,21,23,24,---,---,21,17,---,17,---,---,20,23,---,25%,460,520,580,563,1020,1143,500,418,878,43%,47%,53%,---,6%,13%,73%,1%,1%,---,5%,"$34,090","$34,090","$50,400",161,145,307,938,37%,68%,50%,"$19,380",100%,"$22,764","$20,093",---,"$5,387","$5,110","$8,629","$7,127","$15,013","$27,358",100%,100%,---,42%,45%,100%,100%,73%,73%,7%,45%,"$24,477","$19,593","$16,406","$13,597","$12,553",
Western Colorado University,CO,Gunnison,Town: Remote,"3,115",No,No,100%,---,---,100%,3.45,No,---,41%,11%,12%,3%,---,15%,18%,22,25,26,27,---,---,23,21,---,20,---,---,24,24,---,7%,608,560,683,670,1100,1240,540,560,1000,10%,38%,62%,---,11%,3%,78%,1%,1%,---,5%,"$11,083","$23,683","$26,151",219,135,423,"3,149",33%,72%,47%,"$7,234",57%,"$5,492","$17,709",$463,"$4,736","$3,424","$6,208","$4,627","$13,188","$7,169",95%,92%,16%,25%,20%,95%,86%,42%,48%,8%,20%,"$21,621","$18,658","$15,090","$9,926","$10,573",
Western Governors University,UT,Salt Lake City,Suburb: Large,27,No,No,81%,---,---,81%,---,---,---,---,---,---,---,---,---,---,---,---,---,---,---,---,---,---,---,---,---,---,---,---,---,---,---,---,---,---,---,---,---,---,---,---,53%,47%,---,15%,13%,55%,1%,4%,---,11%,"$8,060","$8,060","$17,250",961,"1,066",---,"135,822",63%,62%,64%,---,---,"$1,265","$9,555",$869,"$4,217","$2,600","$4,022","$3,944","$5,351","$4,974",66%,52%,5%,6%,50%,66%,4%,50%,50%,1%,50%,"$14,297","$13,731","$10,666","$9,848","$9,358",
Western Nevada College,NV,Carson City,City: Small,"10,142",---,No,85%,---,---,85%,---,No,---,---,---,---,---,---,---,---,---,---,---,---,---,---,---,---,---,---,---,---,---,---,---,---,---,---,---,---,---,---,---,---,---,---,56%,44%,---,31%,2%,52%,2%,2%,---,10%,"$3,920","$12,019","$4,760",130,164,---,"4,188",---,---,---,$480,58%,"$1,615","$15,793","$1,067","$3,733","$2,551","$6,186","$6,186",---,"$5,172",81%,80%,6%,64%,41%,80%,34%,1%,1%,---,41%,"$19,595","$14,200","$12,655","$11,725","$12,311",
Western New Mexico University,NM,Silver City,Town: Remote,"1,501",No,No,100%,---,---,100%,2.98,No,---,---,---,---,---,---,---,---,---,---,---,---,---,---,---,---,---,---,---,---,---,---,---,8.80%,---,---,---,---,---,---,---,---,---,1.70%,51%,49%,---,58%,4%,28%,5%,---,---,4%,"$7,868","$14,354","$24,696",147,150,---,"2,630",10%,58%,26%,"$4,435",100%,"$7,937","$8,712","$1,775","$4,888","$8,573","$5,545","$5,468","$6,000","$11,879",99%,99%,12%,68%,54%,99%,35%,30%,30%,---,54%,---,---,"$12,883","$6,940","$7,881",
Western Oregon University,OR,Monmouth,Town: Fringe,"2,878",No,No,99%,---,---,99%,3.3,No,5.10%,22.80%,14.60%,13.30%,5.70%,---,21.40%,16.50%,21,23,26,27,---,---,23,22,---,18,---,---,18,25,---,1%,495,525,620,600,1010,1108,485,490,868,5%,63%,37%,---,26%,3%,58%,1%,3%,2%,8%,"$11,025","$30,735","$26,406",232,388,649,"3,343",30%,76%,45%,"$2,226",38%,"$3,982","$15,249",$845,"$5,206","$4,330","$5,765","$4,815","$12,656","$8,319",98%,90%,17%,37%,42%,98%,88%,92%,92%,7%,42%,"$20,906","$18,989","$17,265","$16,040","$16,131",
Western Washington University,WA,Bellingham,City: Small,"14,115",No,Yes,93%,---,97%,90%,3.43,No,4.70%,25.50%,13.20%,17.20%,2.60%,---,15.50%,21.20%,22,26,30,30,---,---,26,21,---,20,---,---,25,27,---,2%,580,640,680,640,1230,1350,590,530,1110,8%,56%,44%,---,11%,2%,70%,1%,6%,---,10%,"$9,942","$29,109","$34,266","1,287","1,661","3,184","13,752",40%,79%,65%,"$2,410",6%,"$3,996","$22,096",$770,"$4,720","$5,580","$7,171","$4,945","$15,684","$7,041",95%,93%,32%,30%,21%,94%,89%,32%,33%,5%,32%,"$25,698","$21,581","$16,177","$12,741","$11,416",
Westminster College,MO,Fulton,Town: Distant,"2,279",No,No,78%,---,---,78%,3.44,No,---,---,---,---,---,---,---,---,18,21,23,23,---,---,20,16,---,17,---,---,21,23,---,70%,410,530,580,540,1020,1120,490,470,880,8%,48%,52%,---,5%,7%,82%,1%,1%,---,5%,"$35,214","$35,214","$53,798",83,76,160,593,55%,63%,64%,"$15,396",94%,"$20,252","$26,780",$810,"$5,037","$2,595","$6,477","$4,940","$7,487","$23,501",98%,98%,13%,44%,42%,98%,97%,70%,70%,14%,42%,"$29,055","$26,042","$24,412","$23,593","$22,825",
Westminster College,PA,New Wilmington,Town: Fringe,"2,393",Yes,Yes,93%,89%,---,93%,3.62,No,30.86%,19.70%,10.79%,10.41%,0.74%,---,15.99%,11.15%,22,---,26,25,---,---,---,20,---,22,---,---,---,27,---,5%,613,---,678,578,---,---,---,573,---,1%,44%,56%,---,5%,6%,74%,---,1%,---,13%,"$39,470","$39,470","$54,100",150,118,310,"1,136",57%,81%,67%,"$28,792",98%,"$27,772","$21,089","$2,312","$5,131","$3,758","$8,700","$5,715","$13,789","$30,615",100%,100%,6%,34%,29%,100%,100%,75%,76%,17%,29%,"$23,986","$20,739","$19,699","$14,941","$19,065",
Westminster University,UT,Salt Lake City,City: Midsize,"2,964",No,Yes,67%,---,---,67%,3.65,No,20%,33%,8%,9%,3%,---,7%,20%,23,26,29,30,---,---,27,21,---,20,---,---,24,26,---,35%,540,680,670,640,1245,1378,565,530,1148,9%,54%,46%,---,14%,2%,69%,---,4%,2%,9%,"$44,980","$44,980","$65,486",89,103,228,842,51%,76%,64%,"$26,104",71%,"$26,955","$28,156","$2,000","$5,135","$2,071","$6,389","$5,487","$16,444","$28,677",100%,100%,10%,15%,23%,100%,100%,86%,86%,5%,23%,"$30,467","$26,189","$21,345","$19,820","$17,947",
Westmont College,CA,Santa Barbara,Suburb: Midsize,"2,483",No,Yes,77%,---,91%,67%,3.64,No,16%,36%,10%,11%,1%,---,7%,20%,25,32,32,33,---,---,34,22,---,20,---,---,28,28,---,8%,630,680,730,700,1335,1418,655,600,1212,20%,60%,40%,---,24%,3%,53%,---,5%,---,15%,"$55,724","$55,724","$76,374",122,180,320,"1,311",63%,85%,70%,"$27,116",99%,"$29,640","$36,412","$1,415","$5,222","$8,659","$7,472","$5,212","$5,197","$32,414",98%,97%,6%,20%,17%,97%,97%,55%,58%,29%,17%,"$39,455","$30,116","$24,081","$22,301","$24,220",
Wheaton College,IL,Wheaton,Suburb: Large,"1,866",No,Yes,90%,---,91%,88%,3.73,No,---,61%,5%,10%,---,---,2%,22%,27,30,32,35,---,---,32,28,---,25,---,---,28,30,---,19%,650,680,720,720,1350,1440,670,610,1260,26%,52%,48%,---,8%,3%,71%,---,10%,---,8%,"$43,930","$43,930","$59,670",264,289,553,"2,119",82%,94%,87%,"$18,567",93%,"$23,227","$31,346","$1,007","$5,082","$7,105","$6,748","$5,178","$20,874","$25,196",98%,98%,21%,9%,22%,98%,98%,49%,49%,4%,22%,"$35,320","$24,968","$20,430","$18,623","$17,966",
Wheaton College (Massachusetts),MA,Norton,Suburb: Large,"5,835",Yes,Yes,68%,43%,84%,57%,3.7,No,36%,16.10%,7.10%,14.70%,2.10%,---,6.20%,17.80%,29,31,33,35,---,---,34,32,---,25,---,---,27,30,---,3%,620,670,720,700,1310,1420,640,590,1210,21%,63%,37%,---,8%,5%,73%,---,4%,---,9%,"$63,740","$63,740","$79,940",186,321,522,"1,785",68%,82%,73%,"$36,088",95%,"$43,694","$31,638","$1,587","$5,158","$3,082","$7,794","$5,379","$19,675","$45,217",97%,96%,16%,12%,17%,97%,96%,79%,79%,10%,17%,"$35,859","$28,584","$25,454","$22,445","$19,884",
Whitman College,WA,Walla Walla,City: Small,"7,243",Yes,No,38%,19%,---,40%,3.69,No,12.94%,40.45%,6.47%,11.65%,---,---,4.53%,23.95%,29,30,33,35,---,---,31,33,---,26,---,---,29,30,---,7%,670,690,740,740,1360,1480,670,640,1270,9%,59%,41%,---,15%,3%,65%,---,6%,---,9%,"$66,610","$66,610","$83,540",156,228,444,"1,561",60%,89%,81%,"$21,981",95%,"$31,983","$41,601","$3,874","$5,076","$6,505","$5,491","$5,107","$9,631","$33,441",93%,92%,4%,8%,16%,93%,91%,40%,41%,2%,16%,"$47,254","$27,829","$28,426","$19,724","$19,307",
Whittier College,CA,Whittier,Suburb: Large,"4,393",No,Yes,83%,---,76%,85%,3.5,No,11%,28%,12%,16%,3%,---,11%,19%,---,---,---,---,---,---,---,---,---,---,---,---,---,---,---,---,---,---,---,---,---,---,---,---,---,---,53%,47%,---,59%,5%,22%,---,5%,---,8%,"$52,877","$52,877","$71,637",94,107,145,767,52%,66%,60%,"$28,904",93%,"$28,187","$32,436","$3,196","$5,059","$7,805","$6,611","$4,749","$21,150","$32,008",100%,99%,10%,28%,29%,100%,99%,57%,58%,5%,29%,"$35,090","$27,433","$28,096","$30,119","$22,678",
Whitworth University,WA,Spokane,Suburb: Large,"4,740",No,Yes,87%,---,93%,71%,3.74,No,30%,27%,6%,10%,---,---,5%,22%,21,25,29,30,---,---,24,20,---,20,---,---,24,26,---,5%,560,620,670,650,1210,1320,590,540,1100,20%,57%,43%,---,13%,3%,67%,---,4%,2%,11%,"$50,920","$50,920","$69,213",235,314,553,"1,939",65%,80%,76%,"$36,910",96%,"$33,485","$27,491",$502,"$5,339","$8,958","$7,186","$5,745","$19,231","$38,334",99%,98%,27%,34%,29%,98%,98%,58%,58%,4%,29%,"$33,339","$29,657","$20,336","$17,727","$16,492",
Wilkes University,PA,Wilkes-Barre,City: Small,"6,414",No,No,91%,---,---,91%,3.5,No,18%,23%,8%,10%,7%,---,13%,20%,20,22,29,27,---,---,22,18,---,17,---,---,22,27,---,2%,510,575,640,630,1135,1270,560,513,1023,27%,46%,54%,---,12%,6%,74%,---,3%,---,4%,"$44,742","$44,742","$61,292",273,235,513,"1,956",46%,74%,59%,"$28,646",55%,"$24,262","$28,508","$1,819","$5,032","$4,462","$10,731","$5,431","$15,465","$28,507",100%,100%,14%,42%,40%,100%,100%,82%,83%,29%,40%,"$31,745","$29,365","$26,339","$24,199","$23,760",
Willamette University,OR,Salem,City: Midsize,"3,832",Yes,Yes,77%,57%,87%,67%,3.85,No,51%,20%,4%,8%,---,---,1%,16%,28,30,32,---,---,---,---,---,---,---,---,---,---,---,---,12%,630,680,730,680,1320,1430,640,590,1220,25%,56%,34%,10%,15%,2%,66%,1%,4%,1%,11%,"$54,224","$54,224","$75,378",161,260,504,"1,683",61%,87%,71%,"$28,776",100%,"$32,780","$27,716","$2,809","$5,240","$3,963","$7,078","$5,092","$17,659","$34,396",100%,100%,12%,7%,18%,100%,100%,43%,43%,5%,18%,"$31,101","$24,618","$16,425","$14,977","$14,603",
William & Mary,VA,Williamsburg,Suburb: Small,"17,798",Yes,No,34%,47%,---,33%,4.36,Yes,89.20%,8.20%,0.10%,0.60%,---,---,---,1.90%,32,33,34,35,---,---,35,34,---,28,---,---,31,33,---,16%,710,730,760,770,1450,1510,720,690,1365,43%,60%,40%,---,9%,5%,64%,---,12%,---,9%,"$26,456","$52,154","$46,797",642,971,"1,619","7,063",84%,95%,89%,"$4,097",9%,"$17,871","$20,422","$3,931","$5,461","$10,467","$9,746","$5,930","$26,610","$20,908",54%,40%,2%,11%,9%,48%,38%,21%,25%,4%,9%,"$35,264","$20,439","$12,603","$6,407","$6,616",
William Jessup University,CA,Rocklin,Rural: Fringe,699,No,No,77%,---,---,77%,3.33,No,12%,18%,22%,13%,5%,---,19%,10%,---,---,---,---,---,---,---,---,---,---,---,---,---,---,---,---,---,---,---,---,---,---,---,---,---,2%,54%,46%,---,26%,6%,46%,2%,4%,1%,15%,"$36,000","$36,000","$50,756",85,101,190,"1,056",48%,69%,60%,"$18,716",2%,"$21,070","$28,171",$490,"$4,443","$6,947","$7,045","$4,898","$14,356","$25,059",99%,99%,35%,35%,34%,99%,97%,44%,45%,7%,35%,"$30,800","$25,613","$18,555","$22,404","$23,837",
William Jewell College,MO,Liberty,Suburb: Large,"1,929",No,No,38%,---,---,38%,3.56,No,11%,26%,9%,16%,1%,---,11%,26%,19,22,25,25,---,---,21,17,---,17,---,---,20,25,---,58%,490,510,570,550,1020,1120,510,470,960,4%,46%,54%,---,13%,8%,57%,1%,2%,---,19%,"$21,538","$21,538","$37,998",131,113,229,969,59%,74%,61%,"$9,883",82%,"$11,382","$17,408","$2,794","$5,057","$5,496","$6,810","$5,123","$10,569","$16,922",100%,100%,30%,56%,32%,100%,100%,47%,48%,8%,32%,"$23,742","$17,573","$11,954","$7,862","$9,227",
Williams College,MA,Williamstown,Town: Fringe,"15,411",Yes,No,8%,23%,---,7%,---,---,---,---,---,---,---,---,---,---,34,34,35,36,---,---,35,35,---,32,---,---,33,35,---,17%,740,760,780,790,1530,1560,770,750,1470,35%,51%,47%,2%,16%,7%,51%,---,14%,---,13%,"$72,510","$72,510","$94,450",261,278,541,"2,101",71%,97%,94%,---,---,"$61,503","$16,988","$3,957","$5,506","$3,507","$8,171","$5,167","$13,679","$64,176",67%,58%,10%,3%,19%,62%,58%,7%,10%,3%,19%,"$48,374","$8,825",---,---,---,
Winthrop University,SC,Rock Hill,City: Small,"7,552",No,No,79%,---,---,79%,4,No,---,---,---,---,---,---,---,---,20,23,27,---,---,---,---,---,---,---,---,---,---,---,---,14%,520,580,630,590,1120,1220,540,490,1010,31%,65%,35%,---,9%,33%,50%,---,2%,---,6%,"$12,214","$26,224","$32,060",314,583,867,"3,969",45%,74%,57%,"$4,292",82%,"$7,596","$16,838",$825,"$5,293","$6,410","$7,185","$5,493","$10,679","$14,600",100%,100%,25%,86%,45%,100%,83%,64%,66%,11%,47%,"$20,653","$19,267","$16,762","$13,395","$13,361",
Wittenberg University,OH,Springfield,City: Small,"2,956",Yes,Yes,91%,87%,94%,88%,3.5,No,24.10%,14.40%,11.50%,15.20%,3.70%,---,18.40%,12.30%,20,23,26,25,---,---,23,18,---,18,---,---,24,26,---,40%,533,600,630,610,1170,1260,570,533,1070,8%,43%,57%,---,5%,11%,73%,---,1%,---,10%,"$44,602","$44,602","$59,364",217,166,383,"1,288",47%,74%,54%,"$27,900",72%,"$32,039","$21,457","$1,200","$5,610","$4,213","$8,553","$5,566","$15,016","$35,071",100%,100%,16%,20%,37%,100%,100%,64%,65%,13%,37%,"$24,825","$22,410","$17,504","$14,344","$13,347",
Wofford College,SC,Spartanburg,City: Small,"4,459",Yes,Yes,52%,78%,---,51%,3.64,No,30.91%,18.74%,10.77%,12.65%,2.11%,---,10.54%,14.05%,27,28,31,34,---,---,29,26,---,24,---,---,8,29,---,21.55%,608,647,680,663,1281,1350,634,590,1200,26.23%,49%,51%,---,6%,7%,80%,---,3%,---,4%,"$60,255","$60,255","$81,201",218,207,510,"1,817",78%,91%,83%,"$28,527",71%,"$34,084","$31,061","$1,341","$5,343","$8,082","$7,684","$5,254","$20,986","$38,779",99%,99%,9%,53%,13%,99%,97%,45%,46%,6%,13%,"$34,845","$28,109","$22,432","$22,105","$14,804",
Woodbury University,CA,Burbank,City: Large,"1,312",No,No,73%,---,---,73%,---,No,3.42%,17.09%,18.80%,18.80%,2.56%,---,12.82%,26.50%,---,---,---,---,---,---,---,---,---,---,---,---,---,---,---,1%,---,---,---,---,---,---,---,---,---,---,65%,35%,---,31%,5%,43%,1%,13%,---,7%,"$47,056","$47,056","$62,292",36,68,107,825,31%,80%,55%,"$13,925",83%,"$21,165","$31,257","$1,250","$5,228","$8,063","$6,665","$5,467","$22,500","$27,165",99%,99%,10%,42%,46%,99%,99%,57%,58%,4%,46%,"$34,434","$29,628","$25,615","$27,418","$25,368",
Worcester Polytechnic Institute,MA,Worcester,City: Midsize,"12,559",Yes,Yes,60%,76%,69%,35%,3.9,No,63%,17%,2%,4%,---,---,---,14%,---,---,---,---,---,---,---,---,---,---,---,---,---,---,---,---,---,---,---,---,---,---,---,---,---,---,27%,73%,---,9%,3%,69%,---,13%,---,6%,"$63,046","$63,046","$84,346",995,370,"1,360","5,558",84%,94%,90%,"$22,761",100%,"$26,795","$47,799","$2,783","$4,996","$2,939","$14,606","$5,335","$14,838","$28,005",96%,95%,6%,12%,13%,95%,95%,52%,54%,34%,13%,"$51,567","$37,713","$29,195","$22,286","$23,870",
World Mission University,CA,Los Angeles,City: Large,---,---,---,---,---,---,---,---,---,---,---,---,---,---,---,---,---,---,---,---,---,---,---,---,---,---,---,---,---,---,---,---,---,---,---,---,---,---,---,---,---,---,---,80%,20%,---,35%,---,---,---,64%,---,1%,"$7,580","$7,580","$7,580",1,4,---,180,---,100%,33%,---,---,---,"$16,598",---,"$4,698",---,---,---,---,"$5,958",100%,100%,---,---,100%,100%,---,---,---,---,100%,---,---,---,---,"$16,598",
Wright State University-Main Campus,OH,Dayton,Suburb: Large,"8,855",---,No,96%,---,---,96%,3.47,No,20.82%,16.78%,11.60%,13.09%,7.91%,---,12.91%,16.48%,17,21,24,24,---,---,20,15,---,16,---,---,19,25,---,46%,447.5,520,630,640,1040,1230,520,460,913,4%,57%,43%,---,5%,12%,71%,---,3%,---,8%,"$10,370","$20,554","$24,648",742,964,"1,463","7,505",28%,68%,42%,"$7,293",84%,"$4,088","$15,400",$821,"$5,520","$3,129","$6,596","$5,364","$12,507","$7,890",94%,90%,25%,38%,42%,94%,84%,55%,56%,6%,42%,"$20,250","$19,191","$15,828","$11,722","$10,987",
Wyoming Catholic College,---,Lander,---,---,---,---,---,---,---,---,---,---,---,---,---,---,---,---,---,---,---,---,---,---,---,---,---,---,---,---,---,---,---,---,---,---,---,---,---,---,---,---,---,---,---,---,---,---,---,---,---,---,---,---,---,---,---,---,---,---,---,---,---,---,---,---,---,---,---,---,---,---,---,---,---,---,---,---,---,---,---,---,---,---,---,---,---,---,---,---,---,---,---,
Xavier University of Louisiana,LA,New Orleans,City: Large,"10,260",No,No,69%,---,---,69%,3.52,No,20.55%,13.86%,12.19%,18.64%,2.27%,---,14.81%,17.44%,19,21,24,25,---,---,21,19,---,17,---,---,20,23,---,46.13%,500,530,560,552.5,1050,1138,520,450,953,32.90%,78%,22%,---,4%,88%,1%,---,3%,---,4%,"$30,298","$30,298","$48,752",180,652,692,"2,688",38%,71%,48%,---,---,"$15,739","$17,874","$1,007","$6,088","$6,379","$6,235","$5,427","$16,839","$21,335",100%,100%,31%,26%,58%,100%,100%,63%,63%,3%,58%,"$25,054","$22,829","$19,008","$16,545","$15,365",
Yakima Valley College,WA,Yakima,City: Small,"4,740",No,No,87%,---,---,87%,---,---,---,---,---,---,---,---,---,---,---,---,---,---,---,---,---,---,---,---,---,---,---,---,---,---,---,---,---,---,---,---,---,---,---,---,63%,37%,---,62%,1%,26%,1%,1%,---,9%,"$5,079","$5,734","$18,954",206,350,---,"3,523",---,---,---,---,---,"$1,693","$12,326","$1,541","$4,272","$3,687","$5,335","$5,006","$6,950","$6,721",80%,74%,7%,64%,45%,75%,22%,5%,5%,---,45%,"$17,344","$14,200","$11,646","$9,655","$9,106",
Yale University,CT,New Haven,City: Midsize,"57,517",No,Yes,4%,---,---,4%,---,---,---,---,---,---,---,---,---,---,33,34,35,36,---,---,35,34,---,31,---,---,34,35,---,25%,730,760,780,790,1540,1580,780,740,1500,61%,50%,50%,---,19%,10%,35%,---,25%,---,10%,"$70,075","$70,075","$95,525",782,769,"1,641","6,814",57%,99%,96%,"$27,333",1%,"$56,357","$26,044","$3,991","$5,339",---,"$5,256","$5,256",---,"$59,076",57%,54%,10%,---,20%,56%,54%,6%,6%,---,20%,"$49,347","$17,004","$20,900","$19,744","$28,132",
Yeshiva University,NY,New York,City: Large,"1,665",Yes,---,56%,100%,---,53%,3.5,No,21.23%,18.77%,11.40%,14.39%,2.98%,---,11.23%,18.77%,29,31,33,34,---,---,33,30,---,26,---,---,28,32,---,16%,670,700,740,770,1410,1500,710,670,1320,19%,45%,55%,---,3%,---,61%,---,---,---,35%,"$53,150","$53,150","$77,325",310,255,646,"2,331",80%,92%,85%,"$25,536",89%,"$29,852","$38,118","$2,656","$5,212","$3,188","$6,267","$5,425","$3,024","$31,055",94%,94%,4%,7%,15%,94%,94%,21%,26%,15%,15%,"$69,117","$46,896","$29,934","$25,446","$27,089",
York College of Pennsylvania,PA,York,Suburb: Midsize,"4,933",Yes,No,94%,98%,---,94%,3.56,No,8.19%,20.21%,13.59%,14.98%,7.32%,---,15.33%,20.21%,22,25,28,25,---,---,23,20,---,23,---,---,26,28,---,3%,520,570,620,610,1130,1230,560,510,1030,43%,57%,43%,---,10%,8%,73%,---,2%,---,6%,"$25,588","$25,588","$40,078",349,455,805,"3,308",49%,77%,64%,"$9,906",95%,"$11,950","$21,036","$3,254","$5,000","$4,292","$8,855","$5,326","$13,043","$14,988",99%,98%,2%,29%,33%,99%,98%,67%,68%,19%,33%,"$24,092","$21,010","$18,388","$15,129","$14,792",